Domain,Have_IP,Have_At,URL_Length,URL_Depth,Redirection,https_Domain,TinyURL,Prefix/Suffix,DNS_Record,Web_Traffic,Domain_Age,Domain_End,iFrame,Mouse_Over,Right_Click,Web_Forwards
setaccess.webflow.io,0,0,0,0,0,0,0,0,0,1,0,1,0,0,1,0
sethsbananacam.com,0,0,1,3,0,0,0,0,0,1,0,1,0,0,1,0
snip.ly,0,0,0,1,0,0,0,0,0,1,1,1,0,0,1,0
the100prosystems.com,0,0,1,8,0,0,0,0,0,1,0,0,1,0,1,0
asabagreen.com,0,0,0,3,0,0,0,0,0,1,0,1,0,0,1,0
friendlycabdavis.com,0,0,1,8,0,0,0,0,0,1,0,1,1,0,1,0
nicolacirilli.it,0,1,0,1,0,0,0,0,0,1,0,1,0,0,1,0
mail.redik.com.au,0,0,1,4,0,0,0,0,0,1,1,1,0,0,1,0
stolizaparketa.ru,0,0,1,7,0,0,0,0,0,1,1,1,0,0,1,0
detes.sk,0,0,0,1,0,0,0,0,0,0,0,1,0,0,1,0
itaucomvoce.com,0,0,0,1,0,0,0,0,0,0,0,1,0,0,1,0
khairamakeup.co.id,0,0,1,7,0,0,0,0,0,1,0,0,0,0,1,0
pitchfork.com,0,0,1,3,0,0,0,0,0,1,1,1,0,0,1,0
deskjump.ml,0,0,1,4,0,0,0,0,0,1,1,1,0,0,1,0
pmm.ac.in,0,0,1,5,0,0,0,0,0,1,0,1,0,0,1,0
espace-client.net,0,0,0,1,0,0,0,1,0,0,0,1,0,0,1,0
gov.uk,0,0,1,3,0,0,0,0,0,1,1,1,0,0,1,0
fareast.qa,0,0,1,3,0,0,0,0,0,0,0,0,1,0,1,0
fifohbibou.blogspot.com,0,0,0,0,0,0,1,0,1,1,1,1,0,0,1,0
mail.oficinas-valencia.com,0,0,1,3,0,0,0,1,0,0,0,1,0,0,1,0
amazon.de.p122421.com,0,0,0,0,0,0,0,0,1,1,1,1,0,0,1,0
165.22.103.235,1,0,1,5,0,0,0,0,0,1,1,1,0,0,1,0
centromusicalpaternense.es,0,0,0,2,0,0,0,0,0,1,0,1,0,0,1,0
celebshine.com,0,0,0,1,0,0,0,0,0,0,0,1,0,0,1,0
mailgcccdeduowa.my-free.website,0,0,0,0,0,0,0,1,1,1,1,1,0,0,1,0
mathbariatimes.com,0,0,0,2,0,0,0,0,0,0,1,1,1,1,1,1
ebay.co.uk.2912168371646.bid,0,0,0,0,0,0,0,0,0,1,1,1,0,0,1,1
touristpeople.com.bd,0,0,1,6,0,0,0,0,0,0,1,1,0,0,1,0
paypal.a2fb.top,0,0,0,0,0,0,0,0,0,1,1,1,0,0,1,0
ronaldjamesgroup.co,0,0,1,5,0,0,0,0,0,1,0,1,0,0,1,0
bcpzonasegurabeta.viabcp.com.luckybonu.com,0,0,1,1,0,0,0,0,0,1,0,0,0,0,1,0
wer.joomla.com,0,0,1,2,0,0,0,0,0,1,0,1,0,0,1,0
hideuri.com,0,0,0,1,0,0,0,0,0,1,0,1,0,0,1,0
services.runescape.com-rss.me,0,0,0,0,0,0,0,1,0,1,0,1,1,1,1,1
waytoketo.com,0,0,1,4,0,0,0,0,0,1,0,1,0,0,1,0
paypalsigninfo.deisemelo.com,0,0,0,0,0,0,0,0,0,1,0,1,0,0,1,0
bgnmedtex.com,0,0,1,5,0,0,1,0,0,1,0,1,1,1,1,1
biced.iainbukittinggi.ac.id,0,0,0,3,0,0,0,0,0,1,0,0,0,0,1,0
mail.schoonheidssalonlafinesse.nl,0,0,1,2,0,0,0,0,0,1,1,1,0,0,1,0
icicibank.com,0,0,1,6,0,0,0,0,0,1,0,1,0,0,1,0
yadadikh.com,0,1,1,3,0,0,0,0,0,0,0,1,0,0,1,0
europa.eu,0,0,1,6,0,0,0,0,0,1,1,1,0,0,1,0
storage.googleapis.com,0,0,1,2,0,0,0,0,0,1,0,1,0,0,1,0
sknaquatech.com,0,0,1,5,0,0,0,0,0,1,0,1,0,0,1,0
desdeelamor.com,0,0,1,6,0,0,0,0,0,1,0,1,0,0,1,0
osool-eg.com,0,0,1,5,0,0,0,1,0,0,0,0,0,0,1,0
learnseo.co.il,0,0,0,1,0,0,0,0,1,1,1,1,0,0,1,0
afandoublu.gr,0,0,1,4,0,0,0,0,0,1,1,1,0,0,1,0
yoho.com.tw,0,0,1,4,0,0,0,0,0,0,0,1,0,0,1,1
arsalanconstructioncompany.com,0,0,1,3,0,0,0,0,0,1,0,0,0,0,1,0
pppossm2janm.godaddysites.com,0,0,0,0,0,0,0,0,0,1,0,1,0,0,1,0
sc4nemzytch.universe.wf,0,0,0,2,0,0,0,0,0,0,1,1,0,0,1,0
hixinsite.com,0,0,1,9,0,0,0,0,0,1,1,0,0,0,1,0
nordichairistanbul.com,0,0,0,2,0,0,0,0,0,1,1,0,0,0,1,0
chat-whatsapp-grub.freetcp.com,0,0,0,0,0,0,0,1,0,0,0,0,0,0,1,0
agro-hotel.com,0,0,0,1,0,0,0,1,0,1,0,1,0,0,1,0
pedestal.co.il,0,0,1,1,0,0,0,0,1,1,1,1,0,0,1,0
wilsonvaluation602-my.sharepoint.com,0,0,1,5,0,0,1,1,0,1,1,1,0,0,1,0
speedy.com.pk,0,0,1,4,0,0,0,0,0,1,0,1,0,0,1,0
freedomlandscape.net,0,0,1,5,0,0,0,0,0,1,0,0,0,0,1,0
betasusgiris11.blogspot.com,0,0,0,0,0,0,1,0,1,1,1,1,0,0,1,0
handmadebyamber.ca,0,0,1,3,0,0,0,0,0,1,0,1,0,0,1,0
solutionsksa.com,0,0,0,3,0,0,0,0,0,1,0,0,0,0,1,0
mailboxflixsupp.com,0,0,0,1,0,0,0,0,1,1,1,1,0,0,1,0
mpparagon.com,0,1,1,1,0,0,1,0,0,1,0,1,0,0,1,0
summerland.cl,0,0,0,1,0,0,0,0,0,1,0,1,0,0,1,0
amoory.com,0,0,1,1,0,0,0,0,0,1,0,0,0,0,1,0
malerikonservator.se,0,0,1,4,0,0,0,0,0,1,0,1,0,0,1,0
u1566201.ct.sendgrid.net,0,0,1,2,0,0,0,0,0,1,0,1,0,0,1,0
nef.com.pk,0,0,1,8,0,0,0,0,0,1,1,1,0,0,1,0
itsallaboutthetubmans.com,0,0,1,2,0,0,0,0,0,1,0,1,0,0,1,0
anjoe.com,0,0,0,3,0,0,0,0,0,1,0,1,0,0,1,0
baleshwerbabaonline.com,0,0,1,8,0,0,0,0,0,1,0,0,0,0,1,0
secureline-helpdesk.com,0,0,0,2,0,0,0,1,0,0,1,1,0,0,1,0
sucursalbancolombiapesonal.com,0,0,0,0,0,0,0,0,0,1,0,1,0,0,1,0
cartoworld.co.ke,0,0,1,3,0,0,0,0,0,1,1,1,0,0,1,0
getactive365.com,0,0,1,4,0,0,0,0,0,1,0,0,0,0,1,0
quarentenamagazine.com,0,0,1,2,0,0,0,0,0,1,0,1,1,1,1,1
jabezrealtyservices.com,0,0,1,3,0,0,0,0,0,1,0,1,0,0,1,0
berkshirelnp.org,0,0,0,3,0,0,0,0,0,0,0,1,0,0,1,0
ascmgpr.ir,0,0,0,2,0,0,0,0,1,0,1,1,0,0,1,0
pd-iskra-lj.si,0,0,1,5,0,0,0,1,1,1,1,1,1,0,1,0
wdestaques19.venhaaproveitaressanovidade.com,0,0,1,5,0,0,0,0,1,1,1,1,0,0,1,0
secure.informations.ninjamarketingman.com,0,0,1,2,0,0,0,0,0,1,0,1,0,0,1,0
fb-recovery-10000076923-it.tk,0,0,1,1,0,0,0,1,0,1,1,1,1,1,1,1
mall.ie,0,0,0,3,0,0,0,0,0,1,0,1,0,0,1,0
ducks.pt,0,0,0,2,0,0,0,0,1,1,1,1,0,0,1,0
grupocamco.cl,0,0,1,6,0,0,0,0,0,1,0,1,0,0,1,0
torcache.net,0,0,1,2,0,0,0,0,0,0,1,1,0,0,1,0
knu.edu.af,0,1,1,10,0,0,0,0,0,0,0,0,0,0,1,0
reginout.com,0,0,1,2,0,0,1,0,0,0,0,0,0,0,1,0
ingresovirtualcr.com,0,0,0,1,0,0,0,0,0,1,0,1,1,1,1,1
useablevarex.com,0,0,1,5,0,0,1,0,0,1,0,1,1,1,1,1
pontosvoegol.com,0,0,0,0,0,0,0,0,0,1,0,1,0,0,1,0
okseurope.com,0,0,0,2,0,0,0,0,0,1,0,1,0,0,1,0
presenteie-quem-merece.com,0,0,1,2,0,0,0,1,0,1,0,1,1,1,1,1
delgadaygordo.com,0,0,0,2,0,0,0,0,0,1,0,0,0,0,1,0
allegro.pl,0,0,1,2,0,0,0,0,0,1,0,0,0,0,1,1
1drv.ms,0,0,0,2,0,0,0,0,0,0,0,0,0,0,1,0
nymag.com,0,0,1,5,0,0,0,0,0,1,0,0,0,0,1,0
link-masuk-grup-bokep-terbaru-kk.000webhostapp.com,0,0,1,1,0,0,0,1,0,1,0,1,0,0,1,0
livetv.sx,0,0,1,3,0,0,0,0,0,1,0,1,0,0,1,0
candlesgarden.com,0,0,1,6,0,0,0,0,0,1,0,1,0,0,1,0
remycare.com,0,1,0,1,0,0,0,0,0,0,0,0,0,0,1,0
forms.office.com,0,0,1,2,0,0,0,0,0,0,1,1,0,0,1,0
csgoxfarm.com,0,0,0,0,0,0,0,0,0,1,0,1,0,0,1,0
nymag.com,0,0,1,10,0,0,0,0,0,1,0,0,0,0,1,1
genuinevivah.com,0,0,1,5,0,0,0,0,0,1,0,1,0,0,1,0
freevksticksssss.000webhostapp.com,0,0,0,0,0,0,0,0,0,1,0,1,0,0,1,0
ero-video.net,0,0,1,2,0,0,0,1,1,1,1,1,0,0,1,0
maigallery-vietnam.com,0,0,0,2,0,0,0,1,0,1,0,0,0,0,1,0
elvin-trade.kz,0,0,1,5,0,0,0,1,1,0,1,1,0,0,1,0
hm-onlineapplication.ga,0,0,0,0,0,0,0,1,0,1,1,1,1,1,1,1
ramrokaam.com,0,0,0,3,0,0,0,0,0,1,0,1,1,1,1,1
playarprint.com,0,0,0,2,0,0,1,0,0,1,1,1,0,0,1,0
cellidplus.com,0,0,0,5,0,0,0,0,0,1,0,1,0,0,1,0
paypal-rimborso.com,0,0,0,0,0,0,0,1,0,1,0,1,0,0,1,0
lnrpro.com,0,0,1,3,0,0,0,0,0,1,0,1,0,0,1,0
ringring.vn,0,0,1,1,0,0,0,0,1,0,1,1,1,0,1,0
wozapple.com,0,0,0,0,0,0,0,0,0,1,0,1,0,0,1,0
suncityfoaminsulation.com,0,0,0,1,0,0,0,0,0,1,0,1,0,0,1,0
kbagro.co.th,0,0,0,0,0,0,0,0,0,1,1,1,0,0,1,0
olariacassiel.com.br,0,0,1,4,0,0,0,0,0,1,1,1,0,0,1,0
firstcbuk.com,0,0,0,1,0,0,0,0,0,1,0,1,0,0,1,0
gulfeducationservices.com,0,0,1,4,0,0,0,0,0,0,0,1,0,0,1,0
w2mgqyeeato6a7.000webhostapp.com,0,0,1,1,0,0,0,0,0,1,0,1,0,0,1,0
newweb99841020lkm-com.preview-domain.com,0,0,1,1,0,0,0,1,0,1,0,1,0,0,1,0
thegioisport.com,0,0,0,2,0,0,1,0,0,0,0,1,0,0,1,0
secure.runescape.com-zx.ru,0,0,1,2,0,0,0,1,0,0,0,1,0,0,1,0
betasus-giir.blogspot.com,0,0,0,0,0,0,1,1,1,1,1,1,0,0,1,0
simbacorporation.com,0,0,1,3,0,0,0,0,0,1,0,1,0,0,1,0
createchsoft.com,0,0,0,4,0,0,1,0,0,0,0,0,0,0,1,0
login.live.com.skyhigh9157.ms-office-365-email.skyhigh9157.myshn.net,0,0,1,0,0,0,0,1,0,1,0,0,0,0,1,0
schaaf.ch.net2care.com,0,0,1,3,1,0,0,0,0,0,0,0,0,0,1,0
pearlfilms.com,0,0,0,2,0,0,0,0,0,1,0,1,0,0,1,0
thegioisport.com,0,0,1,2,0,0,1,0,0,0,0,1,0,0,1,0
emotivaodontologia.com.br,0,0,1,2,0,0,0,0,0,1,1,1,0,0,1,0
novageracaotransportes.com.br,0,0,1,3,0,0,0,0,0,1,1,1,0,0,1,0
night-kingdom.mysteria.cz,0,0,1,1,0,0,0,1,0,0,0,1,0,0,1,0
docs.google.com,0,0,1,5,0,0,0,0,0,1,1,1,0,0,1,0
vkontaktee.byethost4.com,0,0,0,0,0,0,0,0,0,1,0,1,0,0,1,0
xn--72ca8ce9ah4dwbp9a8jnd.com,0,0,1,5,0,0,0,1,0,1,0,1,0,0,1,0
kickass.to,0,0,1,1,0,0,0,0,0,1,1,1,0,0,1,0
gmailerstellen.de,0,0,0,0,0,0,0,0,0,1,1,1,0,0,1,0
megogo.net,0,0,1,3,0,0,0,0,0,1,0,1,0,0,1,0
pagesyouraccount.cloudns.asia,0,0,0,1,0,0,0,0,0,1,1,1,0,0,1,0
demo.mkt.exoret.com,0,0,0,0,0,0,1,0,1,1,1,1,0,0,1,0
nf3ftix-refu31paym.com,0,0,0,1,0,0,0,1,0,1,0,1,1,1,1,1
fr.imsly.com,0,0,1,2,0,0,0,0,0,0,0,1,0,0,1,0
abano5.ge,0,0,0,1,0,0,0,0,0,1,1,1,0,0,1,0
vanillaprepaycard.com,0,0,0,0,0,0,0,0,0,1,0,1,1,1,1,1
americamegapromoco.com,0,0,1,2,0,0,0,0,0,1,0,1,0,0,1,0
verificare.sella.corporateportal.aggiorniituoidati.com,0,0,1,4,0,0,0,0,0,1,0,1,1,1,1,1
vardhaman.org,0,0,1,5,0,0,0,0,0,0,0,1,0,0,1,0
gwisalltrack.com,0,0,1,2,0,0,0,0,0,0,1,1,0,0,1,0
edoism.com,0,0,0,4,0,0,0,0,1,1,1,1,0,0,1,0
squads.com.au,0,0,0,2,0,0,0,0,0,1,1,1,0,0,1,0
oncopharma-ae.com,0,0,0,2,0,0,0,1,0,1,0,1,0,0,1,0
jugem.jp,0,0,1,2,0,0,0,0,0,1,1,1,0,0,1,0
honestum-hk.xyz,0,0,1,3,0,0,0,1,0,1,1,1,1,1,1,1
aapj-bbempresarial.com,0,0,1,1,0,0,0,1,0,1,1,1,0,0,1,0
kunstpris.dk,0,0,1,4,0,0,0,0,0,1,0,1,0,0,1,0
pacoboats.com,0,0,1,4,0,0,0,0,0,1,0,1,0,0,1,0
oneminuteadvantage.com,0,0,1,4,0,0,0,0,0,0,0,1,0,0,1,0
maxvirtude.com.br,0,0,0,2,0,0,0,0,0,1,1,1,0,0,1,0
caixaeconomicafederal.epizy.com,0,0,0,0,0,0,0,0,0,1,0,1,0,0,1,0
getpocket.com,0,0,1,4,0,0,1,0,0,1,0,1,0,0,1,0
locksmail.com,0,0,1,6,0,0,0,0,0,0,1,1,0,0,1,0
cartoworld.co.ke,0,0,0,2,0,0,0,0,0,1,1,1,0,0,1,0
170.84.83.54,1,0,0,0,0,0,0,0,0,1,1,1,0,0,1,0
korea-collagen.com,0,0,0,1,0,0,0,1,0,1,0,1,0,0,1,0
epg.unas.edu.pe,0,0,1,7,0,0,1,0,1,0,1,1,0,0,1,0
kshconsultingllc.com,0,0,0,2,0,0,0,0,0,1,0,1,0,0,1,0
dhlaexpdeliver.com,0,0,0,1,0,0,0,0,0,1,0,1,1,1,1,1
cloudserver009964.home.pl,0,0,1,6,0,0,0,0,0,1,0,1,0,0,1,0
ettalee.com,0,0,0,1,0,0,0,0,0,0,0,1,1,0,1,0
shortlink.net,0,0,0,1,0,0,0,0,0,0,0,1,0,0,1,0
depositphotos.com,0,0,1,2,0,0,0,0,0,1,0,1,0,0,1,0
ganhar.giftgratis.online,0,0,0,0,0,0,0,0,0,1,0,0,0,0,1,0
adventures9.com,0,0,0,1,0,0,0,0,0,1,0,0,0,0,1,0
betindianasports.com,0,0,1,3,0,0,0,0,0,1,0,0,0,0,1,0
wezcollege.edu.pe,0,0,1,3,0,0,0,0,1,1,1,1,0,0,1,0
betasus2021.blogspot.com,0,0,0,0,0,0,1,0,1,1,1,1,0,0,1,0
showmore.a3579.com,0,0,1,1,0,0,0,0,0,1,0,1,0,0,1,0
eiepl.com,0,0,0,4,0,0,0,0,0,1,0,0,0,0,1,0
smart.lce9v.com,0,0,1,1,0,0,0,0,0,1,0,0,0,0,1,0
bymckenzieerin.com,0,0,1,4,1,0,0,0,0,1,0,1,0,0,1,0
update.troyvanspanje.com,0,0,1,1,0,0,0,0,0,1,0,1,0,0,1,0
nesn.com,0,0,1,3,0,0,0,0,0,1,0,1,0,0,1,0
www14.aqui-no-digital.com,0,0,1,6,0,0,0,1,1,1,1,1,1,1,1,1
infopublishersassociation.com,0,0,1,8,0,0,0,0,0,1,0,1,1,0,1,0
tachegandodiasdasmae.com,0,0,1,2,0,0,0,0,0,1,0,1,0,0,1,0
zasobygwp.pl,0,0,1,1,0,0,0,0,0,1,0,1,0,0,1,0
sanoltechnologies.com,0,0,0,3,0,0,0,0,0,0,0,1,0,0,1,0
secured.suntrust.int-groups.com,0,0,0,0,0,0,0,1,0,1,0,1,0,0,1,0
dawanasaiacademy.in,0,0,1,5,0,0,0,0,0,1,0,0,0,0,1,0
saipropertiespune.com,0,0,0,1,0,0,0,0,0,1,0,1,1,0,1,0
communityreview.info,0,0,1,2,0,0,0,0,0,1,0,0,0,0,1,0
algertzharri.com,0,0,0,3,0,0,0,0,0,1,0,1,1,0,1,0
sppiscina.com,0,0,0,0,0,0,0,0,0,1,0,1,0,0,1,0
nationwide-com.com,0,0,1,2,0,0,0,1,0,1,0,1,0,0,1,0
rigoniemedeiros.com.br,0,0,0,2,0,0,0,0,0,1,1,1,0,0,1,0
cuny620-my.sharepoint.com,0,0,1,7,0,0,1,1,0,0,1,1,0,0,1,0
87.138.95.150:8080,1,0,0,1,0,0,0,0,0,1,1,1,0,0,1,0
ballroad.com,0,0,1,8,0,0,0,0,0,0,0,0,0,0,1,0
mun4afghanistan.com,0,0,1,4,0,0,0,0,0,0,0,1,0,0,1,0
outlook-renew.dns.army,0,0,0,2,0,0,0,1,1,0,1,1,0,0,1,0
medexsc-my.sharepoint.com,0,0,1,5,0,0,1,1,0,1,1,1,0,0,1,0
playarprint.com,0,0,1,2,0,0,1,0,0,1,0,1,0,0,1,0
stackoverflow.com,0,0,1,4,0,0,0,0,0,1,0,1,0,0,1,0
lovetheedit.com,0,0,1,4,0,0,1,0,0,0,0,0,0,0,1,0
correios.com.br,0,0,1,3,0,0,0,0,0,1,1,1,0,0,1,0
irmasbeneditinasdp.com.br,0,0,1,4,0,0,0,0,0,1,1,1,0,0,1,0
lowcy-nagrod.pl,0,0,0,0,0,0,0,1,0,0,0,0,0,0,1,0
account-amazn.com,0,0,0,1,0,0,0,1,0,1,1,1,0,0,1,0
alibita.com,0,0,0,1,0,0,0,0,0,1,0,1,0,0,1,0
themeforest.net,0,0,1,3,0,0,0,0,0,1,1,1,0,0,1,0
medienschmiede-sander.de,0,0,1,2,0,0,0,1,0,1,1,1,0,0,1,0
uncommoncbd.com,0,0,0,2,0,0,0,0,0,1,0,1,0,0,1,0
vizagsource.com,0,0,1,3,0,0,0,0,0,0,0,1,0,0,1,0
chat.whatscpp.com,0,0,0,1,0,0,0,0,0,0,0,1,0,0,0,0
ap.org,0,0,1,4,0,0,0,0,0,1,0,1,0,0,1,0
split.to,0,0,0,1,0,0,0,0,0,0,1,1,0,0,1,0
steamcommunity.com,0,0,1,3,0,0,0,0,0,1,0,1,0,0,1,0
kentridge.lk,0,0,0,1,0,0,0,0,1,1,1,1,0,0,1,0
myegy.to,0,0,1,3,0,0,0,0,1,1,1,1,0,0,1,0
reiscomunicacao.com.br,0,0,1,6,0,0,0,0,0,1,1,1,0,0,1,0
netservice-upd.tumblr.com,0,0,0,0,0,0,0,1,0,1,1,1,0,0,1,0
toriyamabattery.com,0,0,0,2,0,0,0,0,0,1,0,1,1,0,1,0
unischolarboard.com,0,0,0,1,0,0,0,0,0,1,0,1,0,0,1,0
decifra.com.br,0,0,1,3,0,0,0,0,0,1,1,1,0,0,1,0
patio.com.br,0,0,1,6,0,0,0,0,0,1,1,1,0,0,1,0
kolaseum.pl,0,0,0,0,0,0,0,0,0,1,0,0,0,0,1,0
zahletechpark.com,0,0,1,5,0,0,0,0,0,1,0,0,0,0,1,0
groups-chats-whatsapps7.wikaba.com,0,0,0,0,0,0,0,1,0,0,0,1,0,0,1,0
uproxx.com,0,0,1,6,0,0,1,0,0,1,0,1,0,0,1,0
67.211.218.74,1,0,0,3,0,0,0,0,0,1,0,1,0,0,1,0
billingsmontanarealestate.com,0,0,0,2,0,0,0,0,0,1,0,1,0,0,1,0
chatwhatsapp-invitee.join-wa18.my.id,0,0,0,0,0,0,0,1,0,1,0,1,0,0,1,0
onedrivestoragedatayu.dns-cloud.net,0,0,0,1,0,0,0,1,0,0,0,0,1,1,1,1
gizmodo.com,0,0,1,2,0,0,0,0,0,1,1,0,0,0,1,0
lovelouisa.org,0,0,1,6,0,0,0,0,0,1,0,1,0,0,1,0
madrugadaolanches.com.br,0,0,1,4,0,0,0,0,0,1,1,1,0,0,1,0
davidwinogrondspacetet.com,0,0,1,2,0,0,1,0,0,1,0,1,0,0,1,0
thcsminhduc.edu.vn,0,0,1,3,0,0,0,0,1,1,1,1,0,0,1,0
dzd.rksmb.org,0,0,1,5,0,0,1,0,0,0,0,1,0,0,1,0
gesical.com,0,0,0,3,0,0,0,0,0,1,0,0,0,0,1,0
naofiquedeforadessamega.com,0,0,1,1,1,0,0,0,1,1,1,1,0,0,1,0
rockysite.net,0,0,0,2,0,0,0,0,0,0,1,1,0,0,1,0
excelcarela.org,0,0,1,6,0,0,0,0,0,1,1,1,1,0,1,0
emgn.com,0,0,1,2,0,0,0,0,1,1,1,1,1,1,1,1
didierpajot.com,0,0,0,1,1,0,1,0,0,1,1,1,0,0,1,0
pegionshamza.com,0,0,1,2,0,0,0,0,0,1,0,0,0,0,1,0
wausaueats.com,0,0,0,2,0,0,0,0,0,1,0,1,0,0,1,0
dusperdesi.net,0,0,1,8,0,0,0,0,1,0,1,1,0,0,1,0
viveromonteverde.com,0,0,1,3,0,0,0,0,0,0,1,1,0,0,1,0
uload-300.mountainjaynik.gb.net,0,0,1,5,0,0,0,1,1,1,1,1,0,0,1,0
dankpogs.000webhostapp.com,0,0,0,0,0,0,0,0,0,1,0,1,0,0,1,0
babal.net,0,0,1,5,0,0,0,0,0,0,0,1,0,0,1,0
teespring.com,0,0,1,2,0,0,0,0,0,1,0,1,0,0,1,0
c1770209.ferozo.com,0,0,1,4,0,0,0,0,0,1,0,1,1,1,1,1
dbsdemoonline.com,0,0,1,4,0,0,0,0,0,0,1,1,0,0,1,0
delegatesinrwanda.com,0,0,0,2,0,0,0,0,0,1,0,0,0,0,1,0
thenine9.com,0,0,0,2,0,0,0,0,0,1,0,0,0,0,1,0
kotaku.com,0,0,1,2,0,0,0,0,0,1,1,1,0,0,1,0
cestainhouse.com.br,0,0,0,2,1,0,0,0,0,1,1,1,0,0,1,0
metallbaulang.de,0,0,1,3,0,0,0,0,0,1,1,1,0,0,1,0
aljazeera.net,0,0,1,4,0,0,0,0,0,1,1,1,0,0,1,0
dobadongthap.vn,0,0,0,2,0,0,0,0,1,1,1,1,0,0,1,0
neku.ga,0,0,0,2,0,0,0,0,0,1,1,1,0,0,1,0
eischool.com.ng,0,0,0,4,0,0,0,0,1,1,1,1,1,0,1,0
messageriie06.webnode.pt,0,0,0,1,0,0,0,0,0,1,0,1,0,0,1,0
lankeshpatrike.com,0,0,0,1,0,0,0,0,0,1,1,1,0,0,1,0
verfiayiosnmer.com,0,0,0,2,0,0,0,0,0,1,0,1,0,0,1,0
arman-ati.net,0,0,0,1,0,0,0,1,0,1,1,1,0,0,1,0
shiny-tulip-william.glitch.me,0,0,0,0,0,0,0,1,0,1,0,1,0,0,1,0
216.222.194.94,1,0,0,3,0,0,0,0,0,0,0,1,1,1,1,1
allegro.pl,0,0,1,2,0,0,0,0,0,1,1,1,0,0,1,1
hamt.jp,0,0,1,7,0,0,0,0,0,1,1,1,0,0,1,0
enquiry-id-918412.net,0,0,1,1,0,0,1,1,0,1,0,1,1,1,1,1
bigcinema.tv,0,0,1,2,0,0,0,0,0,1,0,1,1,1,1,1
sunoffer.club,0,0,1,5,0,0,0,0,0,1,0,1,0,0,1,0
storage.googleapis.com,0,0,1,2,0,0,1,0,1,1,1,1,0,0,1,0
taddepol.edu.hk,0,0,1,3,0,0,0,0,1,1,1,1,0,0,1,0
securingbravoonly.quibee.com.my,0,0,1,3,0,0,0,0,1,0,1,1,0,0,1,0
kensonsitepcrepair.com,0,0,0,2,0,0,0,0,0,1,1,1,0,0,1,0
vegancenter.hu,0,0,1,2,0,0,0,0,0,1,1,1,0,0,1,0
wdestaques13.amesucessodeofertas-20.com,0,0,1,5,0,0,0,1,0,1,0,1,1,1,1,1
bankcampuscareers.tal.net,0,0,1,5,0,0,0,0,0,1,0,1,0,0,1,0
ftp.warfacebonus.hop.ru,0,0,0,0,0,0,0,0,0,0,0,0,0,0,1,0
kenovel.store,0,0,0,2,0,0,0,0,1,0,1,1,0,0,1,0
saudeproturb.com,0,0,1,2,0,0,0,0,1,0,1,1,1,1,1,1
acct-piedmontcancerinstitute-inv.org,0,0,1,3,0,0,0,1,0,1,0,1,0,0,1,0
jalopnik.com,0,0,1,2,0,0,0,0,0,1,1,0,0,0,1,0
watch-series-tv.to,0,0,1,2,0,0,0,1,0,0,1,1,0,0,1,0
csgoxskin.com,0,0,1,2,1,0,0,0,0,1,0,0,0,0,1,0
merrylu.co.il,0,0,1,7,0,0,0,0,1,1,1,1,0,0,1,0
xn--trtkatkpay-3ubd.com,0,0,0,0,0,0,0,1,0,1,0,1,0,0,1,0
chat-whatsapp1.grup-wa69.ml,0,0,0,0,0,0,0,1,0,1,1,1,0,0,1,0
peacefulplushes.com,0,0,1,3,0,0,0,0,0,1,0,0,0,0,1,0
esenmedia.com,0,0,1,4,0,0,0,0,0,0,0,0,0,0,1,0
69.167.151.209,1,0,1,2,0,0,0,0,0,1,0,1,0,0,1,0
powr.io,0,0,1,4,0,0,0,0,0,1,0,1,0,0,1,0
paypalp.ontraport.com,0,0,1,12,0,0,1,0,1,1,1,1,0,0,1,0
syosetu.com,0,0,1,3,0,0,0,0,1,1,1,1,0,0,1,0
olx.ro,0,0,1,5,0,0,0,0,0,1,0,0,0,0,1,0
stateagencybe.tumblr.com,0,0,0,0,0,0,0,0,0,1,0,1,0,0,1,0
greenpoint.art.br,0,0,1,3,0,0,0,0,0,1,1,1,0,0,1,0
dev.seatassignmate.net,0,0,1,2,0,0,0,0,0,1,0,1,0,0,1,0
sanjoaquinvalleybrewfest.com,0,1,1,8,0,0,1,0,0,1,0,1,0,0,1,0
nebojsega.com,0,0,0,1,0,0,0,0,0,1,0,0,0,0,1,1
165.22.103.235,1,0,0,1,0,0,0,0,0,1,1,1,0,0,1,0
educacion.rionegro.gov.ar,0,0,1,9,0,0,0,0,0,1,1,0,0,0,1,0
snip.ly,0,0,0,1,0,0,0,0,0,1,1,1,1,1,1,1
trafftraff.com,0,0,1,2,0,0,0,0,0,0,0,1,0,0,1,0
gerdalights.buzz,0,0,1,2,0,0,0,0,0,1,1,1,0,0,1,0
berrycollege2-my.sharepoint.com,0,0,1,5,0,0,1,1,0,0,1,1,0,0,1,0
start-123.ru,0,0,1,3,0,0,0,1,0,1,0,1,0,0,1,0
wordpress.org,0,0,1,7,0,0,0,0,0,1,1,1,0,0,1,0
travisusd-my.sharepoint.com,0,0,1,5,0,0,1,1,0,1,1,1,0,0,1,0
cheaproomsvalencia.com,0,0,1,5,0,0,0,0,0,1,0,1,1,0,1,0
on-me-ro.firebaseapp.com,0,0,0,0,0,0,0,1,1,1,1,1,0,0,1,0
valleyobgynassociates.com,0,0,1,2,0,0,0,0,0,1,0,0,0,0,1,0
bcpzonasegurabeta-viabcp-com.fusiontechsoftware.com,0,0,1,2,0,0,0,1,0,1,0,1,0,0,1,0
noutbookofff.ru,0,0,0,2,0,0,0,0,0,1,0,1,0,0,1,0
agriosa.ca,0,0,0,2,0,0,0,0,0,1,0,1,0,0,1,0
olx.co.id,0,0,1,7,0,0,1,0,0,1,0,0,0,0,1,1
hltps-wwv-bancoripley-cl.publicidadtechtre.com,0,0,1,1,0,0,0,1,0,1,0,1,0,0,1,0
creativecombat.com,0,1,1,4,0,0,1,0,0,1,0,0,0,0,1,0
mtmonly.com,0,0,1,6,0,0,0,0,0,1,0,0,0,0,1,0
cybergata.com,0,1,1,2,0,0,0,0,0,0,0,0,0,0,1,0
vixas.atwebpages.com,0,0,0,0,0,0,0,0,0,1,1,1,0,0,1,0
loot-hub.gq,0,0,0,2,0,0,0,1,1,1,1,1,0,0,1,0
locksmithrishon.com,0,0,0,1,0,0,0,0,0,1,0,0,0,0,1,0
ripe6.net,0,0,0,2,0,0,0,0,0,1,0,0,0,0,1,0
rege.opriessnig.at,0,0,1,1,0,0,0,0,0,1,1,1,0,0,1,0
facebook-login.mypi.co,0,0,0,0,0,0,0,1,0,1,0,0,0,0,1,0
lifetimeconx.com,0,0,0,1,0,0,1,0,0,0,0,0,0,0,1,0
pacificyouthcouncil.com,0,0,0,1,0,0,0,0,0,1,0,0,0,0,1,0
lootgg.ga,0,0,0,2,0,0,0,0,0,1,1,1,1,0,1,0
bd-times.com,0,0,1,6,0,0,0,1,0,0,0,1,0,0,1,0
spankbang.com,0,0,1,3,0,0,0,0,0,1,0,1,0,0,1,0
christiantidings.com,0,0,1,3,0,0,0,0,0,1,0,1,0,0,1,0
doctorannenkova.ru,0,0,0,1,0,0,0,0,0,0,0,1,1,1,1,1
alvorkitecenter.com,0,1,1,2,0,0,0,0,0,1,0,1,0,0,1,0
essaudio.cc,0,0,0,0,0,0,0,0,0,1,0,1,0,0,1,0
ce32838.tmweb.ru,0,0,1,5,0,0,0,0,0,1,0,0,0,0,1,0
itaucomvoce.com,0,0,0,1,0,0,0,0,0,1,0,1,0,0,1,0
streaming-att.com.mx,0,0,0,1,0,0,1,1,0,1,0,1,0,0,1,0
farmskinsgiveaway.com,0,0,0,0,0,0,0,0,0,1,0,1,0,0,1,0
vjdisplay.com.cn,0,0,1,3,0,0,0,0,0,1,0,1,0,0,1,0
esporte.uol.com.br,0,0,1,6,0,0,0,0,0,0,1,1,0,0,1,0
s371712615.mialojamiento.es,0,0,0,1,0,0,0,0,0,0,1,1,0,0,1,0
ksv.upol.cz,0,0,0,4,0,0,0,0,0,1,0,0,0,0,1,0
dusperdesi.net,0,0,1,8,0,0,0,0,0,1,0,0,0,0,1,0
marantoptions.com.au,0,0,0,1,0,0,0,0,0,1,1,1,0,0,1,0
inntenlena.ml,0,0,1,2,1,0,0,0,0,1,1,1,1,0,1,0
kergaukr.com,0,0,1,3,0,0,0,0,0,1,1,1,0,0,1,0
vinkaellaren.se,0,0,1,9,0,0,0,0,0,1,0,1,1,0,1,0
houseoftiresbcs.com,0,0,1,5,0,0,0,0,0,1,0,0,0,0,1,0
beta.kenaidanceta.com,0,0,0,3,0,0,0,0,0,1,0,1,0,0,1,0
webcoretic.com,0,0,1,9,0,0,0,0,0,0,0,1,0,0,0,0
accurate-engineers.in,0,0,1,3,0,0,0,1,0,1,0,1,0,0,1,0
upd-medlav.net,0,0,0,1,0,0,0,1,1,1,1,1,0,0,1,1
e5b71e19ba2774045.tempsite.link,0,0,1,2,0,0,0,0,0,0,1,1,0,0,1,0
mail.brennercom.net,0,0,1,4,0,0,0,0,0,1,1,1,0,0,1,0
fakebok.blogcu.com,0,0,0,0,0,0,0,0,0,1,1,1,0,0,1,0
up.safenabsecur.cloudns.cx,0,0,0,1,0,0,0,0,0,0,0,0,0,0,1,0
caviarkelp.com,0,0,0,3,0,0,0,0,1,1,1,1,0,0,1,0
jjscdc.cn,0,0,0,2,0,0,0,0,0,1,0,1,0,0,1,0
tebyan.net,0,0,1,1,0,0,0,0,0,1,1,1,1,1,1,1
youngil.co.kr,0,0,0,3,0,0,0,0,1,1,1,1,0,0,1,0
hrweb99.com,0,0,1,5,0,0,0,0,0,1,0,1,0,0,1,0
otomoto.pl,0,0,1,7,0,0,0,0,0,1,1,1,0,0,1,1
bombae.be,0,0,0,3,0,0,0,0,0,1,1,1,1,1,1,1
filedotard.yolasite.com,0,0,0,0,0,0,0,0,1,1,1,1,0,0,1,0
kaizenpak.com,0,0,1,5,0,0,0,0,0,1,0,0,0,0,1,0
duluxshop.lk,0,0,1,4,0,0,0,0,1,1,1,1,0,0,1,0
my3billing-three.com,0,0,0,0,0,0,0,1,0,1,0,1,0,0,1,0
bootnbonnet.org,0,0,1,7,0,0,0,0,0,1,0,1,0,0,1,0
educatedstrength.ru,0,0,0,1,0,0,0,0,0,1,0,1,1,0,1,0
vulkanland-bio-safran.at,0,0,1,2,0,0,0,1,0,1,1,1,0,0,1,0
iscbankofamerica.net,0,0,0,0,0,0,0,0,0,1,0,1,0,0,1,0
alianzacanina.com.mx,0,0,1,3,0,0,0,0,0,1,0,1,0,0,1,0
honeysaienterprises.com,0,1,1,4,0,0,0,0,0,1,0,1,0,0,1,0
pramlee.com.my,0,0,0,1,0,0,0,0,1,1,1,1,0,0,1,0
bizwebnature.wr02.dhrcenter.com,0,0,1,7,0,0,0,0,0,1,1,1,0,0,1,0
paypal-express-checkout.danielschreurs.com,0,0,0,0,0,0,0,1,0,1,1,1,0,0,1,0
netpaymentservices.com,0,0,0,2,0,0,0,0,0,1,0,1,0,0,1,0
zasobygwp.pl,0,0,1,1,0,0,0,0,0,1,0,1,0,0,1,1
16tiles.com,0,0,0,1,0,0,0,0,0,1,0,0,0,0,1,0
paypal.verylegit.link,0,0,1,1,0,0,0,0,0,1,1,1,0,0,1,0
giphy.com,0,0,1,2,1,0,0,0,0,1,0,1,0,0,1,0
rockysite.net,0,0,0,0,0,0,0,0,0,0,1,1,0,0,1,0
saleschampion.co.uk,0,0,1,5,0,0,0,0,0,0,1,1,0,0,1,0
domainht6.cf,0,0,1,1,0,0,0,0,0,0,1,1,0,0,1,0
de2f.totalh.net,0,0,0,1,0,0,0,0,0,0,0,1,0,0,1,0
pastimenangqq101.com,0,0,0,3,0,0,0,0,0,1,0,0,0,0,1,0
susai.ro,0,0,1,7,0,0,0,0,0,1,0,0,1,0,1,0
rohtolab.com,0,0,1,9,0,0,0,0,0,0,0,1,0,0,1,0
notificationppv.com,0,0,0,0,0,0,0,0,0,1,0,1,0,0,1,0
westsuburbanchamber.com,0,0,0,2,0,0,0,0,0,1,0,0,0,0,1,0
office-sakakibara.com,0,0,1,5,0,0,0,1,0,1,0,0,0,0,1,0
paullemmerick.com,0,0,1,4,0,0,0,0,0,1,0,1,0,0,1,0
suspended-profiles.blogspot.com,0,0,0,0,0,0,1,1,0,0,0,1,0,0,1,0
bitckins.com,0,0,1,3,0,0,0,0,0,1,0,1,0,0,1,0
mandan.com.tr,0,0,1,2,0,0,0,0,0,0,0,1,0,0,1,0
promo-twitter.info,0,0,0,0,0,0,0,1,0,1,0,1,0,0,1,0
rioverdepar.com.br,0,0,1,3,0,0,0,0,0,1,1,1,1,1,1,1
prezi.com,0,0,1,2,0,0,0,0,0,1,0,0,0,0,1,0
bancobpm-youweb.com,0,0,0,0,0,0,0,1,0,1,0,1,1,1,1,1
olx.pl,0,0,1,7,0,0,0,0,0,1,1,1,0,0,1,0
gawker.com,0,0,1,3,0,0,0,0,0,1,0,0,0,0,1,0
please-follow-the-instructions-6050ce63e4bce6764cb34cac51fb44d7.culturelearningpartners.com,0,0,1,1,0,0,0,1,0,1,0,0,0,0,1,0
cli.re,0,0,0,1,0,0,0,0,0,0,1,1,0,0,1,0
idioblastic-engine.000webhostapp.com,0,0,0,0,0,0,0,1,0,1,0,1,0,0,1,0
grindtimegym.com,0,0,1,4,0,0,0,0,0,1,1,1,0,0,1,0
alertastelecredito.site,0,0,0,0,0,0,0,0,1,1,1,1,0,0,1,0
borrachao.com.br,0,0,1,5,0,0,0,0,0,1,1,1,0,0,1,0
secure.runescape.com-en.ru,0,0,1,2,0,0,0,1,0,0,0,0,0,0,1,0
accounts.google.com,0,0,1,1,1,0,1,0,0,1,1,1,0,0,1,0
texas-money.net,0,0,1,4,0,0,0,1,0,1,0,1,1,1,1,1
apaseppol.com.br,0,0,0,2,0,0,0,0,0,1,1,1,0,0,1,0
hotdealsaz.com,0,0,0,2,0,0,0,0,0,1,1,1,0,0,1,0
betasus10.blogspot.com,0,0,0,0,0,0,1,0,1,1,1,1,0,0,1,0
phx.blewpass.com,0,0,1,2,0,0,0,0,0,0,0,1,0,0,1,0
gg.gg,0,0,0,1,0,0,0,0,0,1,1,1,0,0,1,0
qualityconsult.com.br,0,0,1,3,0,0,1,0,0,1,1,1,0,0,1,0
clcr.me,0,0,0,1,0,0,0,0,0,0,0,0,0,0,1,1
thelogodept.com,0,0,1,6,0,0,1,0,0,1,0,0,0,0,1,0
ndt-college.kz,0,0,1,5,0,0,0,1,0,1,1,1,0,0,1,0
okwok.co.kr,0,0,1,10,0,0,0,0,0,1,0,0,0,0,1,0
staytechconsulting.com,0,0,0,1,0,0,0,0,0,1,1,1,0,0,1,0
india-medicina.ru,0,0,0,3,0,0,0,1,0,1,0,0,0,0,1,0
whare.100webspace.net,0,0,0,3,0,0,0,0,0,1,0,0,0,0,1,0
vkotankte.hop.ru,0,0,0,0,0,0,0,0,0,0,0,0,0,0,1,0
getdocumentcheck.com,0,0,1,1,1,0,0,0,0,1,0,1,0,0,1,0
186.75.130.46,1,0,1,2,0,0,0,0,0,1,1,1,0,0,1,0
csgohoned.com,0,0,0,0,0,0,0,0,0,1,0,1,0,0,1,0
ojnw.app.link,0,0,1,1,0,0,0,0,0,1,0,1,0,0,1,0
midyatmimaritas.com,0,0,1,5,0,0,0,0,0,1,0,0,0,0,1,0
csgoprime.ml,0,0,0,2,0,0,0,0,0,1,1,1,1,0,1,0
loginlogon.com,0,0,0,1,0,0,0,0,0,1,0,1,0,0,1,0
kadubeureum-serang.desa.id,0,1,1,7,0,0,0,1,0,1,0,1,0,0,1,0
eliotecae-my.sharepoint.com,0,0,1,7,0,0,1,1,0,1,1,1,0,0,1,0
alergiaalpolen.com,0,0,0,2,0,0,0,0,0,1,0,0,0,0,1,0
sticker-z.ru,0,0,0,2,0,0,0,1,0,0,0,1,0,0,1,0
worldyouthsummit.org,0,0,1,2,0,0,0,0,0,0,0,1,0,0,1,0
steamcommunity.com,0,0,1,2,0,0,0,0,0,1,0,1,0,0,1,0
icloud.coms.my.id,0,0,0,1,0,0,0,0,0,1,0,1,0,0,1,0
pradapoland.pl,0,0,0,0,0,0,0,0,0,1,0,0,0,0,1,0
bestblackhatforum.com,0,0,1,1,0,0,0,0,0,1,0,1,0,0,1,0
hootsuite.com,0,0,1,3,0,0,0,0,0,1,0,1,0,0,1,0
authpro.com,0,0,0,2,0,0,0,0,0,1,0,1,0,0,1,0
hotgrupdewasa-wa.000webhostapp.com,0,0,0,1,0,0,0,1,0,1,0,1,0,0,1,0
xossip.com,0,0,1,1,0,0,0,0,0,0,1,1,0,0,1,0
ebay.de.phodo.vn,0,0,1,0,0,0,0,0,1,1,1,1,0,0,1,0
vasavivivahavedhika.com,0,0,1,3,0,0,0,0,0,0,1,1,0,0,1,0
itaucard.sac24horas.com,0,0,1,5,0,0,0,0,0,1,0,1,1,1,1,1
soundcloud.com,0,0,1,2,0,0,0,0,0,1,0,1,0,0,1,0
lightandlight.in,0,1,1,10,0,0,0,0,0,1,0,1,0,0,1,0
tptelecom.it,0,0,1,9,0,0,0,0,0,1,0,0,0,0,1,0
steamcommunity.com,0,0,1,4,1,0,0,0,0,1,0,1,0,0,1,0
betasussgir.blogspot.com,0,0,0,0,0,0,1,0,1,1,1,1,0,0,1,0
milpitaslions.com,0,0,1,1,0,0,0,0,0,0,0,1,0,0,1,0
107.189.6.150,1,0,0,0,0,0,0,0,0,1,1,1,0,0,1,0
mygshock.com,0,0,0,3,0,0,0,0,0,0,0,1,0,0,1,0
mail.grup-webwhatsapp.guied17.my.id,0,0,0,1,0,0,0,1,0,0,0,1,0,0,1,0
thaihouseliving.com,0,0,1,4,0,0,0,0,0,1,1,1,0,0,1,0
jaysuntravels.com,0,0,0,0,0,0,0,0,0,1,0,0,0,0,1,0
aludagoglichidze.ge,0,0,0,1,0,0,0,0,0,1,1,1,0,0,1,0
chuckstransport.com,0,0,0,1,0,0,1,0,0,1,0,0,0,0,1,0
rilzcarlton.com,0,1,1,3,0,0,0,0,0,1,0,0,1,1,1,1
5bn0j.app.link,0,0,0,1,0,0,0,0,0,1,0,0,0,0,1,0
trbetasusgir.blogspot.com,0,0,0,0,0,0,1,0,1,1,1,1,0,0,1,0
subscene.com,0,0,1,4,0,0,0,0,1,1,1,1,1,0,1,0
qrxhskj.cluster028.hosting.ovh.net,0,0,1,4,0,0,0,0,0,1,1,1,0,0,1,1
bigwoodsbar.com,0,0,0,2,0,0,0,0,0,1,0,1,1,1,1,1
livecentralmethodist-my.sharepoint.com,0,0,1,5,0,0,1,1,0,1,1,1,0,0,1,0
aurapropaganda.com,0,0,1,6,0,0,0,0,0,1,1,1,0,0,1,0
caixa.gov.br,0,0,1,4,0,0,0,0,0,1,1,1,0,0,1,1
olx.ro,0,0,1,6,0,0,0,0,0,1,0,0,0,0,1,1
coccoc.com,0,0,1,3,0,0,0,0,0,1,1,1,0,0,1,0
qtekits.com,0,0,0,3,0,0,0,0,0,1,0,1,0,0,1,0
atendimento-sac-pg.joomla.com,0,0,1,3,0,0,0,1,0,1,0,1,0,0,1,0
kievskaya22.ru,0,1,1,1,0,0,0,0,0,1,0,0,0,0,1,0
wireconfirmation68c10a25442a3e13.blogspot.com,0,0,1,0,0,0,1,0,1,1,1,1,0,0,1,0
rakuten.co.jp.aplicationsuppornum43.supportaplicationpublicinformationcollecon8.xyz,0,0,1,5,0,0,0,0,0,1,1,1,1,1,1,1
chhotumaharaj.com,0,0,1,7,0,0,0,0,0,0,0,1,0,0,1,0
whatsapp-grub.hols92.xyz,0,0,0,0,0,0,0,1,0,1,1,1,1,1,1,1
toywatchofficial.icu,0,0,0,2,0,0,0,0,0,1,0,1,0,0,1,0
icloudocean.com,0,0,0,0,0,0,0,0,0,1,0,1,0,0,1,0
sriaishwaryaconstruction.com,0,0,1,5,0,0,0,0,0,1,0,0,1,0,1,0
dofus.page,0,0,0,4,0,0,0,0,1,1,1,1,0,0,1,0
icloud.com.athz.us,0,0,0,0,0,0,0,0,0,1,1,1,0,0,1,0
wishnquotes.com,0,0,1,3,0,0,0,0,0,0,0,1,0,0,1,0
bcpzonasegurabeta.viabcp.com.rcginsurance.com,0,0,1,2,0,0,0,0,0,1,0,0,0,0,1,0
join-groupbokep18.vizvaz.com,0,0,0,0,0,0,0,1,0,0,0,1,1,1,1,1
kaizenpak.com,0,0,1,6,0,0,0,0,0,1,0,1,0,0,1,0
u.nu,0,0,0,1,0,0,0,0,0,1,1,1,0,0,1,0
elsiriri.com.ar,0,0,0,1,0,0,0,0,0,1,1,0,0,0,1,0
xool.cc,0,0,0,1,0,0,0,0,0,0,0,1,0,0,1,0
cimer-basvurcomtr.com,0,0,0,0,0,0,0,1,0,1,0,1,0,0,1,0
actionfilmz.com,0,0,0,3,0,0,0,0,0,0,0,1,0,0,1,0
trioeletricotwister.com.br,0,0,0,1,0,0,0,0,0,0,1,1,0,0,1,0
telegraf.com.ua,0,0,1,3,0,0,0,0,0,1,1,1,0,0,1,0
fanxtv.info,0,0,0,1,0,0,0,0,0,1,0,1,0,0,1,0
neku.ga,0,0,0,3,0,0,0,0,0,1,1,1,0,0,1,0
labyrinthtanning.com,0,0,0,3,0,0,0,0,0,1,0,1,0,0,1,0
sparkpassedecom.com,0,0,0,1,0,0,0,0,0,1,1,1,0,0,1,0
originalsystems.it,0,0,0,2,0,0,0,0,0,1,0,0,0,0,1,0
shafeimall004.top,0,0,0,2,0,0,0,0,0,1,1,1,0,0,1,0
grafishop.com.ar,0,0,1,1,0,0,0,0,0,0,1,1,0,0,1,0
smiles.al-wed.com,0,0,0,1,0,0,0,1,0,0,1,0,1,1,1,1
splash-laundromatlv.com,0,0,1,7,0,0,0,1,0,1,0,1,0,0,1,0
chinadryer.cn,0,0,0,1,0,0,0,0,0,1,0,1,0,0,1,0
advonationusa.com,0,0,1,5,0,0,0,0,0,1,0,0,0,0,1,0
marufulislam.com,0,0,0,2,0,0,0,0,0,1,1,1,0,0,1,0
jenniferzima323.com,0,0,0,3,0,0,0,0,1,1,1,1,1,1,1,1
tune.pk,0,0,1,3,0,0,0,0,1,1,1,1,0,0,1,0
sweettravel.it,0,0,1,3,0,0,0,0,0,1,0,1,0,0,1,0
sjr-photo.com,0,0,1,5,0,0,0,1,0,1,0,0,0,0,1,0
cbdadhacks.com,0,0,0,3,0,0,0,0,0,1,0,0,0,0,1,0
support-sign-in.com,0,0,0,0,0,0,0,1,0,1,0,0,0,0,1,0
atualizacao-segura.serveirc.com,0,0,1,2,0,0,0,1,1,1,1,1,1,1,1,1
indochina-art.ro,0,0,0,2,0,0,0,1,0,1,0,0,0,0,1,0
kfph.co.za,0,0,0,3,0,0,0,0,0,1,1,1,0,0,1,0
secure.runescape.rs-p.xyz,0,0,1,2,0,0,0,1,0,1,1,1,1,1,1,1
logex.com.tr,0,0,1,2,0,0,1,0,0,1,0,1,0,0,1,1
xtremefish.su,0,0,0,1,0,0,0,0,0,1,0,1,1,1,1,1
columbiaps-my.sharepoint.com,0,0,1,5,0,0,1,1,0,1,1,1,0,0,1,0
177.11.92.198,1,0,0,0,0,0,0,0,0,1,1,1,1,1,1,1
everestwebdevelopment.com,0,0,0,2,0,0,1,0,0,1,0,1,0,0,1,0
subscription-office.ddns.net,0,0,1,2,0,0,0,1,1,1,1,1,1,1,1,1
indianexpress.com,0,0,1,5,0,0,0,0,0,1,0,1,0,0,1,0
yrcpi5xiyk5p6jjyzy3zhybgy6vsiymp4wrfptss3xqpcadpdtgq.litepages.googlezip.net,0,0,1,1,1,0,0,0,0,0,1,1,0,0,1,0
betasus3.blogspot.com,0,0,0,0,0,0,1,0,1,1,1,1,0,0,1,0
managephoenix.com,0,0,0,2,0,0,1,0,0,1,0,1,0,0,1,0
aljazeera.net,0,0,1,6,0,0,0,0,1,1,1,1,0,0,1,0
tennenaturephotography.com,0,0,0,1,0,0,0,0,0,1,0,1,0,0,1,0
mtmonly.com,0,0,1,5,0,0,0,0,0,1,0,0,0,0,1,0
worldoftanks.ru,0,0,1,5,0,0,0,0,0,1,0,1,0,0,1,0
jaggaauto.com,0,0,0,1,0,0,0,0,1,1,1,1,0,0,1,0
americanascovidshop.com,0,0,1,2,0,0,0,0,0,1,0,1,0,0,1,0
encarnacionhurtado.com,0,0,0,1,0,0,0,0,1,1,1,1,0,0,1,0
authorcheck.com,0,0,1,3,0,0,0,0,0,1,0,0,0,0,1,0
khoutiboxer.com,0,0,0,0,0,0,0,0,0,1,0,1,0,0,1,0
centromusicalpaternense.es:443,0,0,1,2,0,0,0,0,0,0,1,1,0,0,1,0
fotoblad.com,0,0,1,4,0,0,0,0,0,1,1,1,0,0,1,0
justgfx.com,0,0,0,2,0,0,1,0,0,1,0,0,0,0,1,0
paxful.com.transfer.boubit.com,0,0,0,0,0,0,1,0,0,1,0,1,0,0,1,0
gillas-first-project.webflow.io,0,0,0,0,0,0,0,1,0,1,0,1,0,0,1,0
w2-bb-acesso-online.cloud-fr1.unispace.io,0,0,1,2,0,0,0,1,0,0,0,0,0,0,1,0
dearmomimokay.com,0,0,1,3,0,0,0,0,0,1,0,0,0,0,1,0
login-bank.org,0,0,0,1,0,0,0,1,0,0,0,1,0,0,1,0
sparksfirehousedeli.com,0,0,0,2,0,0,0,0,0,1,0,1,0,0,1,0
toanhoc247.edu.vn,0,0,1,6,0,0,0,0,1,0,1,1,0,0,1,0
inconfis.com,0,0,1,4,0,0,0,0,0,1,0,1,0,0,1,0
seminarpedia.com,0,0,1,2,0,0,0,0,0,1,0,0,0,0,1,0
zaudrenduvent.fr,0,0,0,1,0,0,0,0,0,1,0,1,0,0,1,0
comicbook.com,0,0,1,4,0,0,0,0,0,1,1,1,0,0,1,0
xvideo-jp.com,0,0,1,3,0,0,0,1,0,1,0,1,0,0,1,0
allegro.pl,0,0,1,1,0,0,0,0,0,1,0,0,0,0,1,0
pembangunankepri.com,0,0,1,6,0,0,0,0,0,1,1,1,0,0,1,0
inprogresslibrary.com,0,0,1,6,0,0,0,0,0,1,0,0,1,1,1,1
cassandraleuthold.com,0,0,0,3,0,0,0,0,0,0,0,1,0,0,1,0
tapcollective.com,0,0,1,5,0,0,0,0,0,1,0,0,0,0,1,0
khabaronline.ir,0,0,1,5,0,0,0,0,1,1,1,1,1,1,1,1
oilsmarketingmastery.xyz,0,0,1,4,0,0,0,0,0,1,0,1,1,1,1,1
azosimoveis.com,0,0,1,2,0,0,0,0,0,1,0,1,0,0,1,0
bizbizeturkiyenim.com,0,0,0,0,0,0,0,0,0,1,0,1,0,0,1,0
yourfitnesscorner.com,0,0,1,9,0,0,0,0,0,1,0,1,0,0,1,0
lz5.1ee.myftpupload.com,0,0,0,1,0,0,0,0,0,1,0,1,0,0,1,1
betasus17.blogspot.com,0,0,0,0,0,0,1,0,1,1,1,1,0,0,1,0
vkstickerc.000webhostapp.com,0,0,0,0,0,0,0,0,0,1,0,1,0,0,1,0
cazanele-dunarii.ro,0,0,1,5,0,0,0,1,0,1,0,1,0,0,1,0
extratorrent.cc,0,0,1,3,0,0,0,0,0,1,0,1,0,0,1,0
linea1s.com,0,0,0,0,0,0,0,0,0,1,0,1,0,0,1,0
baobulksms.com,0,0,1,3,0,0,0,0,0,1,0,0,0,0,1,0
io9.com,0,0,1,2,0,0,0,0,0,0,1,1,0,0,1,0
mvhp.com.br,0,0,0,2,0,0,0,0,0,1,1,1,0,0,1,0
environaquatech.com,0,0,1,4,0,0,0,0,0,1,0,1,0,0,1,0
i-to.cc,0,0,0,1,0,0,0,1,0,1,0,0,0,0,1,0
d2ob6ssuz1ej59.cloudfront.net,0,0,1,0,0,0,0,0,1,1,1,1,0,0,1,0
contarv.creatorlink.net,0,0,0,0,0,0,0,0,0,1,1,1,0,0,1,0
mail.offerzforyou.com,0,0,0,0,0,0,0,0,0,1,0,0,0,0,1,0
olx.co.id,0,0,1,2,0,0,1,0,0,1,0,0,0,0,1,1
codecanyon.net,0,0,1,3,0,0,0,0,0,1,1,1,0,0,1,0
thegastonhouse.com,0,0,0,1,0,0,0,0,0,1,0,1,0,0,1,0
bizcloudz.net,0,0,1,2,0,0,0,0,0,1,0,1,0,0,1,0
robertoseifert.com,0,1,1,2,0,0,1,0,0,1,0,0,0,0,1,0
caixa.gov.br,0,0,1,2,0,0,0,0,0,1,1,1,0,0,1,1
emlakwebtasarim.com,0,0,0,2,0,0,0,0,1,0,1,1,0,0,1,0
antz.co.in,0,0,0,2,0,0,0,0,0,1,0,1,0,0,1,0
jalopnik.com,0,0,1,3,0,0,0,0,0,1,1,0,0,0,1,0
1337x.to,0,0,1,3,0,0,0,0,1,1,1,1,0,0,1,0
ww33.informeapp.me,0,0,0,0,0,0,0,0,0,1,1,1,0,0,1,0
utrackafrica.com,0,1,1,4,0,0,0,0,0,0,0,0,0,0,1,0
evnt.com.br,0,0,0,2,0,0,1,0,0,1,1,1,0,0,1,0
nyweed.org,0,0,0,3,0,0,0,0,0,1,0,1,0,0,1,0
storage.googleapis.com,0,1,1,3,0,0,1,0,1,1,1,1,0,0,1,0
saldao-casasbahia-mesdasmaes.com,0,0,1,3,0,0,0,1,1,1,1,1,1,1,1,1
docs.google.com,0,0,1,5,0,0,0,0,1,0,1,1,0,0,1,0
uwiomawio.com,0,0,1,2,0,0,0,0,0,1,0,1,0,0,1,0
conasevi.gob.sv,0,0,1,6,0,0,0,0,1,1,1,1,0,0,1,0
instagram.quranicweb.com,0,0,0,0,0,0,0,0,0,1,1,1,0,0,1,0
evangelicalfriendsmission-my.sharepoint.com,0,0,1,5,0,0,1,1,0,1,1,1,0,0,1,0
blog.stibbe.nl,0,0,0,1,0,0,0,0,0,1,1,1,0,0,1,0
user-account-setting-security-support-amazon.com,0,0,1,0,0,0,0,1,0,1,0,1,0,0,1,0
aljazeera.net,0,0,1,5,0,0,0,0,0,1,1,1,0,0,1,0
mail.tik.info.pl,0,0,1,6,0,0,0,0,0,0,0,0,0,0,1,0
vmorefraud.com,0,0,0,4,0,0,0,0,0,1,0,1,0,0,1,0
sicurezza-postepay.it,0,0,0,0,0,0,0,1,0,1,0,1,0,0,1,0
psicoinspire.com.br,0,0,0,1,0,0,0,0,0,1,0,0,0,0,1,0
balletshop.eu,0,0,0,3,0,0,0,0,0,0,1,1,0,0,1,0
garajd.com,0,0,0,3,0,0,0,0,0,1,0,1,0,0,1,0
collaboration.com.ua,0,0,1,6,0,0,0,0,0,1,1,0,0,0,1,0
deadspin.com,0,0,1,4,0,0,0,0,0,1,1,0,0,0,1,0
venturebeat.com,0,0,1,4,0,0,1,0,0,1,0,1,0,0,1,0
rebeccaboubli.com.br,0,0,1,3,0,0,0,0,0,1,1,1,0,0,1,0
homologacao.madrugadaolanches.com.br,0,0,1,5,0,0,0,0,0,1,1,1,0,0,1,0
zelle.updates-securitys.com,0,0,0,2,0,0,0,1,0,1,0,1,1,1,1,1
vanillacheckcard.com,0,0,0,0,0,0,0,0,0,1,0,1,1,1,1,1
donplitka.in.ua,0,0,1,6,0,0,0,0,0,1,1,1,0,0,1,0
standbyyoucoaching.com,0,0,1,5,0,0,0,0,0,0,0,1,0,0,1,0
makemoneymonkey8888.xyz,0,0,1,7,0,0,0,0,0,1,1,1,1,1,1,1
otomoto.pl,0,0,1,3,0,0,0,0,0,1,1,1,0,0,1,0
185.177.54.1,1,0,0,3,0,0,0,0,0,1,1,1,0,0,1,0
visteme.mx,0,0,0,1,0,0,0,0,0,0,0,1,0,0,1,0
churchbrm.org,0,0,0,1,0,0,0,0,0,1,0,1,0,0,1,0
motorradclubbergamo.it,0,0,0,2,0,0,0,0,0,0,0,1,0,0,1,0
estocap.com.br,0,0,1,6,0,0,0,0,0,1,1,1,0,0,1,0
trr20200410010207145.domtemporario.com.br,0,0,0,1,0,0,0,0,0,1,1,1,0,0,1,0
regina.ninetendev.com,0,0,0,3,0,0,0,0,0,1,0,0,0,0,1,0
mytanfarma.com,0,0,1,6,0,0,0,0,0,1,0,0,0,0,1,0
class.britishonline.co,0,0,1,4,0,0,0,0,0,0,0,1,0,0,1,0
ogawamoveisplanejados.com.br,0,0,0,3,0,0,0,0,0,1,1,1,1,1,1,1
brazosbendguardianship-my.sharepoint.com,0,0,1,5,0,0,1,1,0,1,1,1,0,0,1,0
deryw.club,0,0,0,1,0,0,0,0,0,1,0,1,0,0,1,0
52.87.127.10,1,0,1,5,0,0,0,0,0,1,1,1,1,1,1,1
secure.runescape.com-en.ru,0,0,0,0,0,0,0,1,0,0,0,1,0,0,1,1
checkinitausecurity.com,0,0,0,1,0,0,0,0,0,1,0,1,0,0,1,0
geranhujalim-001-site1.ctempurl.com,0,0,0,0,0,0,0,1,1,0,1,1,0,0,1,0
baronuit-trail.org,0,0,1,6,0,0,0,1,0,0,1,1,0,0,1,0
adart.krakow.pl,0,0,1,7,0,0,0,0,1,1,1,1,0,0,1,0
manage.account.service.verfcintrnappsxid.com,0,0,1,1,0,0,0,0,1,1,1,1,1,1,1,1
semanagarantidamesdasmaes.com,0,0,1,2,0,0,0,0,1,1,1,1,0,0,1,0
xueqiu.com,0,0,1,2,0,0,0,0,0,1,0,1,0,0,1,0
tunein.com,0,0,1,2,0,0,0,0,0,1,0,1,0,0,1,0
resolvemyaccount-paypal.casacam.net,0,0,0,2,0,0,0,1,0,1,0,0,0,0,1,0
nguyentandung.org,0,0,1,4,0,0,0,0,0,0,0,1,0,0,1,0
googlefoundation.somee.com,0,0,0,1,0,0,0,0,0,1,0,1,0,0,1,0
crowleprimary-my.sharepoint.com,0,0,1,5,0,0,1,1,0,1,1,1,0,0,1,0
175.107.206.134,1,0,0,3,0,0,0,0,1,1,1,1,0,0,1,0
corfuproperty.gr,0,1,0,3,0,0,0,0,0,1,1,1,0,0,1,1
klsjdlfkjqslfkjsdlkfjldsfjldsf.blogspot.com,0,0,0,0,0,0,1,0,1,1,1,1,0,0,1,0
jeffgallaghergolf.com,0,0,1,3,0,0,0,0,0,1,0,0,0,0,1,0
mensajeriagestionar.com.ar,0,0,1,10,0,0,0,0,0,1,1,1,0,0,1,0
olx.ro,0,0,1,7,0,0,0,0,0,1,0,0,0,0,1,0
giveawayszone.gq,0,0,0,0,0,0,0,0,1,1,1,1,0,0,1,0
promocaodasemana.com,0,0,0,2,0,0,0,0,0,1,0,1,0,0,1,0
paytm.com,0,0,1,4,0,0,0,0,0,1,0,1,0,0,1,0
josunlamp.com,0,0,0,1,0,0,0,0,0,1,1,1,0,0,1,0
infonex47.com,0,0,0,1,0,0,0,0,0,1,0,1,0,0,1,0
extroloil.com,0,0,0,2,0,0,0,0,0,1,0,1,0,0,1,0
bestydecor.com,0,0,1,5,0,0,0,0,0,0,0,1,1,1,1,1
elcomercio.pe,0,0,1,3,0,0,0,0,1,1,1,1,0,0,1,0
searchengineland.com,0,0,1,4,0,0,0,0,0,1,0,0,0,0,1,0
disq.us,0,0,1,0,0,0,0,0,0,1,0,1,0,0,1,0
old.vps.exoret.com,0,0,0,0,0,0,1,0,0,1,0,0,0,0,1,0
51jianli.cn,0,0,1,1,0,0,0,0,0,1,0,1,0,0,1,0
support.paypal.com.kulturabgru.kultura4.cp.regruhosting.ru,0,0,1,1,0,0,0,0,0,0,0,1,0,0,1,0
ottawaheroes.ca,0,0,1,7,0,0,0,0,0,0,0,1,0,0,1,0
wavesetholdings.com,0,0,0,1,0,0,0,0,0,0,0,1,0,0,1,0
amh.ro,0,0,0,1,0,0,0,0,0,1,0,1,0,0,1,0
idpd.pl,0,0,0,0,0,0,0,0,0,1,0,1,1,1,1,1
medium.com,0,0,1,2,0,0,0,0,0,1,0,1,0,0,1,0
fgts-liberado.epizy.com,0,0,0,0,0,0,0,1,0,1,0,1,0,0,1,0
1stnavalalliance.com,0,0,1,8,0,0,0,0,0,0,0,0,0,0,1,0
faceprofilephotogroups.000webhostapp.com,0,0,0,0,0,0,0,0,0,1,0,1,0,0,1,0
mtmonly.com,0,1,1,6,0,0,0,0,0,1,0,0,0,0,1,0
paypal-support-help-inc.blogspot.be,0,0,0,0,0,0,0,1,0,1,1,1,0,0,1,0
estocap.com.br,0,0,1,5,0,0,0,0,0,1,1,1,0,0,1,0
personalportfolio.com.au,0,0,0,1,0,0,0,0,0,1,1,1,0,0,1,0
patch.com,0,0,1,3,0,0,0,0,0,1,0,1,0,0,1,0
haberler.com,0,0,1,2,0,0,0,0,0,1,0,1,0,0,1,0
centrodenutricionysaludltda.com,0,0,1,3,0,0,0,0,0,1,0,1,0,0,1,0
pedacinhodefriburgo.com.br,0,0,0,2,0,0,0,0,0,0,0,0,0,0,1,0
jjscdc.cn,0,0,1,2,1,0,0,0,0,1,0,1,0,0,1,0
meganmacylesolutions.com,0,0,1,2,0,0,1,0,0,1,1,1,0,0,1,0
brewingredients.com,0,0,0,5,0,0,0,0,0,1,0,0,0,0,1,0
yamionmsuz.com,0,0,1,8,0,0,0,0,0,1,0,1,0,0,1,0
u.to,0,0,0,1,0,0,1,0,0,1,1,1,0,0,1,0
cheaproomsvalencia.com,0,0,1,5,0,0,0,0,0,1,0,0,1,0,1,0
thanhlytot.com,0,0,0,3,0,0,1,0,0,0,0,1,0,0,1,0
thenextweb.com,0,0,1,7,0,0,0,0,1,1,1,1,0,0,1,0
ukbusinessinsiders.com,0,0,1,3,0,0,0,0,0,1,0,1,0,0,1,0
paypal-helps-seller-ebay.gitlab.io,0,0,1,1,0,0,0,1,0,1,1,1,0,0,1,1
aegse.top,0,0,0,0,0,0,0,0,0,1,0,1,0,0,1,0
www-cimer-aidatiadeleri-tr-basvuru.com,0,0,1,1,0,0,0,1,0,1,0,1,0,0,1,0
willchurchill.tv,0,1,1,5,0,0,0,0,0,1,1,1,0,0,1,0
smallbusinesshosted.com,0,0,0,4,0,0,0,0,0,1,0,0,0,0,1,0
dhl.export.dns-cloud.net,0,0,0,2,0,0,0,1,0,0,0,0,0,0,1,0
loveskinhub.com,0,0,0,2,0,0,0,0,0,1,0,1,0,0,1,0
webfiddle.net,0,0,1,4,0,0,0,0,0,1,0,1,0,0,1,0
fesondeby.com,0,0,0,2,0,0,0,0,0,1,0,0,0,0,1,0
steamcommunity.com,0,0,1,9,1,0,0,0,0,1,0,1,0,0,1,0
quizlet.com,0,0,1,2,0,0,1,0,0,1,0,0,0,0,1,0
diply.com,0,0,1,4,0,0,0,0,0,1,0,0,0,0,1,0
cembra-ch.com,0,0,0,0,0,0,0,1,0,1,0,1,0,0,1,0
composito.com.br,0,0,0,3,0,0,0,0,0,0,1,1,0,0,1,0
waniakurier.com,0,0,0,2,0,0,0,0,0,1,0,1,1,1,1,1
drive.google.com,0,0,1,4,0,0,0,0,0,1,1,1,0,0,1,0
wlrembroidery.com,0,0,1,1,0,0,0,0,0,1,1,0,0,0,1,0
rextraening.dk,0,0,1,5,0,0,0,0,0,1,0,0,0,0,1,0
itir4.app.link,0,0,0,1,0,0,0,0,0,1,0,1,0,0,1,0
adislpe.co.uk,0,0,0,1,0,0,0,0,0,1,0,1,0,0,1,0
jesamondo.com,0,0,0,3,1,0,0,0,0,0,0,0,0,0,1,0
couter-nad.firebaseapp.com,0,0,0,0,0,0,0,1,0,1,1,1,0,0,1,0
thatvitaminhub.com,0,0,1,3,0,0,0,0,0,1,0,0,0,0,1,0
kianpelleh.com,0,0,0,2,0,0,0,0,0,0,0,0,1,1,1,1
drjbsclinic.com,0,0,0,2,0,0,0,0,0,1,1,1,0,0,1,0
taboola.com,0,0,1,5,0,0,0,0,0,1,0,1,0,0,1,0
theingredients.net,0,0,0,2,0,0,0,0,0,1,1,0,0,0,1,0
goldsilverboutique.com,0,0,1,3,0,0,0,0,0,1,0,1,0,0,1,0
physics.uctm.edu,0,0,1,6,0,0,0,0,0,0,1,1,0,0,1,0
tansus.co.uk,0,1,1,2,0,0,0,0,0,1,1,1,0,0,1,0
comdi3horas.joomla.com,0,0,0,3,0,0,0,0,0,1,0,1,1,1,1,1
appleid.apple.com.secured-login-recuperation-id.world,0,0,1,0,0,0,0,1,0,1,1,1,0,0,1,0
accurate-engineers.in,0,0,1,3,0,0,0,1,0,1,0,0,0,0,1,0
yourfreephoneapp.com,0,0,0,1,0,0,0,0,0,0,0,1,0,0,1,0
clients-verification-updates-case-234.blogspot.com,0,0,1,0,0,0,1,1,1,1,1,1,0,0,1,0
bongda88.info,0,0,1,6,0,0,0,0,0,1,0,1,0,0,1,0
travisjphotography.com,0,0,1,6,0,0,0,0,0,0,0,1,0,0,1,0
acega.com.sv,0,0,0,1,0,0,0,0,1,0,1,1,0,0,1,0
d26c5.weblium.site,0,0,0,0,0,0,0,0,1,0,1,1,0,0,1,0
identificacaodoaluno.auladelibrastvines.dnsabr.com,0,0,1,1,0,0,0,0,0,0,0,0,0,0,1,0
schachkraft.de,0,0,0,3,0,0,0,0,0,1,1,1,1,0,1,0
csgotear.ru,0,0,0,0,0,0,0,0,0,1,0,1,0,0,1,0
bankofamerica-logins.dns05.com,0,0,1,3,0,0,0,1,0,0,0,1,0,0,1,0
pg-series-atendimento.joomla.com,0,0,1,3,0,0,0,1,0,1,0,1,0,0,1,0
greatescapesworkshop.com,0,1,1,8,0,0,0,0,0,1,1,1,0,0,1,0
hamdamfoundation.org.pk,0,0,1,2,0,0,0,0,1,1,1,1,0,0,1,0
antiwto.jinbo.net,0,0,1,6,0,0,0,0,0,0,1,1,0,0,1,0
trydent.org,0,0,1,6,0,0,0,0,0,1,0,0,0,0,1,1
datascientist-shop.fr,0,0,1,9,0,0,0,1,0,1,0,1,0,0,1,0
testq1w2e3r4.000webhostapp.com,0,0,0,0,0,0,0,0,0,1,0,1,0,0,1,0
dukhovnist.in.ua,0,0,0,2,0,0,0,0,0,0,1,0,0,0,1,0
sonnex.ir,0,0,0,2,0,0,0,0,1,1,1,1,0,0,1,0
otomoto.pl,0,0,1,2,0,0,0,0,0,1,0,0,0,0,1,0
mail.jannawels.nl,0,0,0,2,0,0,0,0,0,1,1,1,0,0,1,0
bloquenegro.cl,0,1,1,5,0,0,0,0,0,1,0,1,0,0,1,0
hmrc.refund-apply.uk,0,0,0,0,0,0,0,1,0,1,0,1,1,1,1,1
pc9p99ppyuser.azurewebsites.net,0,0,0,1,0,0,0,0,1,1,1,1,1,0,1,0
d.pr,0,0,0,2,0,0,0,0,0,1,0,0,0,0,1,0
nectaribate.com.br,0,0,0,3,0,0,0,0,0,1,1,1,0,0,1,0
pfsoftware.in,0,0,0,2,0,0,0,0,0,1,0,0,0,0,1,0
oooue.000webhostapp.com,0,0,0,0,0,0,0,0,0,1,0,1,0,0,1,0
codecanyon.net,0,0,1,4,0,0,0,0,0,1,1,1,1,0,1,0
viabcp.smsl.vip,0,0,0,0,0,0,0,0,1,1,1,1,1,1,1,1
alfaequipamentosltda.com,0,0,0,1,0,0,0,0,0,1,0,1,0,0,1,0
weissins365-my.sharepoint.com,0,0,1,5,0,0,1,1,0,1,1,1,0,0,1,0
paytm.com,0,0,1,5,0,0,0,0,0,1,0,1,0,0,1,0
livraisonspeed01.cloudaccess.host,0,0,1,4,0,0,0,0,1,1,1,1,0,0,1,0
thelogodept.com,0,0,1,6,0,0,1,0,0,1,0,1,0,0,1,0
covid19---shop.rf.gd,0,0,0,0,0,0,0,1,1,1,1,1,0,0,1,0
doc.google.share.pressurecookerindia.com,0,0,1,1,0,0,0,0,0,1,0,0,0,0,1,0
betasus312.blogspot.com,0,0,0,0,0,0,1,0,1,1,1,1,0,0,1,0
jppost-na.top,0,0,0,1,0,0,0,1,0,1,1,1,1,1,1,1
itaucheckersecurity.com,0,0,1,1,0,0,0,0,0,1,0,1,0,0,1,0
arevszzs.000webhostapp.com,0,0,0,1,0,0,0,0,0,1,0,1,0,0,1,0
kremenchug.org.ua,0,0,0,3,0,0,0,0,0,1,0,0,0,0,1,0
depositphotos.com,0,0,1,1,0,0,0,0,0,1,0,1,0,0,1,0
coaltur.com,0,0,0,4,0,0,0,0,0,1,0,0,0,0,1,0
lokumdukkani.com,0,0,1,7,0,0,0,0,0,0,0,0,0,0,1,0
hindikavikssoni.com,0,0,1,5,0,0,0,0,0,1,0,1,0,0,1,0
bcpzonasegurabeta-viabcp-com.360egyptours.com,0,0,1,2,0,0,0,1,0,0,0,0,0,0,1,0
bnkrealestate.com,0,0,1,7,0,0,0,0,0,1,1,1,0,0,1,0
btc-ex.buzz,0,0,0,0,0,0,0,1,0,1,0,1,0,0,1,0
vzyat-zaym.ru,0,0,0,0,0,0,0,1,0,0,0,1,0,0,1,0
ltaucard.com,0,0,0,2,0,0,0,0,1,1,1,1,0,0,1,0
mercvdonegro.com,0,0,1,5,0,0,0,0,0,1,0,1,0,0,1,0
foursquare.com,0,0,1,3,0,0,0,0,0,1,0,1,0,0,1,0
villasakuraubud.com,0,0,1,6,0,0,0,0,0,0,0,0,0,0,1,0
sportbeclick.com,0,0,1,5,0,0,0,0,0,1,1,1,0,0,1,0
itchyrichy.com,0,1,1,3,1,0,0,0,0,1,0,0,0,0,1,0
webexert.com,0,0,0,0,0,0,1,0,0,0,0,1,0,0,1,0
blacksheepeventi.com,0,0,0,1,0,0,0,0,0,1,0,0,0,0,1,0
ewi.my.salesforce.com,0,0,1,5,0,0,0,0,0,1,1,1,0,0,1,0
paypal.co.uk.useriazi6bqgssb.settingsppup.com,0,0,0,0,0,0,0,0,0,1,0,1,0,0,1,0
angelalindvall.com,0,0,1,7,0,0,0,0,0,1,0,0,0,0,1,0
khanimambatraining.co.za,0,0,0,2,0,0,0,0,0,1,1,1,0,0,1,0
sribaladayanidhi.org,0,1,1,6,0,0,1,0,0,1,0,0,0,0,1,0
www34.presentes-promocoes-premier.com,0,0,1,6,0,0,0,1,0,1,0,1,0,0,1,0
gateomar.net,0,0,0,3,0,0,0,0,0,1,0,1,1,1,1,1
netorgft2223515-my.sharepoint.com,0,0,1,5,0,0,1,1,0,1,1,1,0,0,1,0
tsuzuki.co.id,0,0,0,4,0,0,0,0,0,1,0,1,0,0,1,0
peds-ortho.com,0,0,0,2,0,0,0,1,0,1,0,1,0,0,1,0
netflixloginhelp.com,0,0,0,0,0,0,0,0,0,1,1,1,0,0,1,0
tk.worldtreeyoga.org,0,0,0,1,0,0,0,0,0,1,0,1,1,1,1,1
society-friends.com,0,0,0,1,0,0,0,1,0,0,0,1,0,0,1,0
secure05b-chaseonline-verification.translogbooster.com,0,0,1,1,0,0,0,1,0,1,0,0,0,0,1,0
flavahairdesign.co.za,0,0,1,4,0,0,0,0,0,1,1,1,1,1,1,1
cpi-automation.ch,0,0,1,6,0,0,0,1,1,1,1,1,0,0,1,0
u707453pis.ha004.t.justns.ru,0,0,1,3,0,0,0,0,0,0,0,0,0,0,1,0
ulrc.go.ug,0,0,0,1,0,0,0,0,0,0,1,1,1,0,1,0
hmrc.gov-taxreturn-uk.org,0,0,0,0,0,0,0,1,0,1,0,1,0,0,1,0
cruzsantiagoverta.com,0,0,1,4,0,0,0,0,0,1,0,0,0,0,1,0
07dd96.htmlcomponentservice.com,0,0,1,1,0,0,0,0,0,0,0,1,0,0,1,0
www2.katedraljakarta.or.id,0,1,1,7,0,0,0,0,0,0,0,0,0,0,1,0
oncue1.com,0,0,0,1,0,0,0,0,0,1,0,1,0,0,1,0
withinmyskin.com,0,1,0,1,0,0,0,0,0,1,0,0,0,0,1,0
drive.google.com,0,0,1,1,0,0,0,0,0,1,1,1,0,0,1,0
alquileres.com.py,0,0,1,3,0,0,0,0,1,1,1,1,0,0,1,0
santaremplay.com.br,0,0,1,3,0,0,0,0,0,1,1,1,0,0,1,0
kidms.com,0,0,1,7,0,0,0,0,0,1,0,0,0,0,1,0
serverfault.com,0,0,1,3,0,0,1,0,0,1,0,1,0,0,1,0
touchbase.tools,0,0,0,1,0,0,0,0,0,0,0,0,0,0,1,0
indeedcontract.com,0,0,0,1,0,0,1,0,0,1,0,1,0,0,1,0
brahminudyog.com,0,0,0,2,0,0,0,0,0,1,0,1,0,0,1,0
lifehacker.com,0,0,1,1,0,0,0,0,0,1,1,0,0,0,1,0
fareast.qa,0,0,1,3,0,0,0,0,1,1,1,1,1,0,1,0
deal8282.com,0,0,1,8,0,0,0,0,0,1,1,1,0,0,1,0
gofishingcancun.com,0,0,0,1,0,0,0,0,0,0,0,1,0,0,1,0
po.do,0,0,0,1,0,0,0,0,0,0,0,0,0,0,1,0
synergyathletictraining.com,0,0,1,7,0,0,0,0,0,0,1,1,0,0,1,0
nymag.com,0,0,1,8,0,0,0,0,0,1,0,0,0,0,1,1
esporte.uol.com.br,0,0,1,5,0,0,0,0,0,0,1,1,0,0,1,0
mdhsz.mentriqq.com,0,0,1,1,0,0,0,0,0,1,1,1,0,0,1,0
megogo.net,0,0,1,4,0,0,0,0,0,1,0,1,0,0,1,0
ebay.co.uk.ektabhattacharya.com,0,0,1,2,0,0,0,0,0,1,0,0,0,0,1,0
haberler.com,0,0,1,1,0,0,0,0,0,1,0,1,0,0,1,0
atlantabasecamp.com,0,0,1,4,0,0,0,0,0,1,0,1,0,0,1,0
wikiwiki.jp,0,0,1,1,0,0,0,0,0,1,1,1,0,0,1,0
paypal.letima.de,0,0,0,0,0,0,0,0,0,1,1,1,0,0,1,0
plarium.com,0,0,1,5,0,0,0,0,0,1,0,1,0,0,1,0
sohoo.be,0,0,1,4,0,0,0,0,0,1,1,1,0,0,1,0
ltaucard.com,0,0,0,1,0,0,0,0,0,1,0,1,0,0,1,0
vnexpress.net,0,0,1,3,0,0,0,0,0,1,0,1,0,0,1,1
sastaservices.com,0,0,1,2,0,0,0,0,0,1,0,1,0,0,1,0
2933517.com,0,0,0,2,0,0,0,0,0,1,1,1,0,0,1,0
ekhobrand.com,0,0,1,4,0,0,0,0,0,1,0,1,0,0,1,0
officesetupsupport365.com,0,0,0,0,0,0,0,0,0,1,0,1,0,0,1,0
app.getaccept.com,0,0,1,5,0,0,1,0,0,0,0,0,0,0,1,0
netciti.id,0,0,1,3,0,0,0,0,0,1,0,0,0,0,1,0
toancaupumps.com,0,0,0,2,0,0,0,0,0,0,1,1,0,0,1,0
thebasementcompanylondon.co.uk,0,0,1,3,0,0,0,0,0,1,0,1,0,0,1,0
fazenda.gov.br,0,0,1,5,0,0,0,0,0,1,1,1,0,0,1,0
polarklimatsgserver.blogspot.com,0,0,0,0,0,0,1,0,1,1,1,1,0,0,1,0
radiodouradacd.com.br,0,0,1,6,0,0,0,0,0,1,1,1,0,0,1,0
pedidosdehoje.com,0,0,0,2,0,0,0,0,0,1,1,1,0,0,1,0
apple-id.siginin.no-idi9983.oasisministries.org.au,0,0,1,0,0,0,0,1,0,1,1,1,0,0,1,0
amlzone.com,0,0,1,8,0,0,0,0,0,1,1,1,0,0,1,0
whatsappjoin.budi01.me,0,0,0,0,0,0,0,0,0,1,0,1,1,1,1,1
makemeacard.com,0,0,1,2,0,0,0,0,0,1,0,1,1,1,1,1
bp-formularios-covid19.azurewebsites.net,0,0,0,0,0,0,0,1,1,1,1,1,0,0,1,0
espn.go.com,0,0,1,3,0,0,0,0,0,1,1,1,0,0,1,0
viccats.camcam.dns-cloud.net,0,0,1,4,0,0,0,1,0,0,0,0,0,0,1,0
clien.net,0,0,1,3,0,0,0,0,0,1,1,1,0,0,1,0
google.com,0,0,1,1,0,0,0,0,0,1,1,1,0,0,1,0
218betasus.com,0,0,0,0,0,0,0,0,0,1,0,1,1,1,1,1
bpersrl.com,0,0,0,0,0,0,0,0,1,1,1,1,1,1,1,1
fluteguards.nn.r.appspot.com,0,0,0,1,0,0,1,0,0,1,0,1,0,0,1,0
iaak12.org,0,0,0,1,0,0,0,0,0,1,0,1,0,0,1,0
coxadminhometeam.moonfruit.com,0,0,0,0,0,0,1,0,0,1,0,0,0,0,1,0
izzylogz.nn.r.appspot.com,0,0,0,1,0,0,1,0,1,1,1,1,0,0,1,0
b77541k0.beget.tech,0,0,0,1,0,0,0,0,0,1,0,1,0,0,1,0
nozed-uname.firebaseapp.com,0,0,0,0,0,0,0,1,1,1,1,1,0,0,1,0
crosplat.co.uk,0,0,0,2,0,0,1,0,0,1,0,0,0,0,1,0
atwiki.jp,0,0,1,5,0,0,0,0,0,1,1,1,0,0,1,0
imxprs.com,0,0,0,3,0,0,0,0,0,0,0,1,0,0,1,0
hgo.vipsnapchatsexting.com,0,0,0,0,0,0,0,0,0,1,0,1,1,1,1,1
bimsalasim.de,0,0,1,4,0,0,0,0,0,0,1,1,0,0,1,0
1477304571.storage.googleapis.com,0,0,1,1,0,0,0,0,1,1,1,1,0,0,1,0
ap-login.com,0,0,1,1,0,0,0,1,0,1,0,1,1,0,1,0
grrasawstraining.com,0,0,1,2,0,0,0,0,0,1,0,1,0,0,1,0
lycroproducts-my.sharepoint.com,0,0,1,5,0,0,1,1,0,0,1,1,0,0,1,0
myparc.sharepoint.com,0,0,1,3,0,0,1,0,0,1,1,1,0,0,1,0
restaurantecuevaspalacios.com,0,0,0,1,0,0,0,0,0,1,1,1,0,0,1,0
geonetc.net,0,0,0,1,0,0,0,0,0,0,0,0,0,0,1,0
sadervoyages.intnet.mu,0,0,1,3,0,0,1,0,0,0,0,0,0,0,1,0
blakefields.buzz,0,0,1,2,0,0,0,0,0,0,1,1,0,0,1,0
registrobnwebplataforma.com,0,0,0,2,0,0,0,0,0,1,0,1,0,0,1,0
titan-valves.com,0,0,0,5,0,0,0,1,0,1,0,0,0,0,1,0
xpixl.me,0,0,0,1,0,0,0,0,0,0,0,1,0,0,1,0
debbyfoodshop.com,0,0,1,5,0,0,0,0,0,0,0,0,0,0,1,0
appleid.apple.com-sa.pm,0,0,0,1,0,0,0,1,0,1,0,0,0,0,1,0
poisedpurpleabstracttype.updates.repl.co,0,0,0,0,0,0,0,0,0,1,0,1,0,0,1,0
grindtimegym.com,0,0,1,7,0,0,0,0,0,1,0,1,0,0,1,0
suumo.jp,0,0,1,4,0,0,0,0,0,1,1,1,0,0,1,0
coaltur.com,0,0,1,4,0,0,0,0,0,1,0,0,0,0,1,0
ime.uff.br,0,0,1,8,0,0,0,0,0,1,1,1,0,0,1,0
159.203.115.201,1,0,1,5,0,0,0,0,0,1,1,1,0,0,1,0
steamvert.tk,0,0,0,0,0,0,0,0,0,1,1,1,1,0,1,0
aurorabusinessunited.org,0,0,0,2,0,0,0,0,0,1,0,1,1,1,1,1
boldchila.beget.tech,0,0,0,0,0,0,0,0,0,1,0,1,0,0,1,0
doapositioning.com,0,0,1,4,0,0,0,0,0,1,0,1,0,0,1,0
sdxat.xyz,0,0,0,0,0,0,0,0,0,1,0,1,1,1,1,1
rohini-marriageworld.com,0,0,1,4,0,0,0,1,0,1,0,1,0,0,1,0
alzahrani-online.com,0,0,1,3,0,0,0,1,0,0,0,1,0,0,1,0
leones.uy,0,1,1,2,0,0,0,0,1,1,1,1,0,0,1,0
induferram.com,0,0,1,5,0,0,0,0,0,1,0,0,0,0,1,0
zipansion.com,0,0,0,1,0,0,0,0,0,0,0,1,0,0,1,1
pages-user-blocked.cf,0,0,0,0,0,0,0,1,0,1,1,1,1,1,1,1
maticcoupon.com,0,0,1,6,0,0,0,0,0,1,0,0,0,0,1,0
docs.google.com,0,0,1,5,0,0,0,0,0,0,0,0,0,0,1,0
myozhost.com,0,0,0,2,0,0,1,0,0,1,0,1,1,1,1,1
hollywoodlife.com,0,0,1,4,0,0,0,0,0,1,1,1,0,0,1,0
jra-automacao.com.br,0,0,1,3,0,0,0,1,0,0,1,1,0,0,1,0
yoho.com.tw,0,0,1,3,0,0,0,0,0,0,0,1,0,0,1,0
gawvs.in,0,0,1,3,0,0,0,0,0,1,0,1,0,0,1,0
translate.sogoucdn.com,0,0,1,1,1,0,0,0,0,1,1,1,0,0,1,0
1drv.ms,0,0,1,2,0,0,0,0,0,0,0,0,0,0,1,0
mixbook1.com,0,0,0,0,0,0,0,0,0,1,1,1,0,0,1,0
urlz.fr,0,0,0,1,0,0,0,0,0,1,0,1,0,0,1,0
diablodev.com,0,0,0,1,0,0,0,0,0,1,0,0,0,0,1,0
nicolocs.fr,0,0,1,3,0,0,0,0,0,1,0,1,0,0,1,0
j-noordeloos-regenesis-therapeut.nl,0,0,0,1,0,0,0,1,0,1,1,1,0,0,1,0
sellao-managero.joomla.com,0,0,1,5,0,0,0,1,0,1,0,1,0,0,1,0
smallseotools.com,0,0,1,2,0,0,0,0,0,1,0,1,0,0,1,0
fotoblad.com,0,0,1,4,0,0,0,0,0,0,0,1,0,0,1,0
hostpoint.ch.informaticaits.it,0,0,0,1,0,0,0,0,0,1,0,1,0,0,1,0
fishki.net,0,0,1,2,0,0,0,0,0,1,0,1,0,0,1,0
portoengenharia.net,0,0,1,3,0,0,0,0,0,1,0,0,0,0,1,0
semconnord-my.sharepoint.com,0,0,1,5,0,0,1,1,0,1,1,1,0,0,1,0
kristallsolucoes.com.br,0,0,1,2,0,0,0,0,0,1,1,1,0,0,1,0
afirehorse.com,0,0,0,4,0,0,0,0,0,1,0,1,0,0,1,0
joeylandon06.typeform.com,0,0,0,2,0,0,0,0,0,1,0,0,0,0,1,0
wazzpromo.com,0,0,0,2,0,0,0,0,0,1,0,0,0,0,1,0
mootah-medical.com,0,1,1,1,0,0,0,1,0,1,0,1,0,0,1,0
sfglobe.com,0,0,1,4,0,0,0,0,0,0,0,1,1,0,1,0
proxyx.ru,0,0,0,0,0,0,0,0,0,0,0,0,0,0,1,0
godrejs-southestate-okhla.com,0,0,0,1,0,0,0,1,0,1,0,0,0,0,1,0
wpengine.com,0,0,1,4,0,0,0,0,0,1,1,1,0,0,1,0
maanprofessionals.nl,0,0,0,1,1,0,0,0,0,1,1,1,0,0,1,0
securlty.be,0,0,0,1,0,0,0,0,0,1,1,1,0,0,1,0
crewscontrolmd-my.sharepoint.com,0,0,1,5,0,0,1,1,0,1,0,1,0,0,1,0
othermindmedia.com,0,0,0,3,0,0,0,0,0,1,0,0,0,0,1,0
shareba.com,0,0,1,1,0,0,0,0,0,0,0,1,0,0,1,0
53.com-id3105365.thoughtoholics.net,0,0,1,2,0,0,0,1,0,1,0,0,0,0,1,0
pmasc.co.uk,0,0,0,4,0,0,0,0,0,1,0,0,0,0,1,0
grottedisaledesenzano.com,0,0,0,1,0,0,0,0,0,1,0,1,0,0,1,0
techmarketingbuffalo.com,0,0,1,1,0,0,0,0,0,0,0,1,0,0,1,0
rendaorganica.com.br,0,0,0,1,0,0,0,0,0,0,1,1,0,0,1,0
drcorreamejoresimplantes.com,0,0,1,2,0,0,0,0,0,1,0,1,0,0,1,0
wallieget.com,0,0,0,3,0,0,1,0,0,1,1,1,0,0,1,0
ltaucard.com,0,0,0,1,0,0,0,0,0,1,0,0,0,0,1,0
tptelecom.it,0,0,1,8,0,0,0,0,0,1,0,0,1,0,1,0
ip-132-148-145-99.ip.secureserver.net,0,1,1,1,0,0,0,1,0,1,0,1,0,0,1,0
pattiturner.com,0,0,1,4,1,0,0,0,0,1,0,1,0,0,1,0
olx.in,0,0,1,3,0,0,0,0,0,1,0,1,0,0,1,1
wspolnie.com.pl,0,0,0,3,0,0,0,0,0,1,1,1,0,0,1,0
theyellowsparrow.com,0,0,0,1,0,0,0,0,0,0,0,1,0,0,1,0
cooperativabetania.org,0,0,1,1,0,0,0,0,1,1,1,1,0,0,1,0
193.35.48.23,1,0,1,1,0,0,0,0,0,1,1,1,0,0,1,0
facebook.valkan.cl,0,0,0,0,0,0,0,0,0,1,0,0,0,0,1,0
acct-frederickcountymd-inv.com,0,0,1,3,0,0,0,1,0,1,0,1,0,0,1,0
809829138265744-dot-ugd-vya-odk.appspot.com,0,0,1,2,0,0,1,1,1,1,1,1,0,0,1,0
47.89.46.18,1,0,0,0,0,0,0,0,0,1,1,1,0,0,1,0
medellincannabis.co,0,0,0,2,0,0,0,0,0,1,0,0,0,0,1,0
educationthai.co.th,0,0,1,8,0,0,0,0,0,1,1,1,0,0,1,0
aproveitaquedatempo.com,0,0,1,2,0,0,0,0,1,1,1,1,1,1,1,1
a2plvcpnl308307.prod.iad2.secureserver.net,0,0,1,4,0,0,0,0,0,1,0,1,0,0,1,0
home0customer00alertshoersystemcpo42fwon.000webhostapp.com,0,0,1,6,0,0,0,0,0,1,0,1,0,0,1,0
agemcargo.com,0,0,1,5,0,0,0,0,0,1,1,1,0,0,1,0
snoweco.com,0,0,0,1,0,0,0,0,0,1,0,0,0,0,1,0
mashable.com,0,0,1,6,0,0,0,0,0,1,1,1,0,0,1,0
grupoenercon.com.sv,0,0,0,1,0,0,0,0,1,1,1,1,0,0,1,0
xmley.codesandbox.io,0,0,0,1,0,0,0,0,0,1,0,1,0,0,1,0
thatsmint.work,0,0,0,2,0,0,0,0,1,1,1,1,0,0,1,0
cox.com,0,0,1,2,0,0,1,0,0,1,1,1,0,0,1,0
positiveomar.net,0,0,0,1,0,0,0,0,0,1,0,1,1,1,1,1
noticias.uol.com.br,0,0,1,7,0,0,0,0,0,1,1,1,0,0,1,0
cittainfinite.eu,0,0,1,2,0,0,0,0,0,1,1,1,0,0,1,0
pnrm.jp,0,0,1,11,0,0,0,0,0,0,0,1,0,0,1,0
bnkrealestate.com,0,0,1,4,0,0,0,0,0,1,0,1,0,0,1,0
championsgate-vacationhomes.orlandoareavacation.com,0,0,1,0,0,0,0,1,0,1,0,1,0,0,1,0
nepan.org.np,0,0,0,3,0,0,0,0,0,0,1,1,0,0,1,0
handsonbeautysalon.co.uk,0,0,0,2,0,0,0,0,0,1,0,1,0,0,1,0
new.mythreeaccountdetails.com,0,0,0,0,0,0,0,0,0,1,0,1,0,0,1,0
willyardlaw.com,0,1,1,2,1,0,0,0,0,1,0,1,0,0,1,0
acessotaucard.com,0,0,0,0,0,0,0,0,0,1,0,1,0,0,1,0
laurenbowling.com,0,0,1,3,0,0,0,0,0,1,0,1,0,0,1,0
dota2-starts.fun,0,0,0,0,0,0,0,1,0,1,0,1,1,1,1,1
youweb-bancobpm-it-verifica-dati.riepilogodati.info,0,0,1,0,0,0,0,1,0,1,0,1,0,0,1,0
mail.rivergovc.nl,0,0,0,2,0,0,0,0,0,1,1,1,0,0,1,0
zonasegura-vialbcp.com,0,0,0,1,0,0,0,1,0,1,0,1,0,0,1,0
zohard.com,0,0,1,8,0,0,0,0,0,1,0,0,1,0,1,0
capminvestment.com,0,1,0,1,0,0,1,0,1,1,1,1,0,0,1,0
kaizenpak.com,0,0,1,6,0,0,0,0,0,1,0,0,0,0,1,0
infoupdate-three.com,0,0,0,1,0,0,0,1,0,1,0,1,1,1,1,1
synerquest.com,0,0,0,0,0,0,1,0,0,1,1,1,0,0,1,0
particulares.santander.totta-pt.eu,0,0,0,0,0,0,0,1,0,1,1,1,1,1,1,1
oferamericanasweb.com,0,0,0,1,0,0,0,0,0,1,0,1,0,0,1,0
jacintomontu.com,0,0,0,2,0,0,0,0,0,1,0,1,0,0,1,0
homen-atendimento.joomla.com,0,0,1,2,0,0,0,1,0,1,0,1,0,0,1,0
haywardtransportationllc.com,0,0,1,4,0,0,0,0,0,0,0,1,0,0,1,0
noticias.uol.com.br,0,0,1,5,0,0,0,0,0,1,1,1,0,0,1,0
allegro.pl,0,0,1,2,0,0,0,0,0,1,1,1,0,0,1,0
500px.com,0,0,1,2,0,0,1,0,0,1,0,0,0,0,1,0
kishblackdolphin.ir,0,0,1,5,0,0,0,0,1,0,1,1,0,0,1,0
maio-em-promocoes.com,0,0,1,3,0,0,0,1,0,1,0,1,1,1,1,1
ecusltd-my.sharepoint.com,0,0,1,7,0,0,1,1,0,1,1,1,0,0,1,0
castromonitoramento.com.br,0,0,0,2,0,0,0,0,0,1,1,1,0,0,1,0
lenagruessdich.net,0,0,0,0,0,0,0,0,0,1,1,1,0,0,1,0
vmoremlm.com,0,0,1,3,0,0,0,0,0,1,0,1,0,0,1,0
pasite-454632.jdevcloud.com,0,0,1,4,0,0,0,1,0,1,1,1,0,0,1,0
stpetersquare.net,0,0,0,1,0,0,0,0,0,1,0,1,1,1,1,1
bit.ly,0,0,0,1,0,0,1,0,0,1,0,1,0,0,1,0
odaah.com,0,0,1,4,0,0,0,0,0,1,1,0,0,0,1,0
chikh-ali.com,0,0,1,4,0,0,0,1,0,1,0,1,0,0,1,0
thejobnewsupdate.com,0,0,1,5,0,0,0,0,0,1,0,1,0,0,1,0
dropbox.com,0,0,1,2,0,0,1,0,0,1,0,0,0,0,1,0
pentagonconsultants.in,0,0,1,2,0,0,0,0,0,1,0,1,0,0,1,0
u704893oyf.ha004.t.justns.ru,0,0,1,3,0,0,0,0,0,0,0,0,0,0,1,1
bclo.com.co,0,0,0,1,0,0,0,0,0,1,0,1,0,0,1,0
fazenda.gov.br,0,0,1,3,0,0,0,0,0,1,1,1,0,0,1,0
5de7b3245c2760991.temporary.link,0,0,1,2,0,0,0,0,1,0,1,1,0,0,1,0
casadecambiodq.com,0,0,0,1,0,0,0,0,0,1,0,1,0,0,1,0
bb.alerta-seguranca.com,0,0,0,0,0,0,0,1,0,1,0,1,0,0,1,0
cmfraj.org,0,0,0,2,0,0,0,0,0,0,1,1,0,0,1,0
rt.com,0,0,1,3,0,0,1,0,0,1,1,1,0,0,1,0
profelectrik.ru,0,0,1,4,0,0,0,0,0,0,0,0,0,0,1,0
allrecipes.com,0,0,1,5,0,0,0,0,1,1,1,1,0,1,1,0
argus-garage-doors-repair.com,0,0,0,1,0,0,0,1,0,1,0,0,0,0,1,0
baprov-visahome.com,0,0,0,1,0,0,0,1,0,1,0,0,0,0,1,0
andrikapermana.com,0,0,0,1,0,0,0,0,0,1,1,0,0,0,1,0
chat-whatsapp.holl45.ga,0,0,0,0,0,0,0,1,0,1,1,1,0,0,1,0
peacefulplushes.com,0,0,0,2,0,0,0,0,0,1,0,0,0,0,1,0
fashionphotographycourse.com,0,0,1,3,0,0,0,0,0,1,0,0,0,0,1,0
familypromisedc.org,0,0,0,3,0,0,0,0,0,1,1,1,0,0,1,0
solutionschiro.net,0,0,1,4,1,0,0,0,0,1,1,1,0,0,1,0
principesdedeus.com.br,0,0,1,3,0,0,0,0,0,1,1,1,0,0,1,0
meuitaucard.com,0,0,1,1,0,0,0,0,0,1,0,1,0,0,1,0
secure.counterpath.com,0,0,0,3,0,0,0,0,0,1,0,1,0,0,1,0
animatics.co.uk,0,0,0,2,0,0,0,0,0,1,0,1,0,0,1,0
kurortnoye.com.ua,0,1,1,3,0,0,0,0,0,0,1,1,1,0,1,0
hamt.jp,0,0,1,8,0,0,0,0,0,1,1,1,0,0,1,0
missionpick.com,0,0,1,4,0,0,0,0,0,1,0,0,0,0,1,0
poddar-wonder-city.co.in,0,0,0,1,0,0,0,1,0,1,0,0,0,0,1,0
erdcs.xyz,0,0,0,0,0,0,0,0,0,1,1,1,1,1,1,1
ademsa.com,0,0,0,2,0,0,0,0,0,1,0,1,0,0,1,0
earlystickgraft.com,0,0,1,2,0,0,1,0,0,0,1,1,0,0,1,0
di448620c5wng.cloudfront.net,0,0,1,3,0,0,0,0,1,1,1,1,0,0,1,0
onedrive.live.com,0,0,1,1,0,0,0,0,0,1,1,1,0,0,1,0
sk8hiromania.com,0,0,0,0,0,0,0,0,0,1,0,1,0,0,1,0
moviepilot.com,0,0,1,5,0,0,1,0,0,1,1,1,1,1,1,1
putlocker.is,0,0,1,1,0,0,0,0,0,0,1,1,0,0,1,0
zlobek.stargard.pl,0,0,0,1,0,0,0,0,0,1,0,0,0,0,1,0
wudustore.com,0,0,1,3,0,0,0,0,0,0,0,0,0,0,1,0
kustkaluga.narod.ru,0,0,0,0,0,0,0,0,0,1,0,1,0,0,1,0
paullemmerick.com,0,0,1,5,0,0,0,0,0,1,0,1,0,0,1,0
eevee.tv,0,0,0,4,0,0,0,0,0,1,0,0,0,0,1,0
sparkpassedecom.com,0,0,0,1,0,0,0,0,0,1,1,1,0,0,1,1
michelleconnollylpc.com,0,0,1,4,0,0,0,0,0,1,1,0,0,0,1,0
realestate-page.us.alapinta.com,0,0,0,0,0,0,0,1,0,1,0,0,0,0,1,0
betasusgunceladres.blogspot.com,0,0,0,0,0,0,1,0,1,1,1,1,0,0,1,0
keramikadecor.com.ua,0,0,1,3,0,0,0,0,0,1,1,1,0,0,1,0
zonasegurabcp.movil-viabcp.com,0,0,1,2,0,0,0,1,0,1,0,1,0,0,1,0
a2plvcpnl357327.prod.iad2.secureserver.net,0,0,1,4,0,0,0,0,0,1,0,1,0,0,1,0
hostiotics.com,0,0,1,4,0,0,0,0,0,0,0,1,1,0,1,0
uproxx.com,0,0,1,4,0,0,1,0,0,1,0,1,0,0,1,0
team-snudesde.google-safety.de,0,0,0,0,0,0,0,1,0,1,1,1,0,0,1,0
subscriber.dg48df4g.com,0,0,0,0,0,0,0,0,0,1,0,0,0,0,1,0
usup.strametyapi.com,0,0,0,0,0,0,0,0,0,1,0,1,0,0,1,0
motthegioi.vn,0,0,1,2,0,0,0,0,1,1,1,1,0,0,1,0
magalupromo2020.com,0,0,0,1,0,0,0,0,1,1,1,1,1,1,1,1
mainichi.jp,0,0,1,2,0,0,0,0,0,1,1,1,0,0,1,0
8s8cyak8emzp3qvvwmgx5qnqjjr17xltp4haci3m.s3.ap-northeast-2.amazonaws.com,0,0,1,3,0,0,0,1,0,1,1,1,0,0,1,0
chiatena.zxy.me,0,0,1,6,0,0,0,0,0,0,0,0,0,0,1,0
volarevic.com,0,0,0,5,0,0,0,0,0,1,0,0,0,0,1,0
shifawll1.ae,0,0,0,4,0,0,0,0,0,1,1,1,0,0,1,0
memose2.com,0,0,0,0,0,0,0,0,0,1,0,0,1,1,1,1
eevee.tv,0,0,0,4,0,0,0,0,0,1,0,1,0,0,1,0
oaep.diw.go.th,0,0,1,6,0,0,0,0,0,0,1,1,0,0,1,0
egyphar.net,0,0,0,3,0,0,0,0,0,0,0,1,0,0,1,0
donslan.com,0,0,1,6,0,0,0,0,1,1,1,1,0,0,1,0
definelife.me,0,0,1,5,0,0,0,0,0,1,0,0,0,0,1,0
ilardo.com,0,0,0,2,0,0,0,0,0,1,0,0,0,0,1,0
covid19-seguranca.autosmsbb.com,0,0,0,0,0,0,0,1,0,1,0,1,0,0,1,0
ap.org,0,0,1,4,0,0,0,0,0,1,0,1,0,0,1,1
gt3fixcndessmx29f6bnzxbblrs-my.sharepoint.com,0,0,1,5,0,0,1,1,0,1,1,1,0,0,1,0
urlspro.com,0,0,0,1,0,0,0,0,0,1,0,1,0,0,1,0
waverif.misecure.com,0,0,0,0,0,0,0,0,0,0,0,1,0,0,1,0
gambal.net,0,0,0,1,0,0,0,0,0,1,0,1,0,0,1,0
hm.rc-verify5.com,0,0,0,2,0,0,0,1,0,1,0,1,0,0,1,0
taijishentie.com,0,0,1,2,1,0,0,0,0,1,0,1,0,0,1,0
okulumda.com,0,0,1,2,0,0,0,0,0,0,0,1,0,0,1,0
frsthorizon.com-ahix.937101.tspca.org,0,0,1,1,0,0,0,1,0,1,0,1,1,1,1,1
thorrak.com,0,0,0,1,0,0,0,0,0,1,0,1,0,0,1,0
summerland.cl,0,0,1,2,0,0,0,0,0,1,0,1,0,0,1,0
russianamericanballet.com,0,0,1,5,0,0,1,0,0,1,0,1,0,0,1,0
exchangedictionary.com,0,0,1,7,0,0,0,0,0,0,0,1,0,0,1,0
lamvb.czweb.org,0,0,0,1,0,0,0,0,0,0,1,1,0,0,1,0
kerryduncan2-live.php5.hostingweb.co.uk,0,0,0,0,0,0,0,1,0,0,0,1,0,0,1,0
klanten-registrate.info,0,0,0,0,0,0,0,1,0,1,0,1,0,0,1,0
nabaud.com,0,0,0,0,0,0,0,0,0,1,0,1,0,0,1,0
sucursalvirtualpersonas.info,0,0,0,0,0,0,0,0,0,1,0,1,0,0,1,0
artexport.com.vn,0,0,1,7,0,0,1,0,1,0,1,1,0,0,1,0
appleid.apple.com-en.klantencs.com,0,0,1,0,0,0,0,1,0,1,0,0,1,1,1,1
gawker.com,0,0,1,1,0,0,0,0,0,1,0,0,0,0,1,0
myappstore.org,0,0,1,5,0,0,0,0,0,1,0,1,0,0,1,0
paypal-support-help-uk.com,0,0,0,0,0,0,0,1,0,1,0,1,0,0,1,0
file.docapps.dns-cloud.net,0,1,1,3,0,0,0,1,0,0,1,1,1,1,1,1
u708953pu8.ha004.t.justns.ru,0,0,0,1,0,0,0,0,0,0,0,0,0,0,1,0
howitfix.com,0,0,0,3,0,0,1,0,0,0,1,0,0,0,1,0
cavemanroasting.com,0,0,1,3,0,0,0,0,0,1,0,1,0,0,1,0
176.119.1.180,1,0,0,2,0,0,0,0,0,1,1,1,0,0,1,0
handle.booktobi.com,0,0,0,2,0,0,0,0,0,0,1,1,0,0,1,0
twowheelcool.com,0,0,1,2,0,0,0,0,0,0,0,1,0,0,1,0
dotpay.e-pocztex.pl,0,0,1,1,0,0,0,1,0,1,0,1,1,1,1,1
demo.travelbusinessportal.com,0,0,0,3,0,0,0,0,0,0,0,0,0,0,1,0
docs.google.com,0,0,1,3,0,0,0,0,0,1,1,1,0,0,1,0
babymeadows.sg,0,0,1,5,0,0,0,0,0,1,0,0,0,0,1,0
loansmumbai.com,0,0,0,3,0,0,0,0,0,1,0,1,1,1,1,1
arenda167023.000webhostapp.com,0,0,0,0,0,0,0,0,0,1,0,1,0,0,1,0
stikerpackvkk.000webhostapp.com,0,0,0,0,0,0,0,0,0,0,1,1,0,0,1,0
moschinooutlet.pl,0,0,0,0,0,0,0,0,0,1,0,0,0,0,1,0
zoohanpro.com,0,0,1,2,0,0,0,0,0,1,1,1,0,0,1,0
semanadasmaeconfira.com,0,0,0,2,0,0,0,0,0,1,0,1,0,0,1,0
webpageshome.com,0,0,1,2,0,0,0,0,0,1,0,1,0,0,1,0
secure24-paypal-payement.blogspot.com,0,0,0,0,0,0,1,1,1,1,1,1,0,0,1,0
allegro.pl,0,0,1,2,0,0,0,0,0,1,0,0,0,0,1,0
itisrighi.fg.it,0,0,0,3,1,0,0,0,0,1,0,0,0,0,1,0
prodxattnetcommonlogi.godaddysites.com,0,0,0,0,0,0,0,0,0,1,0,1,0,0,1,0
acct-scsouthmountain-inv.org,0,0,1,3,0,0,0,1,1,1,1,1,0,0,1,0
alsapan-epi.com,0,0,1,4,0,0,0,1,0,1,0,0,0,0,1,0
snapchat.accounts.crimsonmart.com,0,0,0,1,0,0,1,0,0,1,1,1,0,0,1,0
mariamuller.com.br,0,0,1,2,0,0,0,0,0,1,1,1,0,0,1,0
imxprs.com,0,0,1,3,0,0,0,0,0,1,0,1,0,0,1,0
issa365-my.sharepoint.com,0,0,1,5,0,0,1,1,0,1,1,1,0,0,1,0
expressshippers.net,0,0,0,1,0,0,0,0,0,1,0,0,1,1,1,1
siesoluciones.com,0,0,1,7,0,0,0,0,0,1,1,1,0,0,1,0
steamcommunity.com,0,0,1,8,1,0,0,0,0,1,0,1,0,0,1,0
securesquared.co.uk,0,0,1,4,0,0,0,0,0,1,0,1,0,0,1,0
betdhw.com,0,0,0,2,0,0,0,0,0,1,1,1,0,0,1,0
rocketnews24.com,0,0,1,2,0,0,0,0,0,1,1,1,0,0,1,0
netorgft1432979-my.sharepoint.com,0,0,1,5,0,0,1,1,0,1,0,1,0,0,1,0
myrnd.info,0,0,1,8,0,0,0,0,0,1,0,1,0,0,1,0
obslive.oss-eu-west-1.aliyuncs.com,0,0,1,1,0,0,0,1,0,1,0,1,0,0,1,0
steamcommunnitty.tk,0,0,0,0,0,0,0,0,0,1,1,1,0,0,1,0
olx.ua,0,0,1,4,0,0,0,0,0,1,1,1,0,0,1,0
goldsubzehy.tk,0,0,0,1,0,0,0,0,0,1,1,1,0,0,1,0
mycarauctionad.com,0,0,0,2,0,0,0,0,0,1,0,1,0,0,1,0
nametests.com,0,0,1,3,0,0,0,0,0,0,0,1,0,0,1,0
binanceofficialdex.com,0,0,0,0,0,0,1,0,0,1,0,0,0,0,1,0
brandedmikadotrousers.com,0,0,1,3,0,0,0,0,0,1,0,0,0,0,1,0
rplg.co,0,0,0,1,0,0,0,0,0,0,0,0,0,0,1,0
buff.ly,0,0,0,1,0,0,0,0,0,0,1,1,0,0,1,0
gooyatoronto.com,0,0,0,0,0,0,0,0,0,0,0,0,0,0,1,0
tny.sh,0,0,0,1,0,0,0,0,0,0,0,0,0,0,1,0
wdestaques14.comprehojeegarante.com,0,0,1,5,0,0,0,0,0,0,0,1,0,0,1,0
norcaltc-my.sharepoint.com,0,0,1,5,0,0,1,1,0,1,1,1,0,0,1,0
nectaribate.com.br,0,0,1,3,0,0,0,0,0,1,1,1,0,0,1,0
asmelhoresofertasmagalu.com,0,0,0,1,0,0,0,0,0,1,0,1,1,1,1,1
ftp.kingdomhotelsupplies.nl,0,0,1,2,0,0,0,0,0,0,1,1,0,0,1,0
plytecfi-my.sharepoint.com,0,0,1,5,0,0,1,1,0,1,1,1,0,0,1,0
mevida.se,0,0,0,1,0,0,0,0,0,1,0,0,0,0,1,0
steamproxy.net,0,0,1,2,0,0,0,0,0,0,0,1,0,0,1,0
geoenergia.net,0,0,1,1,0,0,0,0,0,1,0,0,0,0,1,0
venha-conferir-super-liquidacao.shop,0,0,1,1,1,0,0,1,0,1,1,1,1,1,1,1
solcold.com,0,0,0,0,0,0,0,0,0,0,0,0,0,0,1,0
mncelektronik.com,0,0,1,7,0,0,0,0,0,1,0,0,0,0,1,0
breakingthelimits.com,0,0,0,1,0,0,0,0,0,1,0,0,0,0,1,0
kanakapolymers.com,0,0,1,5,0,0,0,0,0,1,1,1,0,0,1,0
laurelmine.xyz,0,0,0,1,0,0,0,0,0,1,0,0,0,0,1,0
my-wonderland.com,0,0,0,3,0,0,0,1,0,1,0,1,0,0,1,0
cafecitoperez.ivanidzakovic.com,0,0,1,6,0,0,0,0,0,1,1,1,0,0,1,0
wdestaques14.modelodeaproveitar.com,0,0,1,5,0,0,0,0,0,1,0,1,0,0,1,0
slashdot.org,0,0,1,1,0,0,0,0,1,1,1,1,0,0,1,0
vipplusavlu.com,0,0,0,2,0,0,0,0,0,1,0,1,0,0,1,0
fftcbd.com,0,0,0,1,0,0,0,0,0,1,1,1,0,0,1,0
lyrapuspa.quantumresign.com,0,0,0,3,0,0,0,0,1,1,1,1,0,0,1,0
alpha-mail-server3.ns01.info,0,0,1,2,0,0,0,1,0,0,0,0,0,0,1,0
portal-meu-a-p-p-web1-itaunet1-com-voce.000webhostapp.com,0,0,1,0,0,0,0,1,0,1,0,1,0,0,1,0
planwise.co.za,0,0,1,6,0,0,0,0,0,1,1,1,0,0,1,0
jeremyfullserviceinc.com,0,0,1,5,0,0,0,0,0,1,0,0,0,0,1,0
bitscases.gq,0,0,0,0,0,0,0,0,0,1,1,1,0,0,1,0
fr57f6yg.gb.net,0,0,1,2,0,0,0,0,1,1,1,1,0,0,1,0
vaunty-halt.000webhostapp.com,0,0,0,1,0,0,0,1,0,1,1,1,0,0,1,0
puntaarenas.cl,0,0,1,3,0,0,0,0,0,0,0,1,0,0,1,1
docs.google.com,0,0,1,5,0,0,0,0,0,1,0,1,0,0,1,0
toplinok.beget.tech,0,0,0,1,0,0,0,0,0,1,0,1,0,0,1,0
seekingalpha.com,0,0,1,3,0,0,0,0,0,1,0,0,0,0,1,0
kovolem.cz,0,0,1,1,0,0,0,0,0,1,0,1,0,0,1,0
deltacorpuae.com,0,1,1,1,0,0,0,0,0,1,0,1,0,0,1,0
halfmoonsmast.jrcasey.com,0,0,1,6,0,0,0,0,1,1,1,1,0,0,1,0
davidhavenar2311.typeform.com,0,0,0,2,0,0,0,0,0,1,0,0,0,0,1,0
wisegeek.com,0,0,0,1,0,0,0,0,0,1,0,0,0,0,1,0
ideeonlineupdateinforeferencenumb09652685.draintekireland.co.uk,0,0,1,1,0,0,0,0,0,1,0,0,0,0,1,0
restaurantelabarquita.com,0,0,1,2,0,0,0,0,0,1,0,0,0,0,1,0
attyf.yolasite.com,0,0,0,0,0,0,0,0,1,1,1,1,0,0,1,0
a.a.3483.fhug.5875.dhirt.4989.rgkhr.594k.egih.dg4r4t.clearpointsupplies.com,0,0,1,1,0,0,0,0,0,1,0,1,0,0,1,0
helda.by,0,0,0,2,0,0,0,0,0,1,0,1,0,0,1,0
kakaku.com,0,0,1,1,0,0,0,0,0,1,0,0,0,0,1,0
sknaquatech.com,0,0,1,4,0,0,0,0,0,1,0,1,0,0,1,0
vintage-etherwallet.com,0,0,0,0,0,0,1,1,0,1,0,0,0,0,1,0
elcomercio.pe,0,0,1,2,0,0,0,0,1,1,1,1,0,0,1,0
marvel.com,0,0,1,4,0,0,0,0,0,1,1,1,0,0,1,0
services.runescape.com-un.ru,0,0,1,2,0,0,0,1,0,0,0,0,0,0,1,0
gtbank.com,0,0,1,4,0,0,0,0,0,1,0,1,0,0,1,0
creditsuisseint.com,0,0,0,2,0,0,1,0,0,1,0,0,0,0,1,0
intercheducts.com,0,0,0,2,0,0,0,0,0,1,0,1,0,0,1,0
bimovia.com,0,0,1,4,0,0,0,0,0,1,0,1,0,0,1,0
enext.mn,0,0,0,3,0,0,0,0,0,0,0,0,0,0,1,0
etecindsvc.com,0,0,0,1,0,0,0,0,0,1,1,0,0,0,1,0
privatbank.ua,0,0,1,4,0,0,0,0,0,1,1,1,0,0,1,0
k-astal.com,0,0,1,3,0,0,0,1,0,0,1,1,0,0,1,0
ftitc.com,0,0,0,1,0,0,0,0,0,1,0,1,0,0,1,0
fj1gh.app.link,0,0,0,1,0,0,0,0,0,1,0,1,0,0,1,0
kinemind.com,0,0,1,6,0,0,0,0,0,0,0,1,0,0,1,0
mms.tucsonhispanicchamber.net,0,0,1,4,0,0,0,0,0,1,0,0,0,0,1,0
presente-antecipado-mae-moderna.com,0,0,1,2,0,0,0,1,1,1,1,1,0,0,1,0
perezhilton.com,0,0,1,3,0,0,0,0,0,1,0,1,0,0,1,0
expeditions-of-e.com,0,0,1,3,0,0,0,1,0,1,0,1,0,0,1,0
servparaferro.com.br,0,0,1,6,0,0,0,0,0,1,1,1,0,0,1,0
night-kingdom.mysteria.cz,0,0,0,1,0,0,0,1,1,0,1,1,0,0,1,0
wilstv.com,0,0,0,3,0,0,0,0,1,1,1,1,0,0,1,0
imsva91-ctp.trendmicro.com,0,0,1,4,0,0,0,1,0,1,0,1,0,0,1,0
dreamhouse.in.th,0,0,1,5,0,0,0,0,0,0,0,0,1,0,1,0
lunaclothing-my.sharepoint.com,0,0,1,5,0,0,1,1,0,1,1,1,0,0,1,0
tinyurl.com,0,0,0,1,0,0,1,0,0,1,0,1,0,0,1,0
acct-scsouthmountain-inv.me,0,0,1,3,0,0,0,1,0,1,0,1,0,0,1,0
chaseon.sytes.net,0,0,0,3,0,0,0,0,1,1,1,1,1,1,1,1
keypointtraining-my.sharepoint.com,0,0,1,5,0,0,1,1,0,1,1,1,0,0,1,0
cobrodesa.com,0,0,1,3,0,0,0,0,0,1,0,1,0,0,1,0
lmsanimation.com,0,0,1,3,0,0,0,0,0,1,1,1,0,0,1,0
roithai.com,0,0,1,6,0,0,0,0,0,1,1,1,0,0,1,0
enigreen.net,0,0,1,3,0,0,0,0,0,1,0,0,0,0,1,0
clayheart.com,0,0,0,3,0,0,1,0,0,1,0,0,0,0,1,0
mamayavgorah.com,0,0,0,3,0,0,0,0,0,1,0,1,0,0,1,0
jppost-ga.co,0,0,0,1,0,0,0,1,0,0,0,0,1,1,1,1
currosat.com,0,0,1,4,0,0,1,0,0,1,0,1,0,0,1,0
cracksbot.com,0,0,0,2,0,0,1,0,0,1,0,1,0,0,1,0
fudavida.org,0,0,1,5,0,0,0,0,0,0,0,1,0,0,1,0
bravobeveiliging-my.sharepoint.com,0,0,1,5,0,0,1,1,0,1,1,1,0,0,1,0
rcone.kvhkosher.org,0,1,1,3,0,0,0,0,0,0,1,1,0,0,1,0
ecodrink.vn,0,0,0,4,0,0,0,0,1,1,1,1,0,0,1,0
maciel.med.br,0,0,1,5,0,0,0,0,0,1,1,1,0,0,1,0
abano5.ge,0,0,0,3,0,0,0,0,0,1,1,1,0,0,1,0
housefullfilms.com,0,0,1,5,0,0,0,0,0,1,0,0,1,0,1,0
fcoxzinc.nn.r.appspot.com,0,0,0,1,0,0,1,0,1,1,1,1,0,0,1,0
alertasynotificaciioness-bancolombia.zz.com.ve,0,0,1,0,0,0,0,1,0,0,1,1,0,0,1,0
docs.google.com,0,0,1,5,0,0,0,0,0,0,1,1,0,0,1,0
mesdepromocao.com,0,0,1,3,0,0,0,0,0,1,0,1,0,0,1,0
yaboets.hop.ru,0,0,0,0,0,0,0,0,0,0,0,0,0,0,1,0
mysurveygizmo.com,0,0,0,3,0,0,0,0,0,0,0,1,1,0,1,0
codecanyon.net,0,0,1,4,0,0,0,0,0,1,1,1,0,0,1,0
upd-medlav.net,0,0,1,2,0,0,0,1,1,1,1,1,0,0,1,0
g8consultores.com.ar,0,0,0,1,0,0,0,0,0,1,1,1,0,0,1,0
abc.go.com,0,0,1,9,0,0,0,0,0,1,1,1,0,0,1,0
ww1.prominentlygifts.loan,0,0,0,0,0,0,0,0,0,1,0,0,0,0,1,0
firebasestorage.googleapis.com,0,0,1,5,0,0,1,0,1,1,1,1,0,0,1,0
topsqueegee.com,0,0,0,1,0,0,0,0,0,1,0,1,0,0,1,0
securemail9.godaddysites.com,0,0,0,0,0,0,0,0,0,1,0,1,0,0,1,0
akilili.com,0,0,1,4,0,0,0,0,0,0,0,0,0,0,1,0
lbcpzonasegurabeta.rf.gd,0,0,0,0,0,0,0,0,1,1,1,1,0,0,1,0
moonkahonda.com,0,0,1,3,0,0,0,0,0,0,0,0,0,0,1,0
u718633rwt.ha004.t.justns.ru,0,0,0,3,0,0,0,0,0,0,0,0,0,0,1,0
zonaseguraweb1.bnv-pe.online,0,0,0,2,0,0,0,1,0,1,0,1,1,1,1,1
colegiomoura.com.br,0,1,1,3,0,0,1,0,0,1,1,1,0,0,1,0
girlsgettinggoals.com,0,0,1,3,0,0,0,0,0,1,0,1,0,0,1,0
facebook.com.saketmehta.com,0,0,0,0,0,0,0,0,0,1,0,1,0,1,1,0
pmm.ac.in,0,0,0,4,0,0,0,0,0,1,0,1,0,0,1,0
central-de-vendas.com,0,0,1,2,0,0,0,1,0,1,0,1,1,1,1,1
techcrunch.com,0,0,1,3,0,0,0,0,0,1,1,1,0,0,1,0
jcbrcontabil.com.br,0,0,0,1,0,0,0,0,0,1,1,1,0,0,1,0
aaaaa.the4orce.net,0,0,0,0,0,0,0,0,0,1,0,1,0,0,1,0
bly-socks.com.ua,0,0,1,6,0,0,0,1,0,0,1,1,0,0,1,0
burkestar.com,0,1,1,5,0,0,0,0,0,1,0,1,0,0,1,0
e-castle.co.kr,0,0,0,3,0,0,0,1,0,1,0,1,0,0,1,0
saatsaat.com,0,0,0,1,0,0,1,0,0,0,0,1,0,0,1,0
arturana.com,0,0,0,4,0,0,0,0,0,0,0,0,0,0,1,0
cruzsantiagoverta.com,0,0,1,4,0,0,0,0,0,1,0,1,0,0,1,0
tqte0.codesandbox.io,0,0,0,0,0,0,0,0,0,1,0,1,0,0,1,0
heeressport.at,0,0,0,1,0,0,0,0,0,0,0,1,1,0,1,0
app-b.jdevcloud.com,0,0,0,3,0,0,0,1,0,1,1,1,1,1,1,1
babobando.ga,0,0,0,1,0,0,0,0,0,1,1,1,1,1,1,1
000webhostvk.000webhostapp.com,0,0,0,0,0,0,0,0,0,1,0,1,0,0,1,0
unclekick.com,0,0,1,5,0,0,0,0,0,0,0,0,0,0,1,0
mdelaw.com,0,0,0,1,0,0,0,0,0,1,0,1,0,0,1,0
wuarface.ru,0,0,0,0,0,0,0,0,0,1,0,0,0,0,1,0
art-sticker.fr,0,0,1,5,0,0,0,1,0,1,0,0,0,0,1,0
eksisozluk.com,0,0,1,0,0,0,0,0,0,1,0,1,1,1,1,1
marrinx.de,0,0,0,3,0,0,0,0,0,1,1,1,0,0,1,0
paypal-loginupdate.viewdns.net,0,0,0,0,0,0,0,1,0,0,0,1,0,0,1,0
hmrc.tax22refund.com,0,0,0,1,0,0,0,0,0,1,0,1,0,0,1,0
eventdofus.com,0,0,0,0,0,0,0,0,0,1,0,1,0,0,1,0
dailyexclusiveoffer.com,0,0,1,3,0,0,0,0,0,1,1,1,0,0,1,0
sitevendasonline.com,0,0,0,2,0,0,0,0,0,1,0,1,0,0,1,0
blueboy.studio,0,0,1,4,0,0,0,0,1,1,1,1,0,0,1,0
mitrasolusiseragam.com,0,0,1,3,0,0,0,0,0,1,0,0,0,0,1,0
mail.hethartthuiszorg.nl,0,0,1,2,0,0,0,0,0,1,1,1,0,0,1,0
themeforest.net,0,0,1,4,0,0,0,0,1,1,1,1,0,0,1,1
glendoraplaza.com,0,0,0,0,0,0,0,0,0,1,0,1,0,0,1,0
fbautoliker.co,0,0,0,1,0,0,0,0,0,0,0,1,0,0,1,0
etswe.club,0,0,0,0,0,0,0,0,0,1,0,1,1,1,1,1
testing-adjusting-balancing.com,0,0,1,2,0,0,0,1,0,1,0,1,0,0,1,0
digitalmillionaires.com,0,0,0,1,0,0,0,0,0,0,0,0,0,0,1,0
guycoweb.com,0,1,1,6,0,0,0,0,0,0,0,0,0,0,1,0
novageracaotransportes.com.br,0,0,1,4,0,0,0,0,0,1,1,1,0,0,1,0
housefullfilms.com,0,0,1,5,0,0,0,0,0,1,0,1,1,0,1,0
bdsfa.sharepoint.com,0,0,1,3,0,0,1,0,0,0,0,0,0,0,1,0
auslaufen.com,0,0,1,3,0,0,0,0,0,1,1,1,0,0,1,0
irecommend.ru,0,0,1,2,0,0,0,0,0,1,0,0,0,0,1,0
remsy.app.link,0,0,0,1,0,0,0,0,0,1,0,1,0,0,1,0
persianblog.ir,0,0,1,3,0,0,0,0,1,1,1,1,1,1,1,1
signalsnipe.com,0,0,0,4,0,0,0,0,0,1,0,1,0,0,1,0
xvideo-jp.com,0,0,1,5,0,0,0,1,0,1,0,1,0,0,1,0
mocktails.co.in,0,0,0,1,0,0,0,0,0,1,0,1,0,0,1,0
chineshydromechanical.com,0,0,0,0,0,0,0,0,0,1,1,1,0,0,1,0
integrityozonesolutions.com,0,0,1,4,1,0,0,0,0,1,0,1,0,0,1,0
f.px1.co,0,0,0,0,0,0,0,0,0,1,0,1,0,0,1,0
mail.bancoaztecagt.com,0,0,0,0,0,0,1,0,0,0,0,0,0,0,1,0
ramgarhiamatrimonial.ca,0,0,1,3,0,0,0,0,0,1,0,1,0,0,1,1
edmonds-engineering.is-a-designer.com,0,0,1,3,0,0,0,1,1,1,1,1,0,0,1,0
mahpuala.blogspot.com,0,0,0,0,0,0,1,0,1,1,1,1,0,0,1,0
enquiry-id-918412.net,0,0,0,1,0,0,0,1,0,1,0,1,1,1,1,1
attach6119bgz.myratesale.com,0,0,0,0,0,0,0,0,0,1,0,1,1,1,1,1
paypal-merchantloyalty.com,0,0,0,0,0,0,0,1,0,1,1,1,0,0,1,0
us.megamilly.com,0,0,0,4,0,0,0,0,0,1,0,0,0,0,1,0
diagnosticandstatisticalmanual.org,0,0,1,5,0,0,0,0,0,1,0,1,0,0,1,0
acct-premierhomehealthcare-inv.com,0,0,1,3,0,0,0,1,0,1,0,1,0,0,1,0
kortalankar.se,0,0,0,1,0,0,0,0,0,1,0,0,0,0,1,0
eternityflooringcom-my.sharepoint.com,0,0,1,5,0,0,1,1,0,1,1,1,0,0,1,0
web.tv,0,0,1,8,0,0,0,0,0,1,1,1,0,0,1,0
insularbank.ph,0,1,1,3,0,0,0,0,1,1,1,1,0,0,1,0
eth-give.info,0,0,0,0,0,0,0,1,0,1,1,1,0,0,1,0
meduchet.com,0,0,1,6,0,0,1,0,0,0,0,0,1,0,1,0
betaresourcesltd.com,0,0,1,3,0,0,0,0,1,0,1,1,0,0,1,0
addpoll.com,0,0,1,3,0,0,0,0,0,0,0,1,0,0,1,0
attloginnewupdatingservicemailcommunication.weebly.com,0,0,1,0,0,0,0,0,0,1,0,1,0,0,1,0
hotelmontiazzurri.com,0,0,0,2,0,0,0,0,0,1,0,1,0,0,1,0
lucidfestival.com,0,0,1,6,0,0,0,0,0,1,0,1,0,0,1,0
barclaycard.signln.link,0,0,0,0,0,0,0,0,0,1,1,1,0,0,1,0
yougotcustomers.in,0,0,0,2,0,0,0,0,0,0,0,1,0,0,1,0
micro-sales.co.uk,0,0,0,1,0,0,0,1,0,1,0,0,0,0,1,0
recovery-support.u718573rwk.ha004.t.justns.ru,0,0,1,1,0,0,0,1,0,0,0,0,0,0,1,0
etsee.club,0,0,0,0,0,0,0,0,0,1,0,1,1,1,1,1
chaturbate.com,0,0,1,3,0,0,0,0,0,1,0,1,0,0,1,0
ourstaf.com,0,0,0,3,0,0,0,0,0,1,0,1,1,1,1,1
citigroupsmy.com,0,0,0,1,0,0,0,0,0,1,0,1,0,0,1,0
mtmonly.com,0,1,1,6,0,0,0,0,0,1,1,1,0,0,1,0
mail.afirehorse.com,0,0,0,4,0,0,0,0,0,1,0,1,0,0,1,0
24guardalupe.joomla.com,0,0,1,2,0,0,0,0,0,1,0,1,1,1,1,1
especialmentemaes.com,0,0,1,2,0,0,0,0,0,1,0,0,1,1,1,1
my-3-billing.com,0,0,0,0,0,0,0,1,0,1,0,1,0,0,1,0
nypost.com,0,0,1,4,0,0,1,0,0,1,1,1,0,0,1,0
puhjytdesc.com,0,0,0,1,0,0,0,0,0,1,0,1,1,1,1,1
fosforlumarket.com,0,0,1,3,0,0,1,0,0,1,0,0,0,0,1,0
butlercourse.com,0,0,0,3,0,0,0,0,0,1,0,0,0,0,1,0
gioielleriagibertini.com,0,0,1,5,0,0,0,0,0,1,1,1,0,0,1,0
roomedic.com,0,0,0,1,0,0,0,0,0,0,0,1,0,0,1,0
madetec20.com,0,0,0,2,0,0,0,0,0,1,0,1,0,0,1,0
grupwhatsappsexy.zyns.com,0,0,0,0,0,0,0,0,0,0,0,1,0,0,1,0
ip-socialmedia.com,0,0,1,6,0,0,0,1,0,0,0,0,0,0,1,0
hutoknepper.de,0,0,0,0,0,0,0,0,0,1,1,1,0,0,1,0
app.rspread.com,0,0,1,1,0,0,0,0,0,0,0,0,0,0,1,0
resgateseuspontos.com.br.co25359.tmweb.ru,0,0,0,0,0,0,0,0,0,1,0,0,0,0,1,0
xvideo-jp.com,0,0,1,4,0,0,0,1,0,1,0,1,0,0,1,0
lbmengenhariarj.com.br,0,0,0,2,0,0,0,0,0,1,1,1,0,0,1,0
vikatmillers.com,0,0,1,3,0,0,0,0,0,1,0,0,1,0,1,0
amazon.co.jp.d5f21q36e4fqc1qfg.buzz,0,0,0,0,0,0,0,0,0,1,1,1,1,1,1,1
conservativetribune.com,0,0,1,1,0,0,0,0,0,0,1,1,0,0,1,0
alfalfalfa.com,0,0,1,2,0,0,0,0,0,1,0,1,0,0,1,0
autorizador5.com.br,0,0,1,8,0,0,0,0,0,1,1,1,0,0,1,0
inx.lv,0,0,0,1,0,0,0,0,0,1,1,1,0,0,1,0
alfredtalkelogisticservices-my.sharepoint.com,0,0,1,7,0,0,1,1,0,1,1,1,0,0,1,0
kurskin.be,0,0,1,6,0,0,0,0,0,0,1,1,0,0,1,0
error-09ml2a.ga,0,0,0,1,0,0,0,1,0,0,1,1,0,0,1,0
sistemadeatualizacaautomaticoonline.tk,0,0,0,0,0,0,0,0,0,1,1,1,1,1,1,1
slashdot.org,0,0,1,3,0,0,0,0,1,1,1,1,0,0,1,0
saalik.com,0,0,0,2,0,0,0,0,0,1,0,1,0,0,1,0
sgozq-alternate.app.link,0,0,0,0,0,0,0,1,0,1,0,1,0,0,1,0
atendimento-sac-pg.joomla.com,0,0,1,4,0,0,0,1,0,1,0,1,0,0,1,0
623112j4j3.codesandbox.io,0,0,0,1,0,0,0,0,0,1,0,1,0,0,1,0
digibarre.pt,0,0,0,4,0,0,0,0,0,1,0,1,0,0,1,0
imagephoto-video.com,0,0,1,5,0,0,0,1,0,1,1,1,0,0,1,0
alphasoftware.ir,0,1,1,2,0,0,0,0,1,1,1,1,0,0,1,0
moodle.ncirl.ie,0,0,0,2,0,0,0,0,0,1,0,1,0,0,1,0
pompanogroup.com,0,0,1,7,0,0,0,0,0,1,0,1,0,0,1,0
grupprontalgaming.25u.com,0,0,0,1,0,0,0,0,0,0,0,1,0,0,1,0
scoutsantamaria.es,0,0,0,1,0,0,0,0,0,0,1,1,0,0,1,0
dutadamaijawatengah.id,0,0,0,1,0,0,0,0,0,1,0,1,0,0,1,0
krasn.arkadak.sarmo.ru,0,0,0,1,0,0,0,0,0,0,0,1,0,0,1,0
rocketnews24.com,0,0,1,4,0,0,0,0,0,1,1,1,0,0,1,0
joankaslaan.com,0,0,0,1,0,0,0,0,0,1,1,1,0,0,1,0
sushihouse.com.br,0,0,1,4,0,0,0,0,0,1,1,1,0,0,1,0
exodus.io98741.ml,0,0,1,0,0,0,0,0,1,1,1,1,0,0,1,0
script.google.com,0,0,1,4,0,0,0,0,0,1,1,1,0,0,1,0
tinnhanh360.net,0,0,1,1,0,0,0,0,1,1,1,1,1,1,1,1
google.com.mx,0,0,1,1,0,0,0,0,0,1,0,1,0,0,1,0
freevbuckx.com,0,0,0,0,0,0,1,0,0,0,0,0,0,0,1,0
ghmehsana.com,0,0,0,1,0,0,0,0,0,1,0,1,0,0,1,0
sparkpassedecom.com,0,0,1,2,0,0,0,0,0,1,1,1,0,0,1,0
decibeliosmagazine.com,0,0,0,3,0,0,0,0,0,0,0,0,0,0,1,0
blog.drall.com.br,0,0,0,2,0,0,0,0,0,0,1,1,0,0,1,0
u.to,0,0,0,1,0,0,1,0,1,1,1,1,0,0,1,0
mvkoptfree.byethost5.com,0,0,0,0,0,0,0,0,0,0,0,0,0,0,1,0
fanpage.gr,0,0,1,2,0,0,0,0,0,1,1,1,0,0,1,0
bank-sec.com,0,0,0,0,0,0,0,1,0,1,0,1,0,0,1,0
department-page-secure.live,0,0,0,0,0,0,0,1,1,1,1,1,1,1,1,1
verifica.n26.sicurezza-deltuoconto.com,0,0,1,5,0,0,0,1,0,1,0,1,1,1,1,1
cupkaju.wz.sk,0,0,1,1,0,0,0,0,0,0,0,1,0,0,1,0
optest0.hot-profile.com,0,0,1,6,0,0,0,1,0,0,0,1,0,0,1,1
safenabsecur.cloudns.cx,0,0,0,2,0,0,0,0,0,0,0,0,0,0,1,0
myparc.sharepoint.com,0,0,1,5,0,0,1,0,0,1,1,1,0,0,1,0
mijn-sns-online-verificatie.xyz,0,0,0,0,0,0,0,1,0,1,1,1,1,1,1,1
rogerhanley.com,0,0,1,6,0,0,0,0,0,1,0,0,0,0,1,0
pecasdecozinha.com,0,0,1,2,0,0,0,0,0,1,0,1,0,0,1,0
sieck-kuehlsysteme.de,0,0,1,4,0,0,0,1,0,1,1,1,0,0,1,0
madebrummi.com,0,0,0,0,0,0,0,0,0,1,0,1,0,0,1,0
chloride.co.zw,0,0,0,4,0,0,0,0,0,1,1,1,0,0,1,0
ecoachinginternational.com,0,0,1,2,0,0,0,0,0,1,0,1,0,0,1,0
smprintingpress.com,0,1,1,2,0,0,0,0,0,1,0,0,1,1,1,1
lagelijundiai.com.br,0,0,0,2,0,0,0,0,0,1,0,1,0,0,1,0
bit.ly,0,0,0,1,0,0,1,0,0,1,1,1,0,0,1,0
perezhilton.com,0,0,1,1,0,0,0,0,0,1,0,1,0,0,1,1
eway.sm,0,0,0,2,0,0,0,0,0,1,1,1,0,0,1,0
ziptopia53.com,0,0,1,5,0,0,0,0,0,0,0,1,1,1,1,1
taucard2.com,0,0,0,0,0,0,0,0,0,1,0,1,1,1,1,1
puntopet.com.ru,0,0,0,0,0,0,1,0,0,1,0,1,0,0,1,0
pixel.baltic-dragon.ru,0,0,1,3,0,0,0,1,0,1,0,1,0,0,1,0
mailview11982.xyz,0,0,0,0,0,0,0,0,0,1,0,1,1,1,1,1
flrstmet.com,0,0,0,1,0,0,1,0,0,1,0,1,0,0,1,0
itmrs.com,0,0,0,3,0,0,0,0,0,1,0,1,0,0,1,0
longislandtopten.buzz,0,0,0,1,0,0,0,0,0,1,1,1,1,1,1,1
amazon.de.signin.verification.openid.5935156.conleyfaili.tk,0,0,1,3,0,0,0,0,0,1,1,1,0,0,1,0
tinehost.com,0,0,0,4,0,0,1,0,0,1,0,0,0,0,1,0
rockysite.net,0,0,0,1,0,0,0,0,0,1,0,1,0,0,1,0
steamcommunity.com,0,0,1,5,0,0,0,0,0,1,0,1,0,0,1,0
ty364tsdsaf.appspot.com,0,1,1,2,0,0,1,0,1,1,1,1,0,0,1,0
infocheckxahwozvdjtvv1l08.burrow.io,0,0,1,2,0,0,0,0,0,0,0,1,0,0,1,0
hubpages.com,0,0,1,5,0,0,0,0,0,1,0,1,0,0,1,0
123formbuilder.com,0,0,0,1,0,0,0,0,0,1,0,1,0,0,1,0
ryancrosbyyoga.com,0,0,1,4,0,0,0,0,0,1,1,0,0,0,1,0
pitchfork.com,0,0,1,2,0,0,0,0,0,1,1,1,0,0,1,0
shubhandlabh.com,0,0,1,9,0,0,0,0,0,1,0,0,1,0,1,0
docs.google.com,0,0,1,2,1,0,0,0,0,1,1,1,1,0,1,0
acct-famres-inv.com,0,0,0,3,0,0,0,1,1,1,1,1,0,0,1,0
thenextweb.com,0,0,1,7,0,0,0,0,0,1,0,0,0,0,1,0
prsicilacap.org,0,0,0,1,0,0,0,0,0,1,0,1,0,0,1,0
vadadi.hu,0,0,0,2,0,0,0,0,0,1,1,1,0,0,1,0
orientationinlaws.com,0,0,1,3,0,0,0,0,0,1,0,0,0,0,1,0
napavalleynanny.com,0,0,1,11,0,0,0,0,0,1,0,1,0,0,1,0
grindtimegym.com,0,0,0,4,0,0,0,0,0,1,0,1,0,0,1,0
vk.cc,0,0,0,1,0,0,0,0,0,0,1,1,0,0,1,0
apple.com.iosx-a.cn,0,0,0,2,0,0,0,1,0,1,0,1,1,1,1,1
inter-acao-com-voce.000webhostapp.com,0,0,0,0,0,0,0,1,0,1,0,1,0,0,1,0
lntrealtly-seawoods.co.in,0,0,0,1,0,0,0,1,0,1,0,1,0,0,1,0
fork-fed.com,0,0,1,4,0,0,0,1,0,1,0,1,0,0,1,0
aruba-2020.jdevcloud.com,0,0,1,5,0,0,0,1,0,0,1,1,0,0,1,0
kuru.blob.core.windows.net,0,0,0,2,0,0,0,0,0,1,1,1,0,0,1,0
ahrefs.com,0,0,1,8,0,0,0,0,0,1,0,1,0,0,1,0
btiesolutions.com,0,0,0,3,0,0,0,0,0,1,0,0,0,0,1,0
tudoemgeladeiras.com,0,0,1,2,0,0,0,0,1,1,1,1,0,0,1,0
kebepxinh.vn,0,0,0,3,0,0,0,0,1,1,1,1,0,0,1,0
meljackson.net,0,0,1,2,0,0,0,0,0,1,0,0,0,0,1,0
bmi.ir,0,0,1,1,0,0,0,0,1,1,1,1,1,1,1,1
mail.mytanfarma.com,0,0,1,6,0,0,0,0,0,1,0,0,0,0,1,0
ukcare.in,0,0,0,2,0,0,0,0,0,0,0,1,0,0,1,0
dataforce.co.uk,0,1,1,5,0,0,0,0,0,1,0,1,0,0,1,0
gembrite.co.uk,0,0,0,4,0,0,0,0,0,1,1,1,0,0,1,0
desikilitmarket.com,0,0,1,4,0,0,1,0,0,1,0,0,0,0,1,0
tandem-clima.com,0,0,1,5,0,0,0,1,0,1,0,1,0,0,1,0
mangaloretours.com,0,0,1,7,0,0,0,0,0,0,0,0,0,0,1,0
ml455608.xyz,0,0,0,0,0,0,0,0,0,1,1,1,0,0,1,0
urakusushi.com,0,0,1,7,0,0,0,0,0,1,0,1,0,0,1,0
dengemuhasebe.com,0,0,0,3,0,0,0,0,0,1,0,1,0,0,1,0
weberspro.com,0,0,0,2,0,0,0,0,0,1,0,1,0,0,1,0
rkgreany-seg3-2.kk.sopqa.arg.r.de.a2ip.ru,0,0,1,6,0,0,0,1,0,0,0,1,0,1,1,0
boomcup.rest,0,0,0,0,0,0,0,0,0,1,0,1,0,0,1,0
axgvbnzelle.xyz,0,0,0,1,0,0,0,0,1,1,1,1,1,1,1,1
hotmailsecure.brilliantbokeh.com,0,0,0,1,0,0,0,0,0,1,0,1,0,0,1,0
xtrixtviptv.com,0,0,1,1,0,0,0,0,0,1,0,1,0,0,1,0
adleer-ad.com,0,0,0,1,0,0,0,1,0,0,0,0,1,1,1,1
sunoffer.club,0,0,1,4,0,0,0,0,0,1,0,1,0,0,1,0
steamcommunity.com,0,0,1,7,1,0,0,0,0,1,0,1,0,0,1,0
connectneueverbindung03.de,0,0,1,2,0,0,0,0,0,1,1,1,1,1,1,1
acesso-portal.com,0,0,1,1,1,0,0,1,0,1,0,1,0,0,1,0
cellidplus.com,0,0,1,5,0,0,0,0,0,1,0,1,0,0,1,0
prezi.com,0,0,1,4,0,0,0,0,0,1,0,0,0,0,1,0
tk5.ru,0,0,1,5,1,0,0,0,0,0,0,1,0,0,1,0
afterhourshealth.com,0,0,1,6,0,0,0,0,0,0,0,0,0,0,1,0
otomoto.pl,0,0,1,4,0,0,0,0,0,1,1,1,0,0,1,0
tik.info.pl,0,0,1,9,0,0,0,0,0,0,0,0,0,0,1,0
ersfilter-my.sharepoint.com,0,0,1,5,0,0,1,1,0,1,1,1,0,0,1,0
ftp.kreijkesafbouw.nl,0,0,1,2,0,0,0,0,0,1,1,1,0,0,1,0
colegiodosardao.org,0,1,1,7,0,0,0,0,0,1,0,0,0,0,1,0
sicurezzawebprepagata.com,0,0,1,2,0,0,0,0,0,1,0,1,1,1,1,1
ndt-college.kz,0,0,1,6,0,0,0,1,1,1,1,1,0,0,1,0
savesignin.app.link,0,0,0,1,0,0,0,0,0,1,0,1,0,0,1,0
updatequota.byethost5.com,0,0,0,1,0,0,0,0,0,1,0,0,0,0,1,0
kidscoloringpdf.com,0,0,1,6,0,0,0,0,0,1,0,0,0,0,1,0
mashable.com,0,0,1,5,0,0,0,0,0,1,1,1,0,0,1,1
decaturilbgc.com,0,0,1,8,0,0,0,0,0,1,0,1,0,1,1,0
edpdpolska.pl,0,0,0,1,0,0,0,0,0,1,0,1,1,1,1,1
oneplus.net,0,0,1,4,0,0,0,0,0,0,1,0,0,0,1,0
maybank2u.com.my,0,0,1,4,0,0,0,0,1,1,1,1,0,0,1,0
deal8282.com,0,0,1,8,0,0,0,0,1,1,1,1,0,0,1,0
myspace.com,0,0,1,5,0,0,0,0,0,1,0,1,0,0,1,0
mobileacesso24horas.com,0,0,0,1,0,0,0,0,1,1,1,1,0,0,1,0
moeto10025.xyz,0,0,0,1,0,0,0,0,0,1,1,1,0,0,1,0
nypost.com,0,0,1,4,0,0,1,0,1,1,1,1,0,0,1,0
bluegape.com,0,0,1,5,0,0,0,0,0,0,0,0,0,0,1,0
kebepxinh.vn,0,1,1,3,0,0,0,0,1,1,1,1,1,0,1,0
ck101.com,0,0,1,1,0,0,0,0,0,1,0,1,1,0,1,0
itir4.app.link,0,0,0,1,0,0,0,0,0,1,0,0,0,0,1,0
ebay.itm263906864842.shop,0,0,0,0,0,0,0,0,1,1,1,1,0,0,1,0
bluemarble.cloud,0,0,1,6,0,0,0,0,0,1,0,1,0,0,1,0
ltaucard.com,0,0,0,2,0,0,0,0,0,1,0,1,0,0,1,0
lawyer.theappideas.in,0,0,1,7,0,0,0,0,0,1,0,1,0,0,1,0
icloud.com.athz.us,0,0,0,0,0,0,0,0,0,1,1,1,0,0,1,1
bpl.kr,0,0,0,1,0,0,0,0,0,0,0,1,0,0,1,0
educacion.rionegro.gov.ar,0,0,1,8,0,0,0,0,0,1,1,0,0,0,1,0
filehippo.com,0,0,1,4,0,0,0,0,0,1,1,1,0,0,1,0
imagina.com.gt,0,0,1,6,0,0,0,0,1,1,1,1,0,0,1,0
mr-statucki.com,0,0,1,5,0,0,0,1,0,1,0,0,0,0,1,0
ab453bbe-3b65-47cf-9eca-798689d971d5.htmlcomponentservice.com,0,0,1,1,0,0,0,1,0,0,0,1,0,0,1,0
services.runescape.com-mx.ru,0,0,0,0,0,0,0,1,0,1,0,1,0,0,1,1
kenovel.store,0,0,0,1,0,0,0,0,1,0,1,1,0,0,1,0
duffelbagadventures.com,0,0,1,2,0,0,0,0,0,1,0,1,0,0,1,0
carkeylockout.com,0,0,1,11,0,0,1,0,0,1,0,0,0,0,1,0
sites.google.com,0,0,0,3,0,0,0,0,0,1,0,1,0,0,1,0
chat-whatsapp.vizvaz.com,0,0,0,0,0,0,0,1,0,0,0,1,0,0,1,0
hashwide.com,0,0,1,4,0,0,0,0,0,0,0,0,0,0,1,0
spaceexperts.co.in,0,0,1,7,0,0,0,0,0,1,0,1,0,0,1,0
travelingwithdee.com,0,0,1,4,0,0,0,0,0,1,1,1,0,0,1,0
the100prosystems.com,0,0,1,6,0,0,0,0,0,1,0,0,1,0,1,0
centerforsustainablehappiness.com,0,0,0,1,0,0,0,0,0,1,0,1,0,0,1,0
schroffenstein.online.fr,0,0,1,2,0,0,0,0,0,1,0,1,0,0,1,0
destaques-offer1.com,0,0,1,2,0,0,0,1,0,1,0,1,0,0,1,0
c1781279.ferozo.com,0,0,1,5,0,0,0,0,0,1,0,1,1,1,1,1
149.210.143.165,1,0,0,2,0,0,0,0,0,1,0,1,0,0,1,0
nanosercure.com,0,0,1,1,0,0,0,0,0,0,0,1,0,0,1,0
effafrica.org,0,0,1,5,0,0,0,0,0,1,0,1,0,0,1,0
bcpzonasegurabeta.viabcp.com.pe.consultas-afp.john-burdett.com,0,0,1,0,0,0,1,1,0,1,0,1,0,0,1,0
teat09.com,0,0,0,3,0,0,0,0,0,1,0,0,0,0,1,0
marsold.cl,0,0,1,3,0,0,0,0,0,1,0,1,0,0,1,0
81cbd50754804973894115930bc620f5.testing-url.ws,0,0,1,6,0,0,0,1,0,1,1,1,0,0,1,0
plasticmonkey.com,0,0,1,4,0,0,0,0,0,1,0,1,0,0,1,0
hodgebk.com,0,0,0,0,0,0,0,0,0,1,0,1,0,0,1,0
arstechnica.com,0,0,1,4,0,0,0,0,0,1,1,1,0,0,1,0
asesoresdeproyectosytesis.com,0,0,0,1,0,0,0,0,0,1,0,0,0,0,1,0
currentlyattreply.weebly.com,0,0,0,0,0,0,0,0,0,1,0,1,0,0,1,0
abril-zerando-o-estoque-4-k.com,0,0,1,1,0,0,0,1,1,1,1,1,0,0,1,0
olx.ro,0,0,1,2,0,0,0,0,0,1,0,0,0,0,1,1
arstechnica.com,0,0,1,5,0,0,0,0,0,1,1,1,0,0,1,0
montecristorecords.com,0,0,1,3,0,0,0,0,0,1,0,0,0,0,1,0
u.to,0,0,0,1,0,0,1,0,0,1,0,1,0,0,1,0
gulhasal.com,0,0,0,2,0,0,0,0,0,1,0,1,0,0,1,0
serivcicepayout.com,0,0,0,1,0,0,1,0,0,1,0,1,0,0,1,0
itaucheckersecurity.com,0,0,0,1,0,0,0,0,0,1,0,1,0,0,1,0
olx.ua,0,0,1,5,0,0,0,0,0,1,1,1,0,0,1,0
colegiomoura.com.br,0,1,1,3,0,0,0,0,0,1,1,1,0,0,1,0
atendimento-sac-pg.joomla.com,0,0,0,2,0,0,0,1,0,1,0,1,0,0,1,0
ticonme.es,0,0,1,4,0,0,0,0,0,1,1,1,0,0,1,0
dbhpsapts.com,0,0,0,2,0,0,0,0,0,0,0,1,0,0,1,0
kersgam.com,0,0,0,2,0,0,0,0,0,0,1,1,0,0,1,0
wilstv.com,0,0,1,4,0,0,0,0,0,1,0,1,0,0,1,0
gizmodo.com,0,0,1,1,0,0,0,0,0,1,1,0,0,0,1,0
trivselsdoktoren.dk,0,0,0,2,0,0,0,0,0,1,0,0,0,0,1,0
officialismsschwartze.net,0,0,0,0,0,0,0,0,0,1,0,0,0,0,1,0
avsbms.com,0,0,1,5,0,0,0,0,0,1,0,0,0,0,1,0
2gis.ru,0,0,1,7,0,0,0,0,0,1,0,1,0,0,1,0
lastpass.com,0,0,1,8,0,0,0,0,0,1,0,1,0,0,1,0
mailiaatt.weebly.com,0,0,0,0,0,0,0,0,0,1,0,1,0,0,1,0
lake-enclave.co.in,0,0,0,1,0,0,0,1,0,1,0,1,0,0,1,0
juegosdemesamodernos.com,0,0,1,7,0,0,0,0,0,1,1,1,0,0,1,0
shiptoislands.com,0,0,1,6,0,0,0,0,0,0,0,1,0,0,1,0
currosat.com,0,0,1,4,0,0,1,0,0,1,0,0,0,0,1,0
skinsblazer.com,0,0,1,1,0,0,0,0,0,1,0,1,0,0,1,0
wdestaques17.modelodeaproveitar.com,0,0,1,5,0,0,0,0,0,1,0,1,0,0,1,0
lagelijundiai.com.br,0,0,0,2,0,0,0,0,0,1,0,0,0,0,1,0
abano5.ge,0,0,0,3,0,0,0,0,0,1,0,1,0,0,1,0
lonjastec.es,0,0,0,1,0,0,0,0,0,1,1,1,0,0,1,0
advonationusa.com,0,0,1,6,0,0,0,0,0,1,0,0,0,0,1,0
53.com-id9533371.thoughtoholics.net,0,0,1,2,0,0,0,1,0,1,0,0,0,0,1,0
bokepwhaatsap.mrface.com,0,0,0,1,0,0,0,0,0,0,0,1,0,0,1,0
sukuntextile.com,0,0,1,3,0,0,0,0,0,1,0,1,0,0,1,0
resin3dprinterstore.com,0,1,1,1,0,0,0,0,0,0,0,0,0,0,1,0
b.link,0,0,0,1,0,0,0,0,0,1,0,1,0,0,1,1
plataformaeducativa.se.jalisco.gob.mx,0,0,1,3,0,0,0,0,0,1,0,1,0,0,1,0
emsi-lobo.firebaseapp.com,0,0,0,0,0,0,0,1,1,1,1,1,0,0,1,0
irs-pay.us,0,0,0,0,0,0,0,1,0,1,1,1,1,1,1,1
wireropehoist.in,0,1,1,2,0,0,0,0,0,1,0,1,0,0,1,0
seekingalpha.com,0,0,1,2,0,0,0,0,0,1,0,0,0,0,1,0
icloud.com.apple-findmyiphone.world,0,0,0,1,0,0,0,1,0,1,0,0,0,0,1,0
sbe2group.com,0,0,1,2,0,0,0,0,0,0,1,1,0,0,1,0
stackexchange.com,0,0,1,2,0,0,0,0,0,1,0,1,0,0,1,0
protect-eu.mimecast.com,0,0,1,2,0,0,1,1,0,1,1,1,0,0,1,0
cebuphonly.jrzoutsourcingservices.com,0,0,1,5,0,0,0,0,0,0,0,0,0,0,1,0
servicefactory.net,0,0,1,6,0,0,0,0,0,1,0,0,0,0,1,0
ychat.somee.com,0,0,0,1,0,0,0,0,0,1,0,1,0,0,1,0
cartoworld.co.ke,0,0,1,4,0,0,0,0,0,1,1,1,0,0,1,0
paypal-support-help-inc.blogspot.com,0,0,0,0,0,0,1,1,1,1,1,1,0,0,1,0
ykm.de,0,0,0,1,0,0,0,0,0,1,1,1,0,0,1,0
twitter.com,0,0,0,1,0,0,0,0,0,1,1,1,0,0,1,0
crossingborders.amsa.org.au,0,0,1,3,0,0,0,0,0,0,1,1,0,0,1,0
stress-depression-therapy.com,0,0,0,0,0,0,0,1,0,1,1,1,1,0,1,0
797016912939021-dot-b2n4y7h.uc.r.appspot.com,0,1,1,1,0,0,1,1,1,1,1,1,0,0,1,0
itaucard.trocarpontos.com,0,0,0,0,0,0,0,0,0,1,0,1,0,0,1,0
golfencordoba.com,0,0,1,2,0,0,0,0,0,0,0,0,1,0,1,1
vk-com.byethost5.com,0,0,0,0,0,0,0,1,0,0,0,0,0,0,1,0
brasil-acesso.pagedemo.co,0,0,0,0,0,0,0,1,0,1,0,1,0,0,1,0
mail.bankofamericaonlinesignin.net,0,0,0,0,0,0,0,0,0,1,0,0,0,0,1,0
atlantabasecamp.com,0,0,1,3,0,0,0,0,0,1,0,1,1,1,1,1
peaceau.org,0,0,1,3,0,0,0,0,0,0,1,1,0,0,1,0
soo.gd,0,0,0,1,0,0,0,0,1,1,1,1,0,0,1,0
ox-aruba.blogspot.com,0,0,0,0,0,0,1,1,1,1,1,1,0,0,1,0
kaizenpak.com,0,0,1,6,0,0,0,0,0,0,0,0,0,0,1,0
atefnet.com,0,0,1,4,0,0,1,0,0,1,0,0,0,0,1,0
wellingtoncloud-my.sharepoint.com,0,0,1,5,0,0,1,1,0,1,1,1,0,0,1,0
dtghsf.lfjn3a.cn,0,0,0,0,0,0,0,0,0,1,0,0,0,0,1,0
news.acscinc.com,0,0,0,0,0,0,0,0,1,1,1,1,0,0,1,0
cafecitoperez.ivanidzakovic.com,0,0,1,6,0,0,0,0,0,1,0,1,0,0,1,0
momos-ambachtelijkeijs.nl,0,0,1,4,0,0,0,1,0,1,0,1,0,0,1,0
lankeshpatrike.com,0,0,0,2,0,0,0,0,0,0,1,1,0,0,1,0
saadhagaparavaigal.com,0,0,1,4,0,0,0,0,0,1,0,0,0,0,1,0
bizcloudz.net,0,0,0,2,0,0,0,0,0,1,0,1,0,0,1,0
paypal.co.uk.userfiukr4xegoa.settingsppup.com,0,0,0,0,0,0,0,0,0,1,0,1,0,0,1,0
twitter.com,0,0,1,1,0,0,1,0,0,1,1,1,0,0,1,0
santander-prestamosmx.vanmx.xyz,0,0,1,1,0,0,0,1,0,1,0,1,0,0,1,0
pcsvet.si,0,0,1,5,0,0,0,0,0,1,0,1,0,0,1,0
mereliverystables.com,0,0,1,4,0,0,0,0,0,1,1,1,0,0,1,0
lehmanwest.typeform.com,0,0,0,2,0,0,0,0,0,1,0,0,0,0,1,0
vitinhopark.com.br,0,0,1,8,0,0,0,0,0,1,1,1,0,0,1,0
erh-consulting.com,0,0,0,1,0,0,0,1,0,1,0,1,0,0,1,0
08group.tv,0,0,1,2,0,0,0,0,0,1,0,1,0,0,1,0
autoatencionpizza.cl,0,0,0,0,0,0,0,0,0,1,0,1,0,0,1,0
9gag.tv,0,0,1,3,0,0,0,0,0,0,0,0,0,0,1,0
cartoworld.co.ke,0,0,0,3,0,0,0,0,0,1,1,1,0,0,1,0
worldfreestuff.icu,0,0,1,3,0,0,0,0,0,1,0,1,1,1,1,1
desbloqueio-online.com,0,0,0,1,0,0,0,1,0,1,0,1,0,0,1,0
etransfer.interac.ca-iris.club,0,0,1,4,0,0,0,1,0,1,1,1,0,0,1,0
3review-paymentform3.co,0,0,0,0,0,0,0,1,0,1,1,1,0,0,1,0
godaddy1.hisastudio.com,0,0,0,2,0,0,0,0,0,1,1,1,0,0,1,0
0442d60.wcomhost.com,0,0,0,2,0,0,1,0,0,0,0,1,0,0,1,0
lojaxgrowup.com,0,0,1,6,0,0,0,0,0,1,0,0,0,0,1,0
tek.link,0,0,0,1,0,0,0,0,0,0,1,1,0,0,1,0
smiles.al-wed.com,0,0,0,1,1,0,0,1,0,0,1,0,1,1,1,1
wonderpillars.in,0,0,0,3,0,0,0,0,0,1,0,1,0,0,1,0
elizabethsmithpsychnp.org,0,0,0,0,0,0,0,0,1,1,1,1,0,0,1,0
vibehotels.co.in,0,0,1,6,0,0,0,0,0,1,0,1,0,0,1,0
tharschoolosian.org,0,0,1,4,0,0,0,0,0,0,0,1,1,0,1,0
physics.uctm.edu,0,0,0,5,0,0,0,0,0,0,1,1,0,0,1,0
yourecofamily.com,0,0,0,1,0,0,0,0,0,1,0,1,0,0,1,0
dsv.cubotec.com.br,0,0,1,4,0,0,0,0,0,1,1,1,1,0,1,0
0442d60.wcomhost.com,0,0,1,4,0,0,1,0,0,0,0,1,0,0,1,0
ofertas-dezembro.com,0,0,1,2,0,0,0,1,1,1,1,1,0,0,1,0
comicsgames.com,0,0,1,5,0,0,0,0,0,1,0,0,0,0,1,0
osun.cz,0,0,0,3,0,0,0,0,1,1,1,1,0,0,1,0
serverfault.com,0,0,1,3,0,0,1,0,0,1,0,1,0,0,1,1
online-microsofts.dns.navy,0,0,0,2,0,0,0,1,1,0,1,1,0,0,1,0
punnetthomes.com,0,0,1,3,0,0,0,0,0,1,0,1,0,0,1,0
yopihandrianto.net,0,0,0,1,0,0,0,0,0,1,0,1,0,0,1,0
technoquadrants.us,0,0,1,5,0,0,0,0,0,1,0,0,0,0,1,0
eislueqr.livedrive.com,0,0,1,2,0,0,0,0,0,0,1,1,0,0,1,0
medokofo.ml,0,0,1,4,0,0,0,0,0,1,1,1,0,0,1,0
eye-lucir.com,0,0,0,0,0,0,0,1,0,1,0,1,0,0,1,0
webmailadmin0.myfreesites.net,0,0,0,0,0,0,0,0,0,0,0,1,0,0,1,0
appleid.apple.com-sa.pm,0,0,0,1,0,0,0,1,0,1,1,1,0,0,1,0
kytherianassociation.com.au,0,0,1,2,0,0,0,0,0,0,1,1,0,0,1,0
georgedillonstudio.com,0,0,1,4,0,0,0,0,0,1,0,1,0,0,1,0
andrewcarr.org,0,0,1,5,0,0,0,0,0,1,0,1,0,0,1,0
plarium.com,0,0,1,4,0,0,0,0,0,1,0,1,0,0,1,0
popupads.ir,0,0,1,1,0,0,0,0,1,0,1,1,1,1,1,1
runtic.com.hr,0,0,0,1,0,0,0,0,0,1,0,1,0,0,1,0
codecanyon.net,0,0,1,1,0,0,0,0,0,1,1,1,0,0,1,0
sucursalpersonas.iingresosegurogrupobancolombia.co,0,0,1,2,0,0,0,0,0,1,0,1,1,1,1,1
moonkahonda.com,0,0,1,6,0,0,0,0,0,0,0,0,1,0,1,0
mereliverystables.com,0,0,1,4,0,0,0,0,0,1,0,1,0,0,1,0
u1035597.cp.regruhosting.ru,0,0,1,3,0,0,0,0,0,0,0,1,0,0,1,0
10gbedvaa.dx.am,0,0,0,0,0,0,0,0,0,1,1,1,0,0,1,0
wpengine.com,0,0,1,4,0,0,0,0,1,1,1,1,0,0,1,0
mirtesen.ru,0,0,1,2,0,0,0,0,0,1,0,1,0,0,1,0
hosting2086464.online.pro,0,0,0,0,0,0,0,0,0,0,0,1,0,0,1,0
dehkadenovin.com,0,0,1,3,0,0,0,0,1,1,1,1,0,0,1,0
alaskanmalamute.us,0,0,1,2,0,0,0,0,0,1,0,1,0,0,1,0
h2porn.com,0,0,1,2,0,0,0,0,0,1,1,1,0,0,1,0
inventorycloseouts.net,0,0,0,2,0,0,0,0,0,1,0,1,1,1,1,1
surveyheart.com,0,0,1,2,0,0,1,0,0,1,1,1,0,0,1,0
wdestaques11.modelodeaproveitar.com,0,0,1,5,0,0,0,0,0,1,0,1,0,0,1,0
globalminiimplantday.com,0,0,1,4,0,0,0,0,0,1,0,0,0,0,1,0
dropx-game.com,0,0,0,0,0,0,0,1,0,0,0,1,0,0,1,0
printerparts.co.ke,0,0,1,3,0,0,0,0,0,1,1,1,1,1,1,1
conferma.n26.corporateportal.usareprivatedati.com,0,0,1,5,0,0,0,0,0,1,0,1,1,1,1,1
runtic.com.hr,0,0,0,2,0,0,0,0,0,1,0,1,0,0,1,0
fishki.net,0,0,1,1,0,0,0,0,0,1,0,1,0,0,1,0
manager.co.th,0,0,1,3,0,0,0,0,0,1,1,1,0,0,1,0
caixa.gov.br,0,0,1,5,1,0,0,0,0,1,1,1,0,0,1,1
mychase-online.com,0,0,0,1,0,0,0,1,0,1,0,1,0,0,1,0
waylandplanninganddevelopment.uk,0,0,1,2,0,0,0,0,0,1,0,1,0,0,1,0
csgoluntan.com,0,0,0,0,0,0,0,0,0,1,0,1,0,0,1,0
americamega.net,0,0,1,2,0,0,0,0,0,1,0,1,0,0,1,0
ghconsulting.co.uk,0,0,1,5,0,0,0,0,0,1,0,1,1,1,1,1
072112277195639-dot-ale-ckr-efh.appspot.com,0,0,0,0,0,0,1,1,1,1,1,1,0,0,1,0
miembros.womenclubforbetterhealth.com,0,0,1,6,0,0,0,0,0,1,0,1,0,0,1,0
community-ebay-de-diskussionsforen-3ws.html-5.me,0,0,1,0,0,0,0,1,0,0,0,1,0,0,1,0
touchbase.tools,0,0,1,5,0,0,0,0,0,0,0,0,0,0,1,0
web-net-pg.joomla.com,0,0,0,3,0,0,0,1,0,1,0,1,0,0,1,0
indianexpress.com,0,0,1,4,0,0,0,0,0,1,0,1,0,0,1,0
bolozindagi.com,0,0,1,4,0,0,0,0,0,0,0,1,0,0,1,0
feelio.cc,0,0,1,6,0,0,0,0,0,1,1,1,0,0,1,0
hgn2t.app.link,0,0,0,1,0,0,0,0,0,1,0,1,0,0,1,0
paxful.com-bitcoin-escrow-trade.c3tekno.net,0,0,1,0,0,0,0,1,0,1,0,1,0,0,1,0
recover.tym.tw,0,0,1,2,0,0,0,0,0,1,0,1,0,0,1,0
asting.cz,0,0,0,1,0,0,0,0,1,1,1,1,0,0,1,0
loginsteam.com,0,0,0,0,0,0,0,0,0,1,0,1,0,0,1,0
night-kingdom.mysteria.cz,0,0,0,1,0,0,0,1,0,0,0,1,0,0,1,0
key-coats.co.uk,0,0,0,3,0,0,0,1,0,1,0,0,0,0,1,0
charttrader.in,0,1,1,3,0,0,0,0,0,0,0,1,1,0,1,0
ysgolbodhyfryd.co.uk,0,0,0,4,0,0,0,0,0,1,0,1,0,0,1,0
agemcargo.com,0,1,1,3,0,0,0,0,0,1,1,1,0,0,1,0
meganmacylesolutions.com,0,0,1,3,0,0,1,0,0,1,0,1,0,0,1,0
www2.fluoder.com.py,0,0,1,4,0,0,0,0,0,1,0,1,0,0,1,0
oninet.al,0,0,1,5,0,0,0,0,0,1,0,1,0,0,1,0
hdfcbank.com,0,0,1,4,0,0,0,0,0,1,1,1,0,0,1,0
web-net-pg.joomla.com,0,0,1,4,0,0,0,1,0,1,0,1,0,0,1,0
bookedandboarding.com,0,0,0,2,0,0,0,0,0,1,0,1,0,0,1,0
couchtuner.eu.com,0,0,1,3,0,0,0,0,1,1,1,1,0,0,1,0
oportunidadedasemana.com,0,0,1,1,1,0,0,0,1,1,1,1,0,0,1,0
pmasc.co.uk,0,0,0,4,0,0,0,0,0,1,0,0,0,0,1,1
jcbouchatmarketing.com,0,0,1,3,0,0,0,0,0,1,0,1,0,0,1,0
cox.com,0,0,1,4,0,0,1,0,0,1,1,1,0,0,1,0
docs.google.com,0,0,1,7,0,0,0,0,0,1,1,1,0,0,1,0
baleshwerbabaonline.com,0,0,1,7,0,0,0,0,0,1,0,0,0,0,1,0
newjoysf.org,0,0,0,2,0,0,0,0,0,1,0,1,0,0,1,0
zohard.com,0,0,1,8,0,0,0,0,1,1,1,1,1,0,1,0
assine.jcdigital.com.br,0,0,1,5,0,0,0,0,0,0,1,1,0,0,1,0
51.255.64.58,1,0,0,0,0,0,0,0,0,1,0,0,0,0,1,0
sitioprocrediteng.azurewebsites.net,0,0,0,0,0,0,0,0,1,1,1,1,0,0,1,0
skinponkits.club,0,0,0,1,0,0,0,0,0,1,1,1,1,1,1,1
ert.earthresourcetechnology.com,0,0,0,1,0,0,0,0,0,1,0,0,0,0,1,0
poverau.joomla.com,0,0,0,3,0,0,0,0,0,1,0,1,1,1,1,1
kbimperial.com,0,0,1,2,0,0,0,0,0,1,0,1,0,0,1,0
zilojo.com,0,0,0,2,0,0,0,0,0,1,0,1,0,0,1,0
fb-recovery-10000076859-it.tk,0,0,1,1,0,0,0,1,0,1,1,1,1,1,1,1
tinyurl.com,0,0,0,1,0,0,1,0,1,1,1,1,0,0,1,0
metro.co.uk,0,0,1,4,0,0,0,0,0,1,1,1,0,0,1,0
bethesdaalur.org,0,0,0,3,0,0,0,0,0,1,0,0,1,1,1,1
grupwhatsappadult.zyns.com,0,0,0,0,0,0,0,0,0,0,0,1,0,0,1,0
hentech.com.hk,0,0,0,2,0,0,0,0,0,1,0,1,0,0,1,0
webkc.dede.go.th,0,0,0,3,0,0,0,0,0,0,1,1,0,0,1,0
irestro.in,0,0,0,2,0,0,0,0,0,1,0,1,0,0,1,0
houdektranslations.wz.cz,0,0,1,1,0,0,0,0,0,1,0,1,0,0,1,0
navi-off.com,0,0,0,0,0,0,0,1,0,1,0,1,0,0,1,0
thsyuwshakjnd666iajnxx666.com,0,0,0,0,0,0,0,0,0,1,0,1,0,0,1,0
hairdame.com,0,0,0,1,0,0,0,0,0,1,0,1,0,0,1,0
sriutamahub.com,0,0,1,2,0,0,0,0,0,1,0,1,0,0,1,0
caixa.gov.informativo.cx,0,0,0,0,0,0,0,0,0,1,0,1,1,1,1,1
sites.google.com,0,0,0,2,0,0,0,0,0,1,1,1,0,0,1,0
icicibank.com,0,0,1,3,0,0,0,0,0,1,0,1,0,0,1,0
beta.kenaidanceta.com,0,0,0,2,0,0,0,0,0,1,0,1,0,0,1,0
pornsharing.com,0,0,1,1,0,0,0,0,0,0,0,0,0,0,1,0
coconnext.com,0,0,0,2,0,0,1,0,0,1,0,0,0,0,1,0
web1577.webbox444.server-home.org,0,0,1,1,0,0,0,1,0,0,1,1,0,0,1,0
manuelaserrano.es,0,0,1,5,0,0,0,0,0,0,1,1,0,0,1,0
vadodaramarathon.com,0,0,1,6,0,0,0,0,0,1,1,1,0,0,1,0
bcpzonasegurabeta.viabcp.com.firstpage.technology,0,0,1,0,0,0,0,0,0,1,0,1,0,0,1,0
prakasaws.com,0,0,1,9,0,0,0,0,0,1,0,0,0,0,1,0
allrecipes.com,0,0,1,3,0,0,0,0,0,1,1,1,0,0,1,1
perezhilton.com,0,0,1,2,0,0,0,0,0,1,0,1,0,0,1,0
kienthuc.net.vn,0,0,1,1,0,0,0,0,1,1,1,1,0,0,1,0
banti-rose.com,0,0,1,5,0,0,0,1,0,1,1,1,1,1,1,1
weboutlookstorageaccess.activehosted.com,0,0,0,2,0,0,0,0,0,1,0,1,0,0,1,0
planwise.co.za,0,0,1,7,0,0,0,0,0,1,0,1,0,0,1,0
foxlap.com,0,0,1,6,0,0,0,0,0,1,0,0,0,0,1,0
laibia.com,0,0,0,1,0,0,0,0,1,1,1,1,0,0,1,0
acoustic-veil-digit.glitch.me,0,0,0,0,0,0,0,1,0,1,0,1,0,0,1,0
adplife.com,0,0,1,4,0,0,0,0,0,1,0,1,0,0,1,0
cmphotos.es,0,0,1,5,0,0,0,0,0,1,1,1,0,0,1,0
wishnquotes.com,0,0,1,4,0,0,0,0,0,0,0,1,0,0,1,0
ahsanfeeds.com,0,0,1,5,0,0,0,0,0,1,0,1,0,0,1,0
bodybytoddondemand.com,0,0,1,5,0,0,0,0,0,1,0,0,0,0,1,0
medicineone.co.ao,0,0,0,2,0,0,0,0,1,1,1,1,0,0,1,0
impsa.com.mx,0,0,0,2,0,0,0,0,0,1,0,0,0,0,1,0
stolizaparketa.ru,0,1,1,7,0,0,0,0,0,1,1,1,0,0,1,0
otomoto.pl,0,0,1,4,0,0,0,0,0,1,0,0,0,0,1,0
aibat.ru,0,0,0,2,0,0,0,0,0,1,0,1,0,0,1,0
alminarensemble.cl,0,0,1,3,0,0,0,0,0,1,0,0,0,0,1,0
axersrl.it,0,0,0,1,0,0,0,0,0,1,0,1,0,0,1,0
arcromdiamonds.ro,0,0,0,1,0,0,0,0,0,1,0,1,0,0,1,0
faithtap.com,0,0,1,2,0,0,0,0,0,0,0,1,0,0,1,0
bebegimlebuyuyorum.blog,0,0,1,5,0,0,0,0,1,0,1,1,1,0,1,0
globalnetinternet.com,0,0,0,3,0,0,1,0,0,0,0,1,0,0,1,0
sdsd.carlowc.com,0,0,0,1,0,0,0,0,0,1,0,0,0,0,1,0
grandbuilders.co.in,0,0,0,1,0,0,0,0,0,1,0,1,1,1,1,1
comvoececontastone20.com,0,0,1,3,0,0,0,0,1,1,1,1,1,1,1,1
popaddress.com,0,0,1,6,0,0,0,0,0,1,0,1,0,0,1,0
mega-comprapremiada.com,0,0,1,2,0,0,0,1,0,1,0,1,0,0,1,0
starliker.net,0,0,0,0,0,0,0,0,0,0,0,1,0,0,1,0
kisa.link,0,0,0,1,0,0,0,0,0,0,1,1,0,0,1,0
office-home.ml,0,0,0,1,0,0,0,1,0,1,1,1,1,1,1,1
mixql.io,0,0,0,5,0,0,0,0,0,1,0,0,0,0,1,0
bookitbaby.net,0,0,0,1,0,0,0,0,0,1,1,0,0,0,1,0
mail.stichtingarkadamethode.nl,0,0,1,2,0,0,0,0,0,1,1,1,0,0,1,0
villasakuraubud.com,0,0,1,6,0,0,0,0,0,1,0,0,0,0,1,0
arenda167016.000webhostapp.com,0,0,0,0,0,0,0,0,0,1,0,1,0,0,1,0
google.com,0,0,1,1,1,0,0,0,0,1,1,1,0,0,1,0
pikabu.ru,0,0,1,3,0,0,0,0,0,1,0,1,1,1,1,1
s.id,0,0,0,1,0,0,0,0,0,1,1,1,0,0,1,0
economyfurnace-my.sharepoint.com,0,0,1,5,0,0,1,1,0,1,1,1,0,0,1,0
motherless.com,0,0,1,1,0,0,0,0,0,1,1,1,0,0,1,0
81cbd50754804973894115930bc620f5.testing-url.ws,0,0,1,5,0,0,0,1,0,1,1,1,0,0,1,0
castelooleos.com.br,0,0,1,4,0,0,0,0,0,1,1,1,0,0,1,0
dronasankalp.com,0,0,0,1,0,0,0,0,0,0,0,0,0,0,1,0
seesaawiki.jp,0,0,1,3,0,0,0,0,0,1,1,1,0,0,1,0
css-tricks.com,0,0,1,2,0,0,0,1,0,1,0,1,0,0,1,0
alohatube.com,0,0,1,2,1,0,0,0,0,1,1,1,0,0,1,0
boa-cgi.com,0,0,0,3,0,0,0,1,0,1,0,1,0,0,1,0
pantorouter.ir,0,0,1,4,0,0,0,0,1,1,1,1,0,0,1,0
web-campaign.healthlion.in,0,0,0,3,0,0,0,1,0,0,0,1,0,0,1,0
pixel.baltic-dragon.ru,0,1,1,4,0,0,0,1,0,1,0,1,0,0,1,0
khaskhaskhabrein.com,0,1,1,4,0,0,0,0,0,0,0,1,0,0,1,0
pompanogroup.com,0,0,1,5,0,0,0,0,0,1,0,1,0,0,1,0
eltaninservicespteltd.com,0,0,1,3,0,0,0,0,0,1,0,0,0,0,1,0
somerincare.com,0,0,0,3,0,0,0,0,0,1,0,0,0,0,1,0
drive.google.com,0,0,1,3,0,0,0,0,0,1,1,1,0,0,1,0
bgr.com,0,0,1,4,0,0,0,0,0,1,1,1,0,0,1,0
mobrandsglobal.com,0,0,0,3,0,0,0,0,1,0,1,1,0,0,1,0
ricecretin.com,0,0,1,5,0,0,0,0,0,1,0,1,1,1,1,1
locksmail.com,0,0,1,7,0,0,0,0,0,1,1,1,0,0,1,0
likss-updat-schb.demopage.co,0,0,0,0,0,0,0,1,0,0,1,1,0,0,1,0
spardhacareers.com,0,0,1,8,0,0,0,0,0,1,0,1,0,0,1,0
nortiainteriors.com.au,0,0,1,6,0,0,0,0,0,1,1,1,0,0,1,0
enigreen.net,0,0,1,3,0,0,0,0,0,1,0,1,0,0,1,0
jessenewhart.com,0,0,1,4,0,0,1,0,0,1,1,1,0,0,1,0
email302.com,0,0,1,6,0,0,0,0,1,1,1,1,0,0,1,1
chiatena.zxy.me,0,0,1,5,0,0,0,0,0,0,0,0,0,0,1,0
ginseystore.vlmclient.com,0,0,1,8,0,0,1,0,1,1,1,1,0,0,1,0
dropshippingmart.com,0,0,0,3,0,0,1,0,0,0,0,0,0,0,1,0
aberturasagma.com,0,0,1,6,0,0,0,0,1,1,1,1,1,1,1,1
tuscaloosanephrology.com,0,0,0,3,0,0,0,0,0,1,0,1,0,0,1,0
graphicriver.net,0,0,1,3,0,0,0,0,1,1,1,1,0,0,1,0
beerfactoristanbul.com.tr,0,0,1,5,0,0,0,0,0,0,0,1,0,0,1,0
ilfrancesecolsorriso.com,0,0,1,3,0,0,0,0,0,1,0,0,1,0,1,0
update.troyvanspanje.com,0,0,0,0,0,0,0,0,0,1,0,1,0,0,1,0
redeabreu.com.br,0,0,1,4,0,0,0,0,0,1,1,1,0,0,1,0
pmm.ac.in,0,0,1,4,0,0,0,0,0,1,0,1,0,0,1,0
nhs.uk,0,0,1,4,0,0,0,0,0,1,1,1,0,0,1,0
moatia.com,0,0,1,5,0,0,0,0,0,1,0,0,0,0,1,0
k12inc-my.sharepoint.com,0,0,1,5,0,0,1,1,0,0,1,1,0,0,1,0
tam-multiplosresgate.com,0,0,1,1,0,0,0,1,0,1,0,1,0,0,1,0
variety.com,0,0,1,7,0,0,0,0,0,1,0,0,0,0,1,0
venturebeat.com,0,0,1,4,0,0,1,0,1,1,1,1,0,0,1,0
elongivesbtc.com,0,0,0,0,0,0,0,0,0,0,1,1,0,0,1,0
berliner-sparkasse.de.es-public.com,0,0,1,2,0,0,0,1,0,1,1,1,0,0,1,0
ziboleq.com,0,0,0,2,0,0,0,0,0,1,0,0,0,0,1,0
steamcoummunity.gq,0,0,0,3,0,0,0,0,0,1,0,1,0,0,1,0
grupdewasa18.whatsappp.my.id,0,0,0,0,0,0,0,0,0,0,0,1,1,1,1,1
greenworldlogistics.com,0,0,0,1,0,0,0,0,0,1,0,1,0,0,1,0
maersklinesllc.dx.am,0,0,0,1,0,0,0,0,0,1,0,1,0,0,1,0
dzd.rksmb.org,0,0,1,4,0,0,0,0,0,0,0,1,0,0,1,0
support.zuzugroup.com,0,0,0,2,0,0,0,0,0,1,0,0,0,0,1,0
visitor.constantcontact.com,0,0,1,3,0,0,1,0,0,1,1,1,0,0,1,0
cew.safewallet.replayattack.us,0,0,0,0,0,0,0,0,0,1,0,0,0,0,1,0
emailmarketing.locaweb.com.br,0,0,1,4,0,0,0,0,0,1,1,1,0,0,1,0
planwise.co.za,0,0,1,8,0,0,0,0,0,1,1,1,0,0,1,0
arrowcase.com,0,0,1,3,0,0,0,0,0,1,0,1,0,0,1,0
pakariklan.com,0,1,1,10,0,0,0,0,0,0,0,1,0,0,1,0
lynkos.com.br,0,0,1,2,0,0,0,0,0,1,1,1,0,0,1,0
web-psd2-group.000webhostapp.com,0,0,0,0,0,0,0,1,0,1,0,1,0,0,1,0
eceadae-my.sharepoint.com,0,0,1,5,0,0,1,1,0,1,1,1,0,0,1,0
fsjames.ca,0,0,0,0,0,0,0,0,0,1,0,1,0,0,1,0
klavze28.com,0,0,1,7,0,0,0,0,0,1,1,1,0,0,1,0
lindadiasdasmae.com,0,0,1,2,0,0,0,0,0,1,0,1,0,0,1,0
ffinam.com,0,0,1,4,0,0,0,0,0,1,0,0,0,0,1,0
itaucard.segmobionline.ml,0,0,0,1,0,0,0,0,0,1,1,1,1,1,1,1
allegro.pl,0,0,1,1,0,0,0,0,0,1,1,1,0,0,1,0
adminattserver.typeform.com,0,0,0,2,0,0,0,0,0,1,0,0,0,0,1,0
ch.prunauneau.fr,0,0,0,1,0,0,0,0,0,1,0,1,0,0,1,0
lastpass.com,0,0,1,9,0,0,0,0,0,1,0,1,0,0,1,0
mediolanum-web.000webhostapp.com,0,0,0,0,0,0,0,1,0,1,0,1,0,0,1,0
paypal-rimborso.com,0,0,0,0,0,0,0,1,1,1,1,1,0,0,1,0
samcool.org,0,0,0,1,0,0,0,0,0,1,1,1,0,0,1,0
a0433638.xsph.ru,0,1,1,3,0,0,0,0,0,0,0,0,0,0,1,0
concluir-cadastro-rh2019.com,0,0,0,1,0,0,0,1,0,1,0,0,0,0,1,0
firesidelodge.net,0,0,1,9,0,0,0,0,0,1,0,1,0,0,1,0
cybergata.com,0,1,1,2,0,0,0,0,0,0,0,1,0,0,1,0
otomoto.pl,0,0,1,2,0,0,0,0,0,1,1,1,0,0,1,0
secure.runescape.rs-d.xyz,0,0,0,0,0,0,0,1,0,1,1,1,1,1,1,1
labanuepostale.yj.fr,0,0,1,3,0,0,0,0,0,0,0,1,1,1,1,1
hubpages.com,0,0,1,2,0,0,0,0,0,1,0,1,0,0,1,0
nikki.center,0,0,0,2,0,0,0,0,0,1,0,1,0,0,1,0
sourceforge.net,0,0,1,6,0,0,0,0,1,1,1,1,0,0,1,0
rajwebtechnology.com,0,0,0,1,0,0,0,0,0,1,0,0,0,0,1,0
grindtimegym.com,0,0,1,4,0,0,0,0,0,1,0,1,0,0,1,0
lucidfestival.com,0,0,1,6,0,0,0,0,0,0,1,1,0,0,1,0
picpusdan3.free.fr,0,0,1,3,0,0,0,0,0,1,0,1,0,0,1,0
center302.team,0,0,0,1,0,0,0,0,0,1,1,1,0,0,1,0
s.id,0,0,0,1,0,0,0,0,0,1,0,0,0,0,1,0
doodle.com,0,0,1,2,0,0,0,0,0,1,0,1,0,0,1,0
comdi3horas.joomla.com,0,0,0,2,0,0,0,0,0,1,0,1,1,1,1,1
qrxhskj.cluster028.hosting.ovh.net,0,0,1,13,0,0,0,0,0,1,0,0,0,0,1,0
halestelevision.co.uk,0,0,1,4,0,0,0,0,0,1,0,1,0,0,1,0
graphicriver.net,0,0,1,1,0,0,0,0,0,1,1,1,0,0,1,0
c1770209.ferozo.com,0,0,1,5,0,0,0,0,0,1,0,0,1,1,1,1
mehreganprint.ir,0,0,1,5,0,0,0,0,1,0,1,1,1,1,1,1
innexinc.com,0,0,1,5,0,0,0,0,0,0,0,1,0,0,1,0
flavena.co.rs,0,0,0,1,0,0,0,0,0,1,0,1,0,0,1,0
onroads.co.in,0,0,1,4,0,0,0,0,0,1,0,1,0,0,1,0
steamhoe.cf,0,0,1,2,1,0,0,0,0,1,1,1,1,0,1,0
rustyroll.net,0,0,1,1,0,0,0,0,0,0,0,1,0,0,1,0
facebook.com.twostartraders.com.np,0,0,0,0,0,0,0,0,0,1,1,1,0,0,1,0
kickass.to,0,0,1,1,0,0,0,0,1,1,1,1,0,0,1,0
davinci-studia.ru,0,1,1,4,0,0,0,1,0,1,0,1,0,0,1,0
destaque40tena.com,0,0,1,2,0,0,0,0,0,0,0,1,0,0,1,0
fanpage.gr,0,0,1,3,0,0,0,0,0,1,1,1,0,0,1,0
url5928.marsello.io,0,0,1,2,0,0,0,0,0,0,0,1,0,0,1,0
alternanetworks-my.sharepoint.com,0,0,1,5,0,0,1,1,0,1,1,1,0,0,1,0
katsura-kids.com,0,1,1,2,0,0,0,1,0,0,0,0,0,0,1,0
enex-ref.com,0,0,1,2,0,0,0,1,1,1,1,1,0,0,1,0
kjjllgf.blogspot.com,0,0,0,0,0,0,1,0,1,1,1,1,0,0,1,0
chillzone.nick.de,0,0,1,6,0,0,0,0,0,0,1,1,0,0,1,0
cns-international2.com,0,0,0,1,0,0,0,1,1,1,1,1,0,0,1,0
azrecpsrt.000webhostapp.com,0,0,0,1,0,0,0,0,0,1,0,1,0,0,1,0
cox.com,0,0,1,3,0,0,1,0,0,1,1,1,0,0,1,0
sum.vn,0,0,0,1,0,0,0,0,1,1,1,1,0,0,1,0
livestudentccc-my.sharepoint.com,0,0,1,5,0,0,1,1,0,0,1,1,0,0,1,0
buyerdriver.com,0,0,1,2,0,0,0,0,0,1,0,1,0,0,1,0
villasakuraubud.com,0,0,1,4,0,0,0,0,0,1,0,0,0,0,1,0
ml09903.xyz,0,0,0,0,0,0,0,0,0,1,1,1,0,0,1,0
electricitypak.com,0,0,0,5,0,0,0,0,0,0,1,1,0,0,1,0
paypal.com.secure.information.vineyardadvice.com,0,0,1,1,0,0,0,0,0,1,0,1,0,0,1,0
worldyouthsummit.org,0,0,0,2,0,0,0,0,0,0,0,1,0,0,1,0
23.98.216.241,1,0,0,1,0,0,0,0,0,1,1,1,0,0,1,0
bbsignage.com,0,0,0,3,0,0,0,0,0,1,0,1,0,0,1,0
taalim.ma,0,0,0,0,0,0,0,0,0,0,1,1,0,0,1,1
etecindsvc.com,0,0,0,1,0,0,0,0,0,1,0,1,0,0,1,0
seasonvar.ru,0,0,1,1,0,0,0,0,0,1,0,0,0,0,1,0
beetleart.com.tr,0,0,0,2,0,0,1,0,0,0,1,1,0,0,1,0
distinctfreight.co.zw,0,0,0,2,0,0,1,0,0,1,1,1,0,0,1,0
sanlikala.com,0,0,0,1,0,0,0,0,0,0,0,0,0,0,1,0
olx.ua,0,0,1,2,0,0,0,0,0,1,1,1,0,0,1,1
passiontoprofitclients.com,0,0,1,8,0,0,0,0,0,1,1,1,1,0,1,0
stmargsbarking-my.sharepoint.com,0,0,1,5,0,0,1,1,0,1,1,1,0,0,1,0
123456bet.com,0,0,0,3,0,0,1,0,0,1,0,1,0,0,1,0
slashdot.org,0,0,1,6,0,0,0,0,1,1,1,1,0,0,1,0
udn.com,0,0,1,4,0,0,0,0,0,1,0,1,0,0,1,0
tortik.spb.ru,0,0,1,5,0,0,0,0,0,1,0,1,0,0,1,0
kingerhelpservice.blogspot.com,0,0,0,0,0,0,1,0,1,1,1,1,0,0,1,0
prosindperu.com,0,0,1,5,0,0,0,0,0,1,0,1,0,0,1,0
spatialsys.com.ru,0,0,0,1,0,0,0,0,0,1,0,1,0,0,1,0
abdulrdawood.com,0,0,0,2,0,0,0,0,0,1,0,0,0,0,1,0
turkuazkirtasiye.com,0,0,0,1,0,0,0,0,1,1,1,1,0,0,1,0
bigcinema.tv,0,0,1,7,0,0,0,0,0,1,0,1,0,0,1,0
betasusgiir.blogspot.com,0,0,0,0,0,0,1,0,1,1,1,1,0,0,1,0
nectarworks.co,0,0,1,2,0,0,0,0,0,1,0,0,0,0,1,0
storage.googleapis.com,0,0,1,2,0,0,0,0,1,1,1,1,0,0,1,0
wvk12-my.sharepoint.com,0,0,1,5,0,0,1,1,0,1,1,1,0,0,1,0
grupomg.com.ar,0,0,0,1,0,0,0,0,0,1,1,0,0,0,1,0
challengedcreditautos.com,0,0,0,0,0,0,0,0,0,1,0,1,0,0,1,0
tvmagazineluiza.dnsup.net,0,0,1,2,0,0,0,0,0,1,0,1,0,0,1,0
153284594738391.statictab.com,0,0,0,1,0,0,0,0,0,0,0,1,0,0,1,0
diablodev.com,0,0,1,5,0,0,0,0,0,1,0,0,0,0,1,0
inbuxr.net,0,0,0,1,0,0,0,0,0,0,0,1,0,0,1,0
sonicaled.com,0,0,0,1,0,0,0,0,0,1,0,0,0,0,0,0
dantri.com.vn,0,0,1,2,0,0,0,0,1,1,1,1,0,0,1,0
distractify.com,0,0,1,2,0,0,0,0,0,1,0,1,0,0,1,1
kakaku.com,0,0,1,7,0,0,0,0,0,1,0,0,0,0,1,0
attnetcommonloginigate_edamcon1.godaddysites.com,0,0,1,0,0,0,0,0,0,1,0,1,0,0,1,0
dunggiodrilling.com,0,0,1,5,0,0,0,0,1,0,1,1,0,0,1,0
chego-unicopicpayonone.com,0,0,1,4,0,0,0,1,0,1,0,1,0,0,1,0
bigfatdevelopment.com,0,0,0,2,0,0,1,0,0,1,0,1,0,0,1,0
ot-ot.snprobbx.pbz.r.de.a2ip.ru,0,0,0,0,0,0,0,1,0,0,0,1,0,1,1,0
wsemprecomvocescommais.com,0,0,1,2,0,0,0,0,1,1,1,1,0,0,1,0
wdestaques11.em-qualquer-lugar.shop,0,0,1,5,0,0,0,1,0,1,1,1,1,1,1,1
chiatena.zxy.me,0,0,0,5,0,0,0,0,0,0,0,0,0,0,1,0
frigerio-corazza.com,0,0,1,3,0,0,0,1,0,1,0,1,0,0,1,0
verified-paxful.com,0,0,0,0,0,0,0,1,0,1,0,1,0,0,1,0
apple.com.support-help.live,0,0,0,0,0,0,0,1,1,1,1,1,1,1,1,1
psicoinspire.com.br,0,0,0,1,0,0,0,0,0,1,1,1,0,0,1,0
bruninglandscapeltd.com,0,0,0,2,0,0,0,0,0,0,0,1,0,0,1,0
community-ebay-de-diskussionsforen-6ws.html-5.me,0,0,1,0,0,0,0,1,0,0,0,1,0,0,1,0
lordkrishnaschool.co.in,0,0,1,4,0,0,0,0,0,1,0,1,0,0,1,0
vostbaddleschoi1973.blogspot.gr,0,0,0,0,0,0,0,0,0,1,1,1,0,0,1,0
facebook--videos-----app-----today.blogspot.com,0,0,1,0,0,0,1,1,1,1,1,1,0,0,1,1
pennysolvers.co.uk,0,0,1,2,0,0,0,0,0,0,0,1,0,0,1,0
chase-authoririze.serveusers.com,0,0,1,2,0,0,0,1,0,0,0,1,1,1,1,1
atendimento.rnp.br,0,0,1,2,0,0,0,0,0,1,1,1,0,0,1,0
puntaarenas.cl,0,0,0,4,0,0,0,0,0,1,0,0,0,0,1,0
tobogo.net,0,0,1,2,0,0,0,0,0,1,0,0,0,0,1,0
vipoutdoorsportsjapmarket.club,0,0,0,0,0,0,0,0,1,1,1,1,0,0,1,0
wetransfer-docushare1.ml,0,0,0,1,0,0,0,1,0,1,1,1,0,0,1,0
sanromedio.org,0,0,0,4,0,0,0,0,1,1,1,1,0,0,1,0
peruradiodigital.com,0,0,0,2,0,0,0,0,0,0,0,0,0,0,1,0
apple.com.id-apple.co,0,0,0,0,0,0,0,1,0,1,0,1,0,0,1,0
inversionesgini.com,0,0,1,3,0,0,0,0,0,1,0,1,0,0,1,0
lantikiradar.com,0,0,0,3,0,0,0,0,0,1,0,0,0,0,1,0
skins-zone.gq,0,0,0,0,0,0,0,1,1,1,1,1,0,0,1,0
rangkapselari.com,0,0,0,2,0,0,0,0,0,0,1,1,0,0,1,0
queenofsabaofficial.com,0,0,1,3,0,0,0,0,0,1,0,1,0,0,1,0
secure.runescape.com-su.xyz,0,0,0,0,0,0,0,1,0,1,0,1,1,1,1,1
presentedodiadasmaeseaqui.com,0,0,1,2,0,0,0,0,0,1,1,1,0,0,1,0
aldershvile.no,0,0,0,1,0,0,0,0,0,1,1,1,0,0,1,0
ummamiexpress.com,0,0,1,2,0,0,0,0,0,1,0,1,0,0,1,0
exodus.io123782.ml,0,0,0,0,0,0,0,0,0,1,1,1,1,0,1,0
seireshd.com,0,0,0,0,0,0,0,0,0,0,0,1,0,0,1,0
kgyfjkis.lit-cious.com,0,0,0,0,0,0,0,1,0,1,0,0,0,0,1,0
rollarcecilee.com,0,0,0,1,0,0,0,0,0,0,1,1,0,0,1,0
therockacc.org,0,0,1,4,0,0,0,0,0,1,0,0,0,0,1,0
pocked-capital.000webhostapp.com,0,0,0,0,0,0,0,1,0,1,0,1,0,0,1,0
acesso-portal.com,0,0,0,1,0,0,0,1,0,1,0,1,0,0,1,0
whatsapps-invites.zzux.com,0,0,0,0,0,0,1,1,0,0,0,1,0,0,1,0
fresleitlie.com,0,0,0,2,0,0,0,0,0,1,0,1,0,0,1,0
appleid.apple.com-app.es,0,0,0,0,0,0,0,1,0,1,1,1,0,0,1,0
espn.go.com,0,0,1,7,0,0,0,0,0,1,1,1,0,0,1,0
electroopticalcomp.com,0,0,1,8,0,0,0,0,0,1,0,0,0,0,1,0
pcxful.com,0,0,0,0,0,0,0,0,0,1,0,1,0,0,1,0
sublimet.com,0,0,1,10,0,0,1,0,0,0,0,0,0,0,1,0
posterwalker.com.sg,0,0,1,7,0,0,0,0,0,1,0,1,0,0,1,0
mirtesen.ru,0,0,1,1,0,0,0,0,0,1,0,1,0,0,1,0
nymag.com,0,0,1,9,0,0,0,0,0,1,0,0,0,0,1,1
de-solutions.info,0,0,0,1,0,0,0,1,0,1,1,1,0,0,1,0
gcspolk.com,0,0,1,4,0,0,0,0,0,1,0,1,0,0,1,0
immbanjarbaru.com,0,0,0,3,0,0,0,0,0,1,1,1,0,0,1,0
proteccionadministrada.com.mx,0,0,0,2,0,0,0,0,0,1,0,0,0,0,1,0
royalwindsorpub.com,0,0,1,2,0,0,0,0,0,1,1,1,0,0,1,0
emotivaodontologia.com.br,0,0,0,1,0,0,0,0,0,1,1,1,0,0,1,0
goeft.co.za,0,0,0,3,0,0,1,0,0,0,1,1,0,0,1,0
wdestaques14.otimosnegociosparavoce.com,0,0,1,5,0,0,0,0,0,1,0,1,0,0,1,0
art-sticker.fr,0,0,1,4,0,0,0,1,0,1,0,0,0,0,1,0
gold-mail.ru,0,0,0,0,0,0,0,1,0,1,0,1,0,0,1,0
veeprhopharma.com,0,0,1,2,0,0,0,0,0,1,0,1,0,0,1,0
thechive.com,0,0,1,4,0,0,0,0,0,1,0,1,0,0,1,0
alibaba.com.spatialsys.com.ru,0,0,0,2,0,0,0,0,0,1,0,1,0,0,1,0
n4r7u.app.link,0,0,0,1,0,0,0,0,0,1,0,1,0,0,1,0
psf.my,0,0,1,6,0,0,0,0,1,1,1,1,1,0,1,0
seekthemes.com,0,0,1,5,0,0,0,0,0,1,0,1,0,0,1,0
tmjdiscountbooks.com,0,0,1,3,0,0,0,0,0,1,0,1,0,0,1,0
sberbank.ru,0,0,1,10,0,0,0,0,0,1,0,0,0,0,1,0
zeimbresyxtmupgrdx40rew.jdevcloud.com,0,0,0,0,0,0,0,0,0,1,1,1,0,0,1,0
ukbusinessdaily.com,0,0,1,5,0,0,0,0,0,1,0,1,0,0,1,0
mylovejar.com,0,0,1,9,0,0,0,0,0,1,0,0,0,0,1,0
duluthwaterproofingmoldremoval.com,0,0,1,6,0,0,0,0,0,1,0,0,0,0,1,0
mkbixhnvc.dermals.org,0,0,0,1,0,0,0,0,0,1,0,0,0,0,1,0
kakaku.com,0,0,1,6,0,0,0,0,0,1,0,0,0,0,1,0
oneplus.net,0,0,1,2,0,0,0,0,0,0,1,0,0,0,1,0
experiencebrettjackson.dreamhosters.com,0,0,1,11,0,0,0,0,1,1,1,1,0,0,1,0
fast-pay.co,0,0,1,1,0,0,0,1,0,1,0,1,1,0,1,0
odishainfo.in,0,0,0,1,0,0,0,0,0,1,0,0,0,0,1,0
fazenda.gov.br,0,0,1,4,0,0,0,0,0,1,1,1,0,0,1,0
caixa.gov.br,0,0,1,6,0,0,0,0,0,1,1,1,0,0,1,1
xn--hravfall-9za.com,0,0,1,2,0,0,0,1,0,1,1,0,0,0,1,0
funeo.com,0,0,1,5,0,0,0,0,0,1,1,1,0,0,1,0
kurortnoye.com.ua,0,1,1,3,0,0,1,0,0,0,1,1,1,0,1,0
venturegroupit.com,0,0,1,3,0,0,1,0,0,1,0,0,0,0,1,0
manidhara.com,0,0,1,7,0,0,0,0,0,1,0,0,0,0,1,0
spatialsys.com.ru,0,0,1,4,0,0,0,0,0,1,0,1,0,0,1,0
halestelevision.co.uk,0,0,1,4,0,0,0,0,0,0,0,1,0,0,1,0
suraseyidova.com,0,0,0,2,0,0,0,0,0,0,0,1,0,0,1,0
mayamimar.com,0,0,0,2,0,0,0,0,0,1,0,1,0,0,1,0
rxcmpd.com,0,0,0,2,0,0,0,0,0,0,0,1,0,0,1,0
message-moncompte-labonquepostale-fr.com,0,0,1,2,0,0,0,1,0,1,0,1,1,1,1,1
videosfacebook.today,0,0,1,2,0,0,0,0,0,1,1,1,0,0,1,0
sonofabridge.com.net2care.com,0,0,1,2,1,0,0,0,0,0,0,0,0,0,1,0
verificacaoitau.com,0,0,0,1,0,0,0,0,0,1,0,1,0,0,1,0
haileydemarrephotography.com,0,0,0,2,0,0,0,0,0,1,0,0,0,0,1,0
iac.org.in,0,0,1,4,0,0,0,0,0,0,0,1,0,0,1,0
yamionmsuz.com,0,0,1,8,0,0,0,0,0,1,0,0,0,0,1,0
nabacc.com,0,0,0,0,0,0,0,0,0,1,0,1,0,0,1,0
bluereparation.com,0,0,0,2,0,0,0,0,0,1,0,1,0,0,1,0
firmadigitalgocrd.com,0,0,0,1,0,0,0,0,0,1,0,1,1,1,1,1
peri.mixh.jp,0,1,1,4,1,0,0,0,0,1,1,1,0,0,1,0
ifttt.com,0,0,1,2,0,0,1,0,0,1,0,0,0,0,1,1
wholesalemsms.club,0,0,0,2,0,0,0,0,0,1,0,0,0,0,1,0
bajer.info.pl,0,0,1,7,0,0,0,0,0,1,0,0,1,0,1,0
heartstrongyoga.com,0,0,0,2,0,0,0,0,0,1,0,1,0,0,1,0
budgetbots.com,0,1,1,3,0,0,0,0,0,0,0,1,0,0,1,0
otomoto.pl,0,0,1,6,0,0,0,0,0,1,1,1,0,0,1,1
augusthus.com.br,0,0,0,1,0,0,0,0,0,1,1,1,0,0,1,0
crg.co.uk,0,0,1,5,0,0,0,0,0,1,0,1,0,0,1,0
palletsolutions.ca,0,0,0,2,0,0,0,0,0,0,0,0,1,0,1,0
agriaffaires.com-enquiry-id-92735.tilexhome.com,0,0,1,0,0,0,0,1,0,1,1,1,0,0,1,0
radioabbasfm.com.br,0,0,1,5,0,0,0,0,0,1,1,1,0,0,1,0
mmgarfield.com,0,0,0,2,0,0,0,0,0,1,0,0,0,0,1,0
oaidioaa.com,0,0,1,5,0,0,0,0,0,1,0,1,0,0,1,0
alldomain.milemarker5cbd.com,0,1,1,4,0,0,0,0,0,0,0,1,0,0,1,0
edwardinvestment.com,0,0,1,2,0,0,1,0,0,1,0,1,0,0,1,0
getpocket.com,0,0,1,1,0,0,1,0,0,1,0,1,0,0,1,0
rino.ge,0,1,1,4,0,0,0,0,0,1,1,1,0,0,1,0
mace-paris.com,0,0,1,7,0,0,0,1,0,1,0,1,0,0,1,0
cartrophen.com.br,0,0,0,1,0,0,0,0,0,1,1,1,1,1,1,1
fes-romania.org,0,1,1,2,0,0,0,1,0,0,0,1,0,0,1,0
alquileres.com.py,0,0,1,3,0,0,0,0,1,0,1,1,0,0,1,0
lonestarsanitation.com,0,0,1,7,0,0,0,0,0,1,1,1,0,0,1,0
zea-ya.net,0,0,0,1,0,0,0,1,0,1,0,0,0,0,1,0
weddenoptennis.be,0,0,1,3,0,0,0,0,0,1,0,1,0,0,1,0
wuarface.ru:443,0,0,0,0,0,0,0,0,0,1,1,1,0,0,1,0
thelogodept.com,0,0,1,7,0,0,1,0,0,1,0,0,0,0,1,0
investmongolia.top,0,0,0,3,0,0,0,0,0,1,0,1,0,0,1,0
vadodaramarathon.com,0,0,1,5,0,0,0,0,0,0,0,1,0,0,1,0
excellchuyensau.com,0,0,0,3,0,0,0,0,0,1,0,1,0,0,1,0
3no.ro,0,0,0,1,0,0,0,0,0,1,0,0,0,0,1,0
r67987yq.beget.tech,0,0,0,1,0,0,0,0,0,1,0,1,0,0,1,0
thenextweb.com,0,0,1,6,0,0,0,0,1,1,1,1,0,0,1,0
404eror-cnfrm.000webhostapp.com,0,0,1,2,0,0,0,1,0,1,0,1,0,0,1,0
iplogger.org,0,0,0,1,0,0,0,0,0,1,1,1,0,0,1,0
docs.google.com,0,0,1,4,0,0,0,0,1,1,1,1,0,0,1,0
email302.com,0,0,1,6,0,0,0,0,0,1,0,1,0,0,1,1
bongda88.info,0,0,1,1,0,0,0,0,0,1,0,1,0,0,1,0
dehkadenovin.com,0,0,1,3,0,0,0,0,0,1,1,1,0,0,1,0
u1047531.cp.regruhosting.ru,0,0,1,3,0,0,0,0,0,0,0,1,0,0,1,0
saleschampion.co.uk,0,0,1,5,0,0,0,0,0,1,0,1,0,0,1,0
ilovepanqueca.com.br,0,0,0,3,0,0,0,0,0,1,1,1,0,0,1,0
toywatchofficial.icu,0,0,0,3,0,0,0,0,0,1,0,1,0,0,1,0
gabergamez.cloudaccess.host,0,0,0,1,0,0,0,0,1,1,1,1,0,0,1,0
gbgabal.com,0,0,1,4,0,0,0,0,0,1,0,1,0,0,1,0
dichvuvnpt.com,0,0,1,4,0,0,1,0,0,1,1,1,0,0,1,0
mail.onlinedatingvergelijker.nl,0,0,1,2,0,0,0,0,0,1,1,1,0,0,1,0
variety.com,0,0,1,8,0,0,0,0,0,1,0,0,0,0,1,0
blog.directsupply.com,0,0,1,0,0,0,0,0,0,0,0,1,1,1,1,1
siemprelistoradio.com,0,0,1,2,0,0,0,0,0,1,1,1,0,0,1,0
kimpatterson.net,0,0,1,4,0,0,0,0,0,1,0,1,0,0,1,0
kmind.cl,0,0,1,7,0,0,0,0,0,1,0,1,0,0,1,0
shareba.com,0,0,1,5,0,0,0,0,0,0,0,1,0,0,1,0
chaseon.sytes.net,0,0,1,3,0,0,0,0,1,1,1,1,1,1,1,1
scubamamma.com,0,0,0,3,0,0,0,0,0,1,1,1,1,1,1,1
constructoravallereal.com,0,0,1,4,0,0,0,0,0,1,0,0,0,0,1,0
danielescivoli.it,0,0,1,2,0,0,0,0,0,1,0,0,0,0,1,0
safgg34rfdfweqdas.epizy.com,0,0,1,2,0,0,0,0,0,1,0,1,0,0,1,0
aijcs.blogspot.com,0,0,1,3,0,0,1,0,1,1,1,1,0,0,1,0
hfgmhome.org,0,0,1,5,0,0,0,0,0,1,0,1,1,1,1,1
mynewsplanet.com,0,0,1,6,0,0,1,0,0,1,1,1,0,0,1,0
mailbox31update.xxuz.com,0,0,1,1,0,0,0,0,0,0,0,1,0,0,1,0
kvsrogurgaon.in,0,0,0,4,0,0,0,0,0,0,0,1,0,0,1,0
bcpzonasegurabeta.viabcp.com.joyinthemiddle.com,0,0,1,1,0,0,0,0,0,1,0,0,0,0,1,0
techcrunch.com,0,0,1,4,0,0,0,0,1,1,1,1,0,0,1,0
outlook12861.activehosted.com,0,0,0,2,0,0,0,0,0,1,0,1,0,0,1,0
kupelis.com,0,0,1,9,0,0,0,0,0,0,0,0,0,0,1,0
honda4fun.com,0,0,0,2,0,0,0,0,0,1,1,1,0,0,1,0
pinnerx.com,0,0,1,2,0,0,1,0,0,0,0,1,0,0,1,0
auto.ru,0,0,1,4,0,0,0,0,0,1,0,0,0,0,1,0
courgeon-immobilier.fr,0,0,1,7,0,0,0,1,0,1,0,1,0,0,1,0
verify.mypaypdetails.com,0,0,0,0,0,0,0,0,0,1,0,1,0,0,1,0
yorkshire.es,0,0,0,1,0,0,0,0,0,1,1,1,0,0,1,0
instagram.com,0,0,0,1,0,0,0,0,0,1,0,1,0,0,1,0
bkagrosprayers.com,0,0,0,1,0,0,0,0,0,1,0,0,1,1,1,1
sberbank.ru,0,0,1,6,0,0,0,0,0,1,0,0,0,0,1,1
ctcjp.tk,0,0,0,1,0,0,0,0,0,1,1,1,1,1,1,1
adsucal.com,0,0,0,0,0,0,0,0,0,1,1,1,0,0,1,0
recovery-support.u718573rwk.ha004.t.justns.ru,0,0,1,1,0,0,0,1,0,1,0,1,0,0,1,0
correios.com.br,0,1,1,8,0,0,0,0,0,1,1,1,0,0,1,0
ustore.bg,0,0,0,1,0,0,0,0,0,1,1,1,0,0,1,0
mail.turriago.com,0,0,1,1,0,0,0,0,0,1,0,1,0,0,1,1
hdfcbank.com,0,0,1,6,0,0,0,0,0,1,1,1,0,0,1,0
annarborhandsonmuseum-my.sharepoint.com,0,0,1,5,0,0,1,1,0,1,1,1,0,0,1,0
71zhuan.com,0,1,1,1,0,0,0,0,0,1,0,1,0,0,1,0
locksmail.com,0,0,1,7,0,0,0,0,0,1,0,1,0,0,1,0
pestlorinc.net,0,0,0,2,0,0,0,0,1,1,1,1,0,0,1,0
primemobile.co.id,0,0,0,1,0,0,0,0,0,0,0,1,0,0,1,0
brussel-airport.be,0,0,0,1,0,0,0,1,0,1,1,1,0,0,1,0
notarius24.biz,0,0,1,8,0,0,0,0,0,1,0,0,1,0,1,0
superuser.com,0,0,1,3,0,0,0,0,0,1,0,1,0,0,1,0
dwnlds.co,0,0,0,1,0,0,0,0,0,1,0,0,0,0,1,0
bibwebshop.com,0,0,0,2,0,0,0,0,0,1,0,1,0,0,1,0
acoustic-descriptive-beet.glitch.me,0,0,0,0,0,0,0,1,0,1,0,1,0,0,1,0
paypal.b2pay.top,0,0,0,0,0,0,0,0,0,1,1,1,0,0,1,0
admzonc.kiju.com.cn,0,0,0,0,0,0,0,0,0,1,0,0,1,1,1,1
novaopcaomotos.com.br,0,0,0,2,0,0,0,0,0,1,1,1,0,0,1,0
ciimer-aiidat.com,0,0,0,0,0,0,1,1,0,1,0,1,0,0,1,0
cursosmaquiagem.com,0,0,1,9,0,0,0,0,0,1,0,1,0,0,1,0
esporte.uol.com.br,0,0,1,8,0,0,0,0,0,0,1,1,0,0,1,0
toaletaeco.ro,0,0,0,1,0,0,0,0,0,1,0,1,0,0,1,0
kavc.org,0,0,0,2,0,0,0,0,0,1,0,1,0,0,1,0
restaurantelabarquita.com,0,1,1,2,0,0,0,0,0,1,0,0,0,0,1,0
kuchkuchnights.com,0,0,1,1,0,0,0,0,0,1,1,1,0,0,1,0
theatrewh-my.sharepoint.com,0,0,1,5,0,0,1,1,0,1,1,1,0,0,1,0
jlgraphic.fr,0,0,0,3,0,0,0,0,0,1,0,0,0,0,1,0
glanexz.somee.com,0,0,0,1,0,0,0,0,0,1,0,1,0,0,1,0
olx.in,0,0,1,2,0,0,0,0,0,1,0,1,0,0,1,1
rinder.com.ar,0,0,1,3,0,0,0,0,0,0,1,1,0,0,1,0
livestudentccc-my.sharepoint.com,0,0,1,5,0,0,1,1,0,1,0,1,0,0,1,0
paytm.com,0,0,1,6,0,0,0,0,0,1,0,1,0,0,1,0
ihaleile.com,0,0,0,3,0,0,0,0,0,1,0,1,0,0,1,0
villasakuraubud.com,0,0,1,5,0,0,0,0,0,1,0,0,0,0,1,0
interpark.com,0,0,1,2,0,0,0,0,0,1,1,1,0,0,1,0
pruprioritas.net,0,0,0,3,0,0,0,0,0,1,0,1,0,0,1,0
bit.ly,0,0,0,1,0,0,1,0,0,1,1,1,1,1,1,1
conecteseasuacasa.com,0,0,1,2,0,0,0,0,0,1,0,1,0,0,1,0
odyssee-voyages.fr,0,0,0,2,0,0,0,1,0,1,0,1,0,0,1,0
starmak.com.tr,0,0,1,1,0,0,0,0,0,1,0,0,0,0,1,0
thenextweb.com,0,0,1,5,0,0,0,0,0,1,0,0,0,0,1,1
kenh14.vn,0,0,1,2,0,0,0,0,1,1,1,1,0,0,1,0
elbowarea.com,0,0,1,2,0,0,0,0,0,1,0,1,0,0,1,0
bmi.ir,0,0,1,2,0,0,0,0,1,1,1,1,1,1,1,1
ojcconseil.com,0,0,0,0,0,0,0,0,0,1,0,1,1,1,1,1
betasus20.blogspot.com,0,0,0,0,0,0,1,0,1,1,1,1,0,0,1,0
toprankingyoutube.com,0,0,1,4,0,0,0,0,0,1,0,0,0,0,1,0
vkvzlomid.viptop.ru,0,0,0,0,0,0,0,0,0,0,0,1,0,0,1,0
it-services.my-free.website,0,0,0,0,0,0,0,1,1,1,1,1,0,0,1,0
detes.sk,0,0,0,1,1,0,0,0,0,1,0,1,0,0,1,0
portal.prizesforall.com,0,0,1,0,1,0,0,0,0,0,1,1,0,0,1,0
ww17.login-appleid.apple.com.alert-wode.com,0,0,1,0,0,0,0,1,0,1,0,1,0,0,1,0
stokeharvester.com,0,0,0,1,0,0,0,0,0,0,0,0,0,0,1,0
liencs.fr,0,0,0,1,0,0,0,0,0,1,0,0,0,0,1,0
betasusorjinals.blogspot.com,0,0,0,0,0,0,1,0,1,1,1,1,0,0,1,0
btlinternetco.com,0,0,0,2,0,0,0,0,0,1,0,1,0,0,1,0
kitmaravilhosoparamamaepresenteie.com,0,0,1,2,0,0,0,0,1,1,1,1,1,1,1,1
omegadesigns.in,0,0,1,4,0,0,0,0,0,1,0,0,0,0,1,0
0nexdrlvew.best,0,0,0,1,0,0,0,0,0,1,1,1,0,0,1,0
bestconferenceline.com,0,0,1,2,0,0,0,0,0,1,0,1,0,0,1,0
gold-mail.ru:443,0,0,0,0,0,0,0,1,0,1,1,1,0,0,1,0
mythree.xyz,0,0,0,1,0,0,0,0,0,1,0,1,0,0,1,0
paxfulviet.com,0,0,0,0,0,0,1,0,0,1,0,1,0,0,1,0
xoserv.com,0,0,0,2,0,0,0,0,0,1,1,0,0,0,1,0
thesamjain.com,0,0,1,5,0,0,0,0,0,1,0,1,0,0,1,0
borrachao.com.br,0,0,1,7,0,0,0,0,0,1,1,1,1,0,1,0
119.28.179.179,1,0,0,1,0,0,0,0,0,1,1,1,0,0,1,0
emporio71.com.br,0,0,0,2,0,0,0,0,0,1,1,1,0,0,1,0
oferamericanasweb.com,0,0,1,2,0,0,0,0,0,1,0,1,1,0,1,0
mom2momlist.com,0,0,0,2,0,0,1,0,0,0,0,1,0,0,1,0
smartraining.org,0,0,1,5,0,0,0,0,0,0,0,1,0,0,1,0
medium.com,0,0,1,2,0,0,0,0,0,1,0,1,0,0,1,1
fb-recovery-10000076902-it.tk,0,0,1,1,0,0,0,1,0,1,1,1,1,1,1,1
link.do,0,0,1,1,1,0,0,0,0,0,0,1,0,0,1,0
jezebel.com,0,0,1,3,0,0,0,0,0,1,1,0,0,0,1,0
costcutterhome.com,0,0,1,4,0,0,0,0,0,1,0,0,0,0,1,0
bankofamerica-logins.dns05.com,0,0,1,2,0,0,0,1,0,0,0,1,0,0,1,0
docs.google.com,0,0,1,5,0,0,0,0,0,0,0,1,0,0,1,0
sites.google.com,0,0,1,3,0,0,0,0,0,1,0,0,0,0,1,0
mail.bbglowfrance.fr,0,0,1,2,0,0,0,0,0,0,0,1,0,0,1,0
danielescivoli.it,0,0,1,3,0,0,0,0,0,1,0,0,0,0,1,0
smartdms.in,0,0,0,4,0,0,0,0,0,0,0,0,0,0,1,0
revente-materiel.com,0,0,1,3,0,0,0,1,0,1,0,0,0,0,1,0
secure.runescape.rs-e.xyz,0,0,1,2,0,0,0,1,0,1,0,1,1,1,1,1
is.gd,0,0,0,1,0,0,1,0,1,1,1,1,0,0,1,0
vakantieverhuur.be,0,0,1,3,0,0,0,0,0,1,1,1,0,0,1,0
bethesdaalur.org,0,0,0,3,0,0,0,0,0,1,0,1,1,1,1,1
screencast.com,0,0,1,1,0,0,1,0,0,1,0,0,0,0,1,0
golden-puzzled-tailor.glitch.me,0,0,0,0,0,0,0,1,0,1,0,1,0,0,1,0
seg-dispositivo.com,0,0,0,1,0,0,0,1,0,1,0,1,0,0,1,0
medium.com,0,1,1,2,0,0,0,0,0,1,0,1,0,0,1,0
millenniaco-my.sharepoint.com,0,0,1,5,0,0,1,1,0,1,1,1,0,0,1,0
my-paypal-verification.com,0,0,0,0,0,0,0,1,1,1,1,1,1,1,1,1
flavena.co.rs,0,0,0,1,0,0,0,0,0,1,1,0,0,0,1,0
xxx.getit12.com,0,0,0,0,0,0,0,0,0,0,0,1,0,0,1,0
paytm.com,0,0,1,8,0,0,0,0,0,1,0,1,0,0,1,0
docusignsecure1com1login1dropbox9com64bae2a51a5b3dropbox7com.mybabydeck.com,0,0,1,0,0,0,0,0,0,1,0,0,0,0,1,0
zrq2y.weblium.site,0,0,0,0,0,0,0,0,0,1,0,1,0,0,1,0
themeforest.net,0,0,1,4,0,0,0,0,0,1,1,1,0,0,1,0
vmorefraud.com,0,0,1,4,0,0,0,0,0,1,0,1,0,0,1,0
maes-venha-conferir.com,0,0,1,1,0,0,0,1,1,1,1,1,1,1,1,1
comocurarhemorroides.org,0,0,0,1,0,0,0,0,0,0,0,0,1,1,1,1
slickdeals.net,0,0,1,2,0,0,0,0,0,1,0,1,0,0,1,0
175.107.206.134,1,0,1,4,0,0,0,0,1,1,1,1,0,0,1,0
cheaphostingsa.co.za,0,1,0,0,0,0,0,0,0,1,0,1,0,0,1,0
original.clienteonline.digital,0,0,0,0,0,0,0,0,1,1,1,1,0,0,1,0
8leap.com,0,0,1,4,0,0,0,0,0,1,0,0,0,0,1,0
sudinpusarjaktim.jakarta.go.id,0,0,0,1,0,0,0,0,0,1,0,1,0,0,1,0
623112j4j3.codesandbox.io,0,0,0,1,0,0,0,0,1,1,1,1,0,0,1,0
lowthercastle-views.com,0,0,1,4,0,0,0,1,0,1,0,1,1,1,1,1
orgogenlabs.com,0,0,1,5,0,0,0,0,0,1,0,1,0,0,1,1
box5674.temp.domains,0,0,1,4,0,0,0,0,1,1,1,1,0,0,1,0
dropbox-com.dropbox.lilyskitchen.skyfencenet.com,0,0,1,0,0,0,1,1,0,0,0,1,0,0,1,0
beyondstateofmind.com,0,0,1,4,0,0,0,0,0,0,0,1,0,0,1,0
itunes-signup.performancehorizon.com,0,0,1,3,0,0,0,1,0,0,0,1,0,0,1,0
inconfis.com,0,0,1,4,0,0,0,0,0,1,0,0,0,0,1,0
deganplasaan.ga,0,0,1,1,0,0,0,0,0,1,1,1,1,1,1,1
smsorangephonemail.myfreesites.net,0,0,0,0,0,0,0,0,0,0,0,1,0,0,1,0
comicbook.com,0,0,1,3,0,0,0,0,0,1,1,1,0,0,1,1
t.co,0,0,0,1,0,0,1,0,0,1,0,1,0,0,1,0
lastpass.com,0,0,1,1,0,0,0,0,0,1,0,1,0,0,1,0
hrsoftware.in.th,0,0,1,6,0,0,0,0,0,0,1,1,0,0,1,0
hubpages.com,0,0,1,1,0,0,0,0,0,1,0,1,0,0,1,0
cdzizi.com,0,0,0,1,0,0,0,0,0,1,0,1,0,0,1,0
u704893oyf.ha004.t.justns.ru,0,0,1,3,0,0,0,0,0,0,0,0,0,0,1,0
minagi.org,0,0,0,4,0,0,0,0,0,1,0,0,0,0,1,0
136529658150328413.weebly.com,0,0,0,0,0,0,0,0,0,1,0,1,0,0,1,0
quintascastaldi.com.br,0,0,0,2,0,0,0,0,0,1,1,1,0,0,1,0
faktor.rs,0,0,0,4,0,0,0,0,0,1,1,1,0,0,1,0
asp403r.paperless.com.pe,0,0,0,1,0,0,0,0,1,0,1,1,0,0,1,0
umattr.info,0,0,1,6,0,0,0,0,0,1,0,0,0,0,1,0
marmaladedigital.in,0,1,1,4,0,0,0,0,0,1,0,1,0,0,1,0
refailogistics.com,0,0,0,2,0,0,0,0,0,1,0,0,0,0,1,0
dsgcbeonline.com,0,0,0,2,0,0,0,0,0,1,0,0,0,0,1,0
joint.co.il,0,0,1,5,0,0,1,0,1,0,1,1,0,0,1,0
online-suntrust-selfcare.beebreelonserv.com,0,0,1,2,0,0,0,1,0,1,0,1,1,1,1,1
babal.net,0,0,1,4,0,0,0,0,0,0,0,1,0,0,1,0
tylerdeveraux.com,0,0,0,3,0,0,1,0,0,1,0,1,1,1,1,1
pintatodo.mx,0,0,0,1,0,0,0,0,0,1,0,1,0,0,1,0
google-apps.cz,0,0,0,0,0,0,0,1,0,1,0,1,0,0,1,0
fredwilliams.publishpath.com,0,0,1,1,0,0,0,0,0,1,0,1,0,0,1,0
endo.ba,0,0,1,3,0,0,0,0,0,1,1,1,0,0,1,0
miketoddington.com,0,0,0,1,0,0,0,0,0,1,0,1,0,0,1,0
scotiabank-com-mx.acceso-cliente.com,0,0,0,0,0,0,0,1,0,0,1,1,0,0,1,0
internet-banking.ch-creditsuisse.com,0,0,1,2,0,0,0,1,0,1,0,1,0,0,1,0
corazonvenezolano.com,0,0,0,1,0,0,0,0,0,1,0,0,0,0,1,0
oralomar.com,0,0,0,2,0,0,0,0,0,1,0,1,1,1,1,1
bellat.net,0,0,1,4,0,0,0,0,0,1,1,1,0,0,1,0
unity3d.com,0,0,1,5,0,0,0,0,0,1,1,1,0,0,1,0
sofe-firma.firebaseapp.com,0,0,0,0,0,0,0,1,1,1,1,1,0,0,1,0
amazon.co.jp.lcmgo.com,0,0,0,0,0,0,0,0,0,1,1,1,1,1,1,1
lum4.com,0,0,0,1,0,0,0,0,0,0,0,1,0,0,1,0
web-net-pg.joomla.com,0,0,1,2,0,0,0,1,0,1,0,1,0,0,1,0
mail.neve-indoor.nl,0,0,1,2,0,0,0,1,0,1,1,1,0,0,1,0
greenwattgroup.com,0,0,1,3,0,0,0,0,0,1,0,1,0,0,1,0
atendimento-sac-pg.joomla.com,0,0,0,1,0,0,0,1,0,1,0,1,0,0,1,1
sites.google.com,0,0,0,3,0,0,0,0,0,1,1,1,0,0,1,0
fb-recovery-10000076932-it.tk,0,0,1,1,0,0,0,1,0,1,1,1,1,1,1,1
utffunds.com,0,0,0,3,0,0,0,0,0,1,1,1,0,0,1,0
2fa.bthei.com,0,0,0,2,0,0,0,0,0,1,0,0,0,0,1,0
165.227.4.30,1,0,0,2,0,0,0,0,0,1,1,1,0,0,1,0
lozenec-lan.net,0,0,1,7,0,0,0,1,0,0,1,1,0,0,1,0
swiofishznz.go.tz,0,0,1,5,0,0,0,0,0,1,1,1,1,0,1,0
onemillionsolutionsinhealth.net,0,0,1,3,0,0,0,0,0,1,0,1,1,0,1,0
wikimapia.org,0,0,1,3,0,0,0,0,0,1,0,1,0,0,1,0
zjgsyds.cn,0,0,1,1,1,0,0,0,0,1,0,0,0,0,1,0
shadetreetechnology.com,0,0,0,2,0,0,0,0,0,1,0,0,0,0,1,0
evh.com.br,0,0,0,4,0,0,0,0,0,1,0,1,0,0,1,0
applepaymentpartner.com,0,0,0,2,0,0,0,0,0,0,0,1,0,0,1,0
onedrive.live.com,0,0,1,0,0,0,0,0,0,1,1,1,0,0,1,0
mail01.tinyletterapp.com,0,0,1,7,0,0,0,0,0,0,0,1,0,0,1,0
momos-ambachtelijkeijs.nl,0,0,1,4,0,0,0,1,0,1,1,1,0,0,1,0
chserviceemployeedesk.moonfruit.com,0,0,0,0,0,0,1,0,0,1,0,0,0,0,1,0
dzd.rksmb.org,0,0,1,4,0,0,1,0,0,0,0,1,0,0,1,0
webapp186332.ip-172-104-4-187.cloudezapp.io,0,0,1,6,0,0,0,1,0,0,0,0,1,1,1,1
vmoremlm.com,0,0,0,3,0,0,0,0,0,1,0,1,0,0,1,0
syosetu.com,0,0,1,3,0,0,0,0,0,1,1,1,0,0,1,0
paypal.account.com.cuteideas.gr,0,0,0,0,0,0,1,0,0,1,0,1,0,0,1,0
pullo.eu,0,0,1,9,0,0,0,0,0,1,1,1,0,0,1,0
mysp.ac,0,0,0,1,0,0,0,0,0,0,1,1,0,0,1,0
thenextweb.com,0,0,1,5,0,0,0,0,1,1,1,1,0,0,1,0
login.microsoftonline.com.common.login.invoice.21355.meertreffen.ch,0,0,1,3,0,0,0,0,1,1,1,1,0,0,1,0
ehan.org,0,0,1,4,0,0,0,0,0,0,0,1,0,0,1,0
m5wx.com,0,0,1,7,0,0,1,0,0,1,0,1,0,0,1,0
lankeshpatrike.com,0,0,0,1,0,0,0,0,0,0,1,1,0,0,1,0
aarohanclasses.in,0,0,0,1,0,0,0,0,0,0,0,1,1,1,1,1
recordingcardvirement.000webhostapp.com,0,0,0,0,0,0,0,0,0,1,0,1,0,0,1,0
hedgecockdental-my.sharepoint.com,0,0,1,4,0,0,1,1,0,1,1,1,0,0,1,0
vnexpress.net,0,0,1,4,0,0,0,0,0,1,0,1,0,0,1,1
meljackson.net,0,0,0,1,0,0,0,0,0,1,0,0,0,0,1,0
betasus21.blogspot.com,0,0,0,0,0,0,1,0,1,1,1,1,0,0,1,0
columbiaps-my.sharepoint.com,0,0,1,7,0,0,1,1,0,1,1,1,0,0,1,0
recover-paypal.com,0,0,0,2,0,0,0,1,0,1,0,1,0,0,1,0
dreimakerchocolates.com,0,0,1,8,0,0,0,0,0,1,0,1,0,0,1,0
verificacaoitau.com,0,0,0,0,0,0,0,0,0,1,0,1,0,0,1,0
kensonsitepcrepair.com,0,0,0,1,0,0,0,0,0,1,1,1,0,0,1,0
forms.gle,0,0,0,1,0,0,0,0,1,1,1,1,0,0,1,0
whattsapp2020.ygto.com,0,0,0,0,0,0,0,0,0,0,0,1,0,0,1,0
view.fdlheatpumps.co.uk,0,0,0,0,0,0,0,0,0,1,0,1,0,0,1,0
kaizenpak.com,0,0,0,1,0,0,0,0,0,1,0,0,0,0,1,0
pay-pai-securty-verifyi-accunt-cmd.agr.ng,0,0,1,2,0,0,0,1,1,0,1,1,0,0,1,0
arshermeneutica.org,0,0,1,6,0,0,0,0,0,1,0,1,0,0,1,0
doonglobalschool.org,0,0,1,4,0,0,0,0,0,1,0,0,0,0,1,0
enigreen.net,0,0,1,4,0,0,0,0,0,1,0,1,0,0,1,0
u4131462.ct.sendgrid.net,0,0,1,2,0,0,0,0,0,1,0,1,0,0,1,0
integrityozonesolutions.com,0,0,1,4,0,0,0,0,0,1,0,1,0,0,1,0
alibaba.com.spatialsys.com.ru,0,0,1,3,0,0,0,0,0,1,0,1,0,0,1,0
eafreight.ltd,0,0,0,2,0,0,0,0,1,1,1,1,0,0,1,0
freestikersbro.000webhostapp.com,0,0,0,0,0,0,0,0,0,1,0,1,0,0,1,0
optus.harbornews.us,0,1,0,0,0,0,1,0,0,1,0,0,0,0,1,0
secure.runescape.com-un.ru,0,0,1,2,0,0,0,1,0,0,0,0,0,0,1,0
neeted.inditioncra.com,0,0,0,1,0,0,0,0,0,0,0,0,0,0,1,0
venturegroupit.com,0,1,1,2,0,0,1,0,0,1,1,1,1,0,1,0
freetrafficprofitsystem.com,0,0,1,3,0,0,0,0,0,1,0,1,0,0,1,0
lojascarrefouronline.com,0,0,1,2,0,0,0,0,0,1,0,1,0,0,1,0
35.199.84.117,1,0,0,1,0,0,0,0,0,1,1,1,0,0,1,0
3xportfolio.com,0,0,0,2,0,0,0,0,0,1,0,0,0,0,1,0
boomcup.icu,0,0,0,0,0,0,0,0,0,1,0,1,0,0,1,0
ligatokens.io,0,0,0,0,0,0,0,0,0,0,0,1,0,0,1,0
pdfgusdf.com,0,0,0,3,0,0,0,0,0,1,0,0,0,0,1,0
endpointsportal.au-bbva-bancomerappnomina.cloud.goog,0,0,1,0,0,0,0,1,1,1,1,1,0,0,1,0
logok.org,0,0,1,5,0,0,0,0,0,0,0,0,0,0,1,0
paypal.ping0n.vip,0,0,0,0,0,0,0,0,0,1,0,1,0,0,1,0
xurl.es,0,0,0,1,0,0,0,0,0,0,1,1,0,0,1,0
marvel.com,0,0,1,5,0,0,0,0,0,1,1,1,0,0,1,0
hailufu.com,0,0,1,9,0,0,0,0,0,0,0,1,0,0,1,0
umnnp-my.sharepoint.com,0,0,1,5,0,0,1,1,0,1,1,1,0,0,1,0
app-36horas.com,0,0,0,0,0,0,0,1,0,1,0,1,1,1,1,1
profinishmi.com,0,1,1,4,0,0,0,0,0,0,0,1,0,0,1,0
goldsubzehy.tk,0,0,1,4,0,0,0,0,0,1,1,1,0,0,1,0
avxhome.se,0,0,1,4,0,0,0,0,0,0,0,1,0,0,1,1
igrzyskasto.pl,0,0,0,0,0,0,0,0,0,1,0,1,0,0,1,0
payment-isuessglobal.doncasterservicecentre.com.au,0,0,1,1,0,0,0,1,0,1,1,1,0,0,1,0
camadanyapimalzemeleri.com,0,0,0,1,0,0,0,0,0,1,0,1,0,0,1,0
bancobpm-youweb.com,0,0,1,2,0,0,0,1,0,1,0,1,1,1,1,1
stevencrews.com,0,0,1,4,0,0,0,0,0,1,0,0,0,0,1,0
gtbank.com,0,0,1,6,0,0,0,0,0,1,0,1,0,0,1,0
m8service.ru,0,0,1,5,0,0,0,0,0,1,0,1,0,0,1,0
paytm.com,0,0,1,2,0,0,0,0,0,1,0,1,0,0,1,1
t.umblr.com,0,0,1,1,0,0,0,0,0,1,1,1,0,0,1,0
dongsuh.net,0,0,1,2,0,0,0,0,0,1,0,1,0,0,1,0
rudiguvenlik.com,0,0,0,1,0,0,0,0,1,1,1,1,0,0,1,0
bellpeppers.pk,0,0,0,3,0,0,0,0,1,1,1,1,0,0,1,0
teseesays.com,0,0,1,5,0,0,0,0,0,1,0,1,1,0,1,0
apuwa.com,0,0,0,3,0,0,0,0,0,0,1,1,0,0,1,0
magpieroost.com,0,0,0,3,0,0,1,0,0,1,0,1,0,0,1,0
premiumtickets-offer.com,0,0,0,0,0,0,0,1,0,1,1,1,0,0,1,0
bit.ly,0,0,0,1,0,0,1,0,0,0,1,1,0,0,1,1
artg.placeof.space,0,0,1,10,0,0,0,0,1,1,1,1,0,0,1,0
peruanatravel.com,0,0,0,1,0,0,0,0,0,1,0,0,0,0,1,0
nexus.centre.free.fr,0,0,1,5,0,0,0,0,0,1,0,1,0,0,1,0
irs.org,0,0,0,0,0,0,0,0,0,0,0,1,0,0,1,0
doctorslepchuk.ru,0,0,0,2,0,0,0,0,0,1,0,0,0,0,1,0
adelahidalgo.com,0,0,1,2,0,0,0,0,0,1,0,0,0,0,1,0
arerovs.000webhostapp.com,0,0,0,1,0,0,0,0,0,1,0,1,0,0,1,0
ebay.com-itm-miller-trailblazer-model-302-welder.aecsz.top,0,0,1,1,0,0,0,1,1,1,1,1,0,0,1,0
1001golos.dxservice.ru,0,0,0,0,0,0,0,0,0,1,0,0,0,0,1,0
kjsa.com,0,0,1,3,0,0,0,0,0,1,1,1,0,0,1,0
sylviamclain-my.sharepoint.com,0,0,1,5,0,0,1,1,0,1,1,1,0,0,1,0
kotini.mbnet.fi,0,0,0,1,0,0,0,0,0,0,0,1,0,0,1,0
chezlesdudu.com,0,0,0,3,0,0,0,0,0,1,0,1,0,0,1,0
icicibank.com,0,0,1,4,0,0,0,0,0,1,0,1,0,0,1,1
stortrk.com,0,0,1,3,0,0,0,0,0,0,0,1,0,0,1,0
asc-electrical.co.uk,0,0,0,3,0,0,0,1,0,1,0,1,0,0,1,0
accurate-engineers.in,0,0,0,3,0,0,0,1,0,1,0,1,0,0,1,0
absa.ent.box.com,0,0,0,0,0,0,1,0,0,0,0,1,0,0,1,0
hotelmerina.com,0,0,0,2,0,0,0,0,0,0,0,1,0,0,1,0
bit.ly,0,0,0,1,0,0,1,0,0,1,1,1,0,0,1,1
1587224058798.activehosted.com,0,0,0,2,0,0,0,0,0,1,0,1,0,0,1,0
hospitalarpaulista.com.br,0,0,1,5,0,0,0,0,0,1,1,1,0,0,1,0
vizagsource.com,0,0,0,2,0,0,0,0,0,0,0,1,0,0,1,0
zcvalkenburg.nl,0,0,0,1,0,0,0,0,1,0,1,1,0,0,1,0
haraktis.ru,0,0,1,1,0,0,0,0,0,1,0,1,0,0,1,0
ecotaskforce.com,0,0,0,3,0,0,0,0,1,1,1,1,0,0,1,0
pcsvet.si,0,0,1,8,0,0,0,0,0,1,0,1,0,0,1,0
perdoesdiesel.com.br,0,0,1,3,0,0,0,0,0,0,0,0,0,0,1,0
marlinespike.com,0,0,0,2,0,0,0,0,0,1,1,0,0,0,1,0
luvoxcr.com,0,0,0,2,0,0,0,0,0,1,1,1,0,0,1,0
haywardtransportationllc.com,0,0,1,3,0,0,0,0,0,0,0,1,0,0,1,0
csgoxfast.com,0,0,0,0,0,0,1,0,0,1,0,1,0,0,1,0
palicky.sk,0,0,0,1,0,0,0,0,0,1,0,1,0,0,1,0
unada.ga,0,1,1,4,0,0,0,0,0,0,1,1,1,1,1,1
alergiaalpolen.com,0,0,1,3,0,0,0,0,0,1,0,0,0,0,1,0
estamosaquipravoce.com,0,0,1,2,0,0,0,0,0,1,0,1,0,0,1,0
three.billing-confirm.com,0,0,0,0,0,0,0,1,0,1,0,1,1,1,1,1
app.box.com,0,0,1,2,0,0,1,0,0,1,1,1,0,0,1,0
vksafe.com,0,0,0,0,0,0,0,0,0,1,1,1,0,0,1,0
9khnh.app.link,0,0,0,1,0,0,0,0,0,1,0,1,0,0,1,0
secure-monitor.com,0,0,1,1,0,0,0,1,0,0,0,0,1,0,1,0
noticias.uol.com.br,0,0,1,6,0,0,0,0,0,1,1,1,0,0,1,0
topekalodging.org,0,0,0,2,0,0,0,0,0,1,0,1,0,0,1,0
web.de,0,0,1,5,0,0,0,0,0,1,1,1,0,0,1,0
viralcc.com,0,0,0,1,0,0,0,0,0,0,0,0,0,0,1,0
atagucsea.com,0,0,1,5,0,0,0,0,1,1,1,1,0,0,1,0
login-microsoft0nline-com098sexureelogi939.us-south.cf.appdomain.cloud,0,0,1,0,0,0,0,1,0,0,0,1,0,0,1,0
atccn3.it,0,0,1,3,0,0,0,0,0,1,0,1,0,0,1,0
lifehacker.com,0,0,1,3,0,0,0,0,0,1,1,0,0,0,1,0
themulchmanva.com,0,0,0,1,0,0,0,0,0,1,0,0,0,0,1,0
dameidaijia.com,0,0,1,11,0,0,0,0,1,1,1,1,0,0,1,0
nwkc.adventist.or.ke,0,0,0,1,0,0,0,0,0,0,1,1,0,0,1,0
livenmitac-my.sharepoint.com,0,0,1,5,0,0,1,1,0,1,0,0,0,0,1,0
olx.ro,0,0,1,6,0,0,0,0,0,1,0,0,0,0,1,0
mbmarquitectos.com.pe,0,0,0,2,0,0,0,0,1,1,1,1,0,0,1,0
tshirt-factory.eu,0,1,1,5,0,0,0,1,0,1,1,1,0,0,1,0
r7vfe.csb.app,0,0,0,0,0,0,0,0,0,1,0,1,0,0,1,0
etigroup.az,0,0,1,6,0,0,0,0,0,1,1,1,0,0,1,0
treasurechicks.com,0,0,1,6,0,0,0,0,0,1,0,1,0,0,1,1
webcoretic.com,0,0,1,8,0,0,0,0,0,0,0,1,0,0,1,0
stanislausgrown.org,0,0,1,9,0,0,0,0,0,1,0,1,0,0,1,0
dotpay.idpd.pl,0,0,1,1,0,0,0,0,0,1,0,1,1,1,1,1
bemvivergoservicos.com,0,0,0,0,0,0,0,0,0,0,0,1,0,0,1,0
montagnalombardia.xyz,0,1,1,2,0,0,0,0,0,1,1,1,1,1,1,1
collinsflg-my.sharepoint.com,0,0,1,5,0,0,1,1,0,1,1,1,0,0,1,0
skins-casino.com,0,0,0,0,0,0,0,1,0,1,0,1,0,0,1,0
hoobpromoticon.gq,0,0,0,0,0,0,0,0,1,1,1,1,1,0,1,0
stil-proiect.ro,0,1,1,3,0,0,0,1,0,1,0,0,0,0,1,0
io9.com,0,0,1,1,0,0,0,0,0,0,1,1,0,0,1,0
zonsa.biz,0,0,1,2,0,0,0,0,0,1,1,1,0,0,1,0
esapcepro-org.com,0,0,1,4,0,0,0,1,0,1,1,1,0,0,1,0
celsahiinc.000webhostapp.com,0,0,0,2,0,0,0,0,0,1,0,1,0,0,1,0
tweedy-light.000webhostapp.com,0,0,0,1,0,0,0,1,0,1,0,1,0,0,1,0
exler-karosserie.at,0,0,0,4,0,0,0,1,0,1,0,1,0,0,1,0
facebook.com.triumphhomes.co.uk,0,0,0,0,0,0,0,0,0,1,0,1,0,1,1,0
minha-bv-logln-com.hotelfazendadalagoa.club,0,0,1,3,0,0,0,1,0,0,1,1,0,0,1,0
tlcmgmt-my.sharepoint.com,0,0,1,4,0,0,1,1,0,1,1,1,0,0,1,0
odontonalai.com.br,0,0,0,2,0,0,0,0,0,1,1,1,0,0,1,0
gawker.com,0,0,1,2,0,0,0,0,0,1,0,0,0,0,1,0
xn--3-vc2br1kyq5b.com:82,0,0,0,0,0,0,0,1,0,1,1,1,0,0,1,0
join-chat-whatsapp1-admin23.olf.ourhobby.com,0,0,0,0,0,0,0,1,0,0,0,1,1,1,1,1
labyrinthtanning.com,0,0,0,2,0,0,0,0,0,1,0,0,0,0,1,0
i-m.mx,0,0,0,2,0,0,0,1,0,0,0,0,0,0,1,0
diendicure.mk,0,0,0,2,0,0,0,0,0,1,1,1,0,0,1,0
tinyurl.com,0,1,1,1,0,0,1,0,1,1,1,1,0,0,1,0
c1511482.ferozo.com,0,0,0,4,0,0,0,0,0,1,0,1,1,1,1,1
dpfoidspoifopdsifpoi.blogspot.com,0,0,0,0,0,0,1,0,1,1,1,1,0,0,1,0
passeiodeescunabuzios.com.br,0,0,1,5,0,0,0,0,0,0,1,1,0,0,1,0
sopes.dns-cloud.net,0,0,0,3,0,0,0,1,0,0,0,0,0,0,1,0
smspoint.biz,0,0,1,2,0,0,0,0,0,1,0,0,0,0,1,0
wkrprime.com.br,0,0,1,4,0,0,0,0,0,1,0,0,0,0,1,0
gov.hmrc.refund-apply.uk,0,0,0,0,0,0,0,1,1,1,1,1,1,1,1,1
online-hm-application.ga,0,0,0,0,0,0,0,1,0,1,1,1,0,0,1,0
wirereach53.com,0,0,1,4,0,0,0,0,0,1,0,1,0,0,1,0
storage.googleapis.com,0,0,0,2,0,0,0,0,1,1,1,1,0,0,1,0
dunveganbrewing.ca,0,0,1,3,0,0,0,0,0,1,0,1,0,0,1,0
wredtrcy.gb.net,0,0,0,2,0,0,0,0,1,1,1,1,1,1,1,1
greenpoint.art.br,0,0,1,4,0,0,0,0,0,1,1,1,0,0,1,0
alwalaatours.com,0,0,1,3,0,0,0,0,0,0,0,1,0,0,1,0
icloud.com.soportebuscar.com,0,0,0,0,0,0,0,0,0,1,0,1,0,0,1,0
megamagaluon.com,0,0,0,1,0,0,0,0,0,1,0,1,0,0,1,0
vam35.joomla.com,0,0,1,2,0,0,0,0,0,1,0,1,0,0,1,0
wearegames.es,0,0,0,1,0,0,0,0,0,1,1,1,0,0,1,0
sinpasaqua.site,0,0,0,0,0,0,0,0,1,0,1,1,0,0,1,0
aphl.lu,0,0,0,2,0,0,0,0,0,1,1,1,0,0,1,0
twowheelcool.com,0,0,0,2,0,0,0,0,0,0,0,1,0,0,1,0
hwtswecy.livedrive.com,0,0,1,2,0,0,0,0,0,0,1,1,0,0,1,0
urvr.co,0,0,0,2,0,0,0,0,0,1,0,0,1,1,1,1
js-pgrnce.stackblitz.io,0,1,0,0,0,0,0,1,0,1,0,1,0,0,1,0
repositorio.vk2.com.br,0,0,0,2,0,0,0,0,0,1,1,1,0,0,1,0
m7po.com,0,0,1,5,0,0,0,0,0,1,0,1,0,0,1,0
deadspin.com,0,0,1,1,0,0,0,0,0,1,1,0,0,0,1,0
assist-att.net,0,0,0,0,0,0,0,1,0,1,0,1,0,0,1,0
newsletter9707fb85e61e055593f03a43ab.dns-cloud.net,0,0,1,2,0,0,0,1,0,0,0,0,0,0,1,0
balletshop.eu,0,0,1,3,0,0,0,0,0,0,1,1,0,0,1,0
stolizaparketa.ru,0,1,1,7,0,0,1,0,0,1,0,1,0,0,1,0
livingwagenyc.org,0,0,1,4,0,0,0,0,0,1,0,1,0,0,1,0
dribbble.com,0,0,1,2,0,0,0,0,0,1,1,1,0,0,1,0
barberiamartinz.com,0,0,1,4,0,0,0,0,1,1,1,1,1,0,1,0
olx.co.id,0,0,1,1,0,0,1,0,0,1,0,0,0,0,1,1
adnet8.com,0,0,1,2,0,0,0,0,0,1,1,1,0,0,1,0
lnkd.in,0,0,0,1,0,0,1,0,0,0,0,1,0,0,1,0
apidog-service.000webhostapp.com,0,0,0,0,0,0,0,1,0,1,0,1,0,0,1,0
prathamexports.com,0,0,0,2,0,0,0,0,0,0,0,0,0,0,1,0
teatr-akvarel.tomsk.ru,0,0,0,2,0,0,0,1,0,1,0,0,0,0,1,0
ip-132-148-145-99.ip.secureserver.net,0,0,1,1,0,0,0,1,0,1,0,1,0,0,1,0
hamt.jp,0,0,1,7,0,0,0,0,0,0,0,1,0,0,1,0
lida.si,0,0,1,5,0,0,0,0,0,1,0,1,0,0,1,0
motherless.com,0,0,1,2,1,0,0,0,0,1,1,1,0,0,1,0
oaep.diw.go.th,0,0,1,6,0,0,0,0,0,1,0,0,0,0,1,0
cartetitolari.mps.it.id1998177.xyz,0,0,0,1,0,0,0,0,0,1,0,1,1,1,1,1
gkjx168.com,0,0,1,1,0,0,1,0,0,1,0,0,0,0,1,0
kgmarbledesigns.com,0,0,0,0,0,0,0,0,0,0,0,1,0,0,1,0
refailogistics.com,0,0,1,3,0,0,0,0,0,1,0,0,0,0,1,0
alwayscheckingme007.z19.web.core.windows.net,0,1,1,0,0,0,0,0,0,1,1,1,1,1,1,1
vadodaramarathon.com,0,0,1,6,0,0,0,0,0,0,0,1,0,0,1,0
lmsanimation.com,0,0,0,3,0,0,0,0,0,1,0,0,0,0,1,0
girlsgettinggoals.com,0,0,0,2,0,0,0,0,0,1,0,1,0,0,1,0
belshop.fitcurves.org,0,0,0,1,0,0,0,0,0,0,0,1,0,0,1,0
swahasteel.in,0,0,0,2,0,0,0,0,0,1,0,0,1,1,1,1
ambious.com,0,0,1,4,0,0,0,0,0,1,0,0,0,0,1,0
manaplas.com,0,0,0,1,0,0,0,0,0,0,1,1,0,0,1,0
join-groub-whatsapp34.25u.com,0,0,0,0,0,0,0,1,0,0,0,1,0,0,1,0
firebasestorage.googleapis.com,0,1,1,5,0,0,1,0,0,1,0,0,0,0,1,0
followersgratisinstagram.unaux.com,0,0,0,0,0,0,1,0,0,1,1,1,0,0,1,0
colegiomoura.com.br,0,0,0,2,0,0,0,0,0,1,1,1,0,0,1,0
evidentfreedom.icu,0,0,0,3,0,0,0,0,0,1,0,1,1,1,1,1
skvartremont.ru,0,0,0,2,0,0,0,0,0,1,0,1,0,0,1,0
en.lppm.unila.ac.id,0,1,1,6,0,0,1,0,0,1,0,0,0,0,1,0
jairtavares.com,0,0,0,3,0,0,1,0,0,1,0,0,0,0,1,0
momoshop.com.tw,0,0,1,2,0,0,0,0,0,1,0,1,1,1,1,1
firebasestorage.googleapis.com,0,1,1,5,0,0,1,0,1,1,1,1,0,0,1,0
iptf.ir,0,0,1,4,0,0,0,0,1,1,1,1,0,0,1,0
colegio-bachilleres.com.mx,0,0,0,0,0,0,0,1,0,1,0,1,0,0,1,0
seesaawiki.jp,0,0,1,4,0,0,0,0,0,1,1,1,0,0,1,0
bankofamericaonlinesignin.elevator-love.com,0,0,0,0,0,0,0,1,0,1,0,0,0,0,1,0
inconfis.com,0,0,1,3,0,0,0,0,0,1,0,1,0,0,1,0
ghyjgyftsd.opmtd.cn,0,0,0,0,0,0,0,0,0,1,0,0,0,0,1,0
huschhus.ch,0,0,0,2,0,0,0,0,1,1,1,1,0,0,1,0
tsdesignstudio.net,0,0,1,4,0,0,0,0,0,1,0,0,1,1,1,1
comicbook.com,0,0,1,5,0,0,0,0,0,1,1,1,0,0,1,0
kuurid.ee,0,0,0,1,0,0,0,0,0,1,1,1,0,0,1,0
bombayelectricstore.com,0,0,1,3,0,0,0,0,0,0,0,1,0,0,1,0
sixpointpartners-my.sharepoint.com,0,0,1,5,0,0,1,1,0,1,0,1,0,0,1,0
mail.theapple-tech.com,0,0,0,1,0,0,0,1,0,1,0,0,0,0,1,0
giphy.com,0,0,1,2,0,0,0,0,0,1,0,1,0,0,1,0
plataformaeducativa.se.jalisco.gob.mx,0,0,1,4,0,0,0,0,0,1,0,1,0,0,1,0
newconnectbiblestudy.com,0,0,0,1,0,0,0,0,0,1,0,0,0,0,1,0
io9.com,0,0,1,4,0,0,0,0,0,0,1,1,0,0,1,0
signplus.lk,0,0,1,5,0,0,0,0,1,1,1,1,0,0,1,0
courgeon-immobilier.fr,0,0,1,6,0,0,0,1,0,1,0,1,0,0,1,0
jltriangle.com,0,0,1,7,0,0,0,0,0,0,0,1,1,1,1,1
hw591.com,0,0,0,0,0,0,0,0,0,1,1,1,0,0,1,0
onedio.com,0,0,1,2,0,0,0,0,0,1,0,1,0,0,1,0
oferta-da-semana-2020.com,0,0,1,1,0,0,0,1,1,1,1,1,0,0,1,0
fjn.edu.br,0,0,1,7,0,0,0,0,0,0,1,1,0,0,1,0
capture-app.us17.list-manage.com,0,0,1,2,0,0,0,1,0,1,0,1,0,0,1,0
fast-joingroup1.itsaol.com,0,0,0,1,0,0,0,1,0,0,0,1,0,0,1,0
purbeckgigguide.co.uk,0,0,1,2,1,0,0,0,0,1,0,1,0,0,1,0
mety.strametyapi.com,0,0,0,0,0,0,0,0,0,1,0,1,0,0,1,0
mail-maker.com,0,0,1,3,0,0,0,1,0,1,1,1,0,0,1,0
lbmengenhariarj.com.br,0,0,1,3,0,0,0,0,0,1,1,1,0,0,1,0
touchgoldracing.com,0,0,0,2,0,0,0,0,0,1,1,1,0,0,1,0
correios.com.br,0,0,1,5,0,0,0,0,0,1,1,1,0,0,1,0
iti.itau,0,0,0,0,0,0,0,0,0,0,0,1,0,0,1,0
exoticslimmingherbs.com,0,0,0,2,0,0,0,0,0,0,0,1,0,0,1,0
f.qtrip.cc,0,0,0,1,0,0,0,0,0,1,0,0,1,1,1,1
promohinotruck.com,0,0,1,5,0,0,0,0,0,1,0,1,0,0,1,0
millionworkermarch.icu,0,0,1,6,0,0,0,0,0,1,1,1,0,0,1,0
secure.bankofamerica.com-login-sign-in-signonv2screen.go.suzukihaiphong.com.vn,0,0,1,1,0,0,0,1,1,1,1,1,0,0,1,0
embassyhotelguntur.com,0,0,0,3,0,0,0,0,0,1,0,1,0,0,1,0
jiibli.muhamedkhalid.com,0,0,0,2,0,0,0,0,0,1,0,1,0,0,1,0
mixi.jp,0,0,1,5,0,0,0,0,0,1,1,1,0,0,1,0
containerhousemx.icu,0,0,0,2,0,0,0,0,0,1,0,1,0,0,1,0
docs.google.com,0,0,1,5,0,0,0,0,1,1,1,1,0,0,1,0
paypal.co.uk.userk5hjhbm77rr.settingsppup.com,0,0,0,0,0,0,0,0,0,1,0,1,0,0,1,0
hessdastesge.com,0,0,0,0,0,0,0,0,0,1,1,1,0,0,1,0
modernbambu.com,0,0,0,2,0,0,0,0,0,0,0,1,0,0,1,0
vensyemall.com,0,0,1,6,0,0,0,0,0,0,0,0,0,0,1,0
mockup.metradigitalmedia.com,0,0,0,2,0,0,0,0,0,1,0,0,0,0,1,0
bank-of-america-secure00.dns05.com,0,0,1,4,0,0,0,1,0,0,0,1,0,0,1,0
httpssigninbaydewsbayisapidllsigninafudejsdederatapidllphpdlpsr.aba.vg,0,0,1,3,0,1,0,0,1,0,1,1,0,0,1,0
fourntsolutions.com,0,0,0,2,0,0,0,0,0,1,0,0,0,0,1,0
thephysicscafe.com,0,0,0,1,0,0,0,0,0,0,0,1,0,0,1,0
nabtrade.finance.janisoncloud.com,0,0,1,2,0,0,0,0,0,0,1,1,0,0,1,1
han.gl,0,0,0,1,0,0,0,0,0,0,1,1,0,0,1,1
elomo.ro,0,0,1,5,0,0,0,0,0,1,0,0,0,0,1,0
stratserv-ssl-apps.jens-heinricl24.de,0,0,1,1,0,0,0,1,0,1,1,1,1,1,1,1
help-safety-page-transparency.000webhostapp.com,0,0,1,1,0,0,0,1,0,1,0,1,0,0,1,0
docs.google.com,0,0,1,4,0,0,0,0,0,1,1,1,0,0,1,0
adexten.com,0,0,1,0,0,0,0,0,0,1,0,0,0,0,1,0
codepen.io,0,0,1,2,0,0,0,0,0,1,0,1,0,0,1,0
app66560000.blogspot.com,0,0,0,0,0,0,1,0,1,1,1,1,0,0,1,0
alongthelocals.com,0,0,1,4,0,0,0,0,0,1,0,0,0,0,1,0
isabellacano.com,0,0,1,4,0,0,0,0,0,1,0,0,0,0,1,0
preferredtitlellc.com,0,0,0,1,0,0,0,0,0,1,0,0,0,0,1,0
sputniknews.com,0,0,1,5,0,0,0,0,0,1,1,1,0,0,1,0
am-t.by,0,0,1,5,0,0,0,1,0,1,1,1,0,0,1,0
bravodigital.cloud,0,0,1,8,0,0,0,0,1,1,1,1,0,0,1,1
akilili.com,0,0,1,4,0,0,0,0,0,1,1,1,0,0,1,0
optusnet-support-team.weebly.com,0,0,1,7,0,0,0,1,0,1,0,1,0,0,1,0
ilcdelhi.com,0,0,1,5,0,0,0,0,0,1,0,1,0,0,1,0
conversionseo.co,0,0,0,1,0,0,0,0,0,0,0,0,0,0,1,0
posb-ibanking-demo.herokuapp.com,0,0,0,0,0,0,0,1,0,0,0,1,0,0,1,0
cherrydancefitness.co.uk,0,0,1,5,0,0,0,0,1,1,1,1,0,0,1,0
email.zalinco.com,0,0,0,0,0,0,0,0,0,0,0,1,0,0,1,0
35.188.36.185,1,0,1,8,0,0,0,0,0,1,1,1,0,0,1,0
peru.payulatam.com,0,0,1,2,0,0,0,0,0,1,0,1,0,0,1,0
avatariagoldhack.blogcu.com,0,0,0,0,0,0,0,0,0,1,1,1,0,0,1,0
cashwix.com,0,0,0,0,0,0,1,0,0,1,0,1,0,0,1,0
vtchekhov.com,0,0,0,1,0,0,0,0,0,1,1,1,0,0,1,0
itsssl.com,0,0,0,1,0,0,0,0,0,0,1,1,0,0,1,0
nabadmin.com,0,0,0,0,0,0,0,0,0,1,0,1,0,0,1,0
worldativelion.my-free.website,0,0,0,0,0,0,0,1,1,1,1,1,0,0,1,0
kuurid.ee,0,0,1,5,0,0,0,0,0,1,1,1,0,0,1,0
secure.runescape.com-as.ru,0,0,0,0,0,0,0,1,0,1,0,1,0,0,1,1
leocaciobarroso.com.br,0,0,1,8,0,0,0,0,0,0,1,1,0,0,1,0
onedio.com,0,0,1,3,0,0,0,0,0,1,0,1,0,0,1,0
orangeetmoi.fr-assurancev2.cf,0,0,1,2,0,0,0,1,0,1,1,1,0,0,1,0
titaniumdobrasil.com.br,0,0,1,5,0,0,0,0,0,1,1,1,0,0,1,0
atefnet.com,0,0,1,7,0,0,1,0,0,1,0,0,0,0,1,0
jalfre.com,0,0,0,3,0,0,0,0,0,1,1,0,0,0,1,0
affm.info,0,0,0,4,0,0,0,0,0,1,0,1,0,0,1,0
greenowladvisers.com,0,0,0,1,0,0,0,0,0,1,0,1,0,0,1,0
agroxford.com,0,1,1,1,0,0,0,0,0,1,0,0,0,0,1,0
sieck-kuehlsysteme.de,0,1,1,4,0,0,1,1,0,1,1,1,0,0,1,0
tonsing.net,0,0,0,2,0,0,0,0,0,1,0,1,0,0,1,0
porezi.rs,0,0,1,4,0,0,0,0,0,0,1,1,0,0,1,0
ahsanfeeds.com,0,0,0,1,0,0,0,0,0,1,0,1,0,0,1,0
reallymixedmedia.com,0,0,1,4,0,0,0,0,0,1,1,1,0,0,1,0
secure.runescape.com-en.ru,0,0,1,2,0,0,0,1,0,0,0,1,0,0,1,0
metrological-focus.000webhostapp.com,0,0,1,6,0,0,0,1,0,1,0,1,0,0,1,0
w-eight.org,0,0,0,4,0,0,0,1,0,1,0,1,0,0,1,0
theaquaticmall.com,0,0,1,5,0,0,0,0,1,0,1,1,0,0,1,0
wu7q5.app.link,0,0,0,0,0,0,0,0,0,1,0,1,0,0,1,0
csknow.clicknkids.com,0,0,1,6,0,0,0,0,0,0,0,1,0,0,1,0
staffordpropertygroup.com.au,0,0,0,2,0,0,0,0,0,1,1,1,0,0,1,0
chat.whatsagp.com,0,0,0,1,0,0,0,0,0,0,0,0,0,0,0,0
thapthan.ac.th,0,0,1,5,0,0,0,0,0,0,1,1,0,0,1,0
yspublish.co.kr,0,0,0,2,0,0,0,0,0,1,0,1,0,0,1,0
iwalkrunrace.com,0,1,1,5,0,0,0,0,0,1,0,1,0,0,1,0
estilocouros.com.br,0,0,1,6,0,0,0,0,0,1,1,1,1,0,1,0
runescape.com-srs.xyz,0,0,0,0,0,0,0,1,0,1,0,1,1,1,1,1
m-interiors.com,0,0,1,7,0,0,0,1,0,1,0,1,0,0,1,0
group.agriparts.kz,0,1,1,2,0,0,0,0,0,1,1,1,0,0,1,0
ashdownar.buzz,0,0,0,2,0,0,0,0,0,1,1,1,1,1,1,1
alminarensemble.cl,0,0,0,2,0,0,0,0,0,1,0,0,0,0,1,0
censor.net.ua,0,0,1,3,0,0,0,0,1,1,1,1,0,0,1,0
paypal-safety-and-security.aluminioshidalgo.cl,0,0,1,2,0,0,0,1,0,0,0,1,0,0,1,0
diathermiki.gr,0,0,1,5,0,0,0,0,0,0,1,1,0,0,1,0
owaoutlook-webmailadmin.moonfruit.com,0,0,0,0,0,0,1,1,0,1,0,0,0,0,1,0
antoniabelchilegaz.com,0,0,1,4,0,0,0,0,0,1,0,1,0,0,1,0
customerservicesupport.my-free.website,0,0,0,0,0,0,0,1,1,1,1,1,0,0,1,0
storage.googleapis.com,0,1,1,2,0,0,0,0,1,1,1,1,0,0,1,0
sberbank.ru,0,0,1,7,0,0,0,0,0,1,0,0,0,0,1,0
fullthrottlebottles.com,0,0,0,2,0,0,0,0,0,1,0,1,0,0,1,0
abtekdoor.com,0,0,0,2,0,0,0,0,0,1,1,1,0,0,1,0
forms.gle,0,0,0,1,0,0,0,0,0,1,0,1,0,0,1,0
peringatan-pemblokiran-akun04.webnode.com,0,0,0,0,0,0,0,1,0,1,1,1,0,0,1,0
forestinhouse.com,0,0,1,6,0,0,0,0,0,1,0,1,0,0,1,0
chemstrymatch.000webhostapp.com,0,0,1,3,0,0,0,0,0,1,0,1,0,0,1,0
spacexbtc.org,0,0,0,0,0,0,0,0,0,1,0,1,0,0,1,0
sunburstmedia.com,0,0,1,4,0,0,0,0,0,0,0,0,0,0,1,0
aceleradorasaturno.com,0,0,1,5,0,0,0,0,0,1,0,1,0,0,1,0
lum4.com,0,0,0,1,0,0,0,0,0,1,1,1,0,0,1,0
checkinitausecurity.com,0,0,0,0,0,0,0,0,0,1,0,1,0,0,1,0
radiozonax.cl,0,0,0,0,0,0,0,0,0,1,0,1,1,1,1,1
bradesconext.digital,0,0,0,0,0,0,0,0,0,1,0,1,0,0,1,0
omdream.com.br,0,1,1,3,0,0,0,0,0,1,1,1,0,0,1,0
liderfmtocos.website.radio.br,0,0,1,7,0,0,0,0,0,0,1,1,1,0,1,0
f80e476c-4329-4a82-ae2b-40a9bc5e96df.htmlcomponentservice.com,0,0,1,1,0,0,0,1,0,0,0,1,0,0,1,0
theingredients.net,0,0,0,2,0,0,0,0,0,1,0,1,0,0,1,0
umconnectumt-my.sharepoint.com,0,0,1,5,0,0,1,1,0,1,1,1,0,0,1,0
danticlantern.co.za,0,0,0,4,0,0,0,0,0,1,1,1,1,1,1,1
shopbundlebee.com,0,0,1,3,0,0,0,0,0,1,0,1,0,0,1,0
earlydetectioniskey.com,0,0,1,3,0,0,0,0,0,1,0,1,0,0,1,0
cpccivils-my.sharepoint.com,0,0,1,5,0,0,1,1,0,1,1,1,0,0,1,0
jezebel.com,0,0,1,1,0,0,0,0,0,1,1,0,0,0,1,0
123formbuilder.com,0,0,1,2,0,0,0,0,0,1,1,0,0,0,1,0
nhs.uk,0,0,1,5,0,0,0,0,0,1,1,1,0,0,1,0
io9.com,0,0,1,3,0,0,0,0,0,0,1,1,0,0,1,0
kazanyukleara.org,0,0,0,1,0,0,0,0,0,0,0,1,0,0,1,0
megeofhedt.com,0,0,0,2,0,0,1,0,0,1,1,1,0,0,1,0
medellincannabis.co,0,0,0,1,0,0,0,0,0,1,0,0,0,0,1,0
paypal.co.uk.userrmuqu2y40n5.settingsppup.com,0,0,1,1,0,0,0,0,0,1,0,1,0,0,1,0
validation.information.dns-cloud.net,0,0,1,2,0,0,0,1,0,0,0,0,1,1,1,1
plusmarcas.com,0,0,1,5,0,0,0,0,0,0,0,0,0,0,1,0
sparkpassedecom.com,0,0,0,2,0,0,0,0,0,1,1,1,0,0,1,0
variety.com,0,0,1,4,0,0,0,0,0,1,0,0,0,0,1,0
gelkayano-nz.com,0,0,0,0,0,0,0,1,0,0,0,0,0,0,1,0
espn.go.com,0,0,1,6,0,0,0,0,0,1,1,1,0,0,1,0
cremasantiestrias.es,0,0,1,5,0,0,0,0,0,1,1,1,0,0,1,0
rhizucor.com,0,0,0,1,0,0,0,0,0,1,0,1,0,0,1,0
whatsappjoingrup.zyns.com,0,0,0,1,0,0,0,0,0,0,0,1,0,0,1,0
nandiy.net,0,0,0,2,0,0,0,0,0,1,0,1,0,0,1,0
gueriniarmi.it,0,0,1,8,0,0,0,0,0,1,0,0,0,0,1,0
shafeimall046.top,0,0,0,2,0,0,0,0,0,0,1,1,0,0,1,0
cn.479mbx.com,0,0,0,2,0,0,1,0,0,1,1,1,0,0,1,0
aottoim.com,0,0,1,5,0,0,0,0,0,0,1,1,1,1,1,1
tokokainbandung.com,0,0,1,9,0,0,0,0,0,1,0,1,0,1,1,0
gulfishop.com,0,0,1,4,0,0,0,0,0,0,0,1,0,0,1,0
noticias.uol.com.br,0,0,1,7,0,0,0,0,0,1,1,1,0,0,1,1
alhaqimpex.com,0,0,0,2,0,0,1,0,0,1,0,1,0,0,1,0
sberbank.ru,0,0,1,8,0,0,0,0,0,1,0,0,0,0,1,0
elpla.pl,0,0,0,3,0,0,0,0,0,1,0,1,1,0,1,0
solutionschiro.net,0,0,1,4,0,0,0,0,0,1,1,1,0,0,1,0
mamaregy.com,0,1,1,1,0,0,0,0,0,0,0,1,0,0,1,0
agendarsaque-fgts.online,0,0,0,1,0,0,0,1,0,1,0,1,1,1,1,1
glueturn.nn.r.appspot.com,0,0,1,1,0,0,1,0,1,1,1,1,0,0,1,0
icicibank.com,0,0,1,5,0,0,0,0,0,1,0,1,0,0,1,0
orioncoreltd.com,0,0,0,3,0,0,0,0,0,1,0,1,0,0,1,0
poligrafiapias.com,0,0,1,2,0,0,0,0,0,1,0,0,0,0,1,0
santanderway.mobilefinanceiro.com,0,0,0,0,0,0,0,0,0,1,0,1,1,1,1,1
todosprodutos.com.br,0,0,0,0,0,0,0,0,0,1,1,1,0,0,1,0
dreamhouse.in.th,0,0,1,5,0,0,0,0,0,1,1,1,1,0,1,0
archive.org,0,0,1,1,0,0,0,0,0,1,0,1,0,0,1,0
gerente-protecao.com,0,0,0,0,0,0,0,1,0,1,0,1,0,0,1,0
profinishmi.com,0,1,1,4,0,0,0,0,0,1,0,1,0,0,1,0
canceraidsociety.org,0,0,0,3,0,0,0,0,0,1,0,1,0,0,1,0
78.143.96.35,1,0,1,3,0,0,0,0,0,1,0,1,0,0,1,0
s2pe7ed9y.rj.r.appspot.com,0,1,1,1,0,0,1,0,0,1,0,1,0,0,1,0
cimer-vatandasportal.tk,0,0,0,1,0,0,0,1,0,1,1,1,0,0,1,0
floorsdirectltd.co.uk,0,0,0,2,0,0,0,0,0,0,0,1,0,0,1,1
monikareplin.pl,0,0,1,4,0,0,0,0,0,1,0,0,0,0,1,0
adtekz.com,0,0,0,2,0,0,0,0,0,1,1,1,0,0,1,0
olx.co.id,0,0,1,4,0,0,1,0,0,1,0,0,0,0,1,1
moc-kompetensresurs.se,0,0,1,5,0,0,0,1,0,1,0,1,0,0,1,0
videosfacebook.today,0,0,1,2,0,0,0,0,0,1,0,1,0,0,1,0
pabloescobal.com,0,0,0,2,0,0,0,0,0,1,0,1,0,0,1,1
chunkyfrog.co.uk,0,0,0,2,0,0,0,0,0,0,1,1,0,0,1,0
grindtimegym.com,0,0,1,6,0,0,0,0,0,1,0,1,0,0,1,0
fb327-items-market46.farmerscentre.com.ng,0,0,0,0,0,0,0,1,1,0,1,1,0,0,1,0
btr392mwtdk0s15txvutshqj9hnsqsw5eu3mnigy.s3-ap-northeast-1.amazonaws.com,0,0,1,4,0,0,0,1,0,1,1,1,0,0,1,0
surb.madebyhaley.com,0,0,1,1,0,0,0,0,0,1,0,1,0,0,1,0
babal.net,0,0,1,3,0,0,0,0,1,0,1,1,0,0,1,0
gkjx168.com,0,0,0,1,0,0,0,0,0,1,0,1,0,0,1,0
allegro.pl,0,0,1,3,0,0,0,0,0,1,1,1,0,0,1,0
americantyre.com.br,0,0,1,4,0,0,0,0,0,1,1,1,0,0,1,0
cgi.ebay.de.annas.id,0,0,0,1,0,0,0,0,0,0,0,0,0,0,1,0
conhantaohpg.com,0,0,1,6,0,0,0,0,0,0,0,1,0,0,1,0
com-en.ru,0,0,0,0,0,0,0,1,0,0,0,1,0,0,1,1
mission2freedom.com,0,0,1,6,0,0,0,0,0,1,1,1,0,0,1,0
bcpzonasegurabeta.viabcp.com.entrepreneur.pe,0,0,1,1,0,0,0,0,0,1,0,1,0,0,1,0
labanuepostale.yj.fr,0,0,1,2,0,0,0,0,0,0,0,1,1,1,1,1
njtefeet.atbu.edu.ng,0,0,1,4,0,0,0,0,1,0,1,1,0,0,1,0
mcaremart.com,0,0,0,1,0,0,1,0,0,0,0,1,0,0,1,0
caravellaltda.com.br,0,0,1,8,0,0,0,0,0,1,1,1,0,0,1,0
evoadministrador.com,0,0,0,2,0,0,0,0,0,1,1,1,0,0,1,0
leaddogweb.com,0,0,0,2,0,0,0,0,0,1,0,0,0,0,1,0
idgod.ph,0,0,0,0,0,0,0,0,1,0,1,1,0,0,1,0
comicbook.com,0,0,1,3,0,0,0,0,0,1,1,1,1,0,1,1
indart.com.ar,0,0,1,5,0,0,1,0,0,1,1,1,0,0,1,0
luckypetshouse.com,0,0,0,3,0,0,0,0,0,1,0,0,0,0,1,0
mashable.com,0,0,1,5,0,0,0,0,0,1,1,1,0,0,1,0
squarespace.com,0,0,1,5,0,0,0,0,0,1,1,1,0,0,1,1
lyonpress.com.br,0,0,1,1,0,0,0,0,0,1,1,1,0,0,1,0
bet365dhw.net,0,0,0,2,0,0,0,0,0,1,1,1,0,0,1,0
hc-happycasting.com,0,0,0,0,0,0,0,1,0,1,1,1,0,0,1,0
nowskins.com,0,0,0,2,0,0,0,0,0,0,0,1,0,0,1,0
aclservices.co.uk,0,0,1,6,0,0,0,0,0,1,0,1,0,0,1,0
metallbaulang.de,0,0,1,4,0,0,0,0,0,1,1,1,0,0,1,0
zerbe-medien.com,0,0,0,2,0,0,0,1,0,1,1,1,0,0,1,0
networksgates.ma,0,0,0,1,0,0,0,0,0,1,1,1,0,0,1,0
xiolue.com,0,0,0,0,0,0,0,0,0,1,0,1,1,1,1,1
my-tee-shirt.com,0,0,0,1,0,0,1,1,0,1,0,0,0,0,1,0
nsp.biz.ua,0,0,0,1,0,0,0,0,0,0,1,1,0,0,1,0
anaximhost.com,0,0,1,4,0,0,1,0,0,1,0,1,0,0,1,0
e-grupobancolombia.com.co,0,0,1,2,0,0,0,1,0,1,0,0,1,1,1,1
rakuten.co.jp.wthrkb.ph,0,0,0,1,0,0,0,0,1,1,1,1,1,1,1,1
tiny.cc,0,0,0,1,0,0,1,0,0,1,1,1,0,0,1,0
wordisworld.com,0,0,1,3,0,0,0,0,0,1,0,1,0,0,1,0
servizidifatturazione.cloudaccess.host,0,0,1,3,0,0,0,0,1,1,1,1,0,0,1,0
ethioab.com,0,0,1,5,0,0,0,0,0,0,0,1,0,0,1,0
group-whatsapps.ezua.com,0,0,0,0,0,0,0,1,0,0,0,1,1,1,1,1
novageracaotransportes.com.br,0,0,1,1,0,0,0,0,0,1,1,1,0,0,1,0
unlockghana.com,0,0,0,2,0,0,0,0,0,1,0,1,0,0,1,0
cwmrc.org,0,0,0,2,0,0,0,0,0,1,0,1,0,0,1,0
blueshop2u.com,0,0,0,4,0,0,0,0,0,0,0,1,0,0,1,1
askubuntu.com,0,0,1,3,0,0,0,0,0,1,0,1,0,0,1,0
taijishentie.com,0,0,0,2,0,0,0,0,0,1,0,1,0,0,1,0
320381dbf7cd2f31c04baa6b36e1c682.webredirect.org,0,0,1,1,0,0,0,0,0,1,0,0,1,1,1,1
espace-client.fr,0,0,0,3,0,0,0,1,0,0,0,1,0,0,1,0
openoffice.com.pl,0,0,1,20,0,0,0,0,0,0,0,0,0,0,1,0
hindva.com,0,0,1,5,0,0,0,0,0,0,0,1,0,0,1,0
u1037725.cp.regruhosting.ru,0,0,1,3,0,0,0,0,0,0,0,1,0,0,1,0
bgmedia.at,0,0,0,1,0,0,0,0,0,0,1,1,0,0,1,0
livewild.co,0,0,0,4,0,0,0,0,0,1,0,0,0,0,1,0
souzaembalagens.com.br,0,0,0,1,0,0,0,0,0,1,1,1,0,0,1,0
momos-ambachtelijkeijs.nl,0,0,1,5,0,0,0,1,0,1,1,1,0,0,1,0
mdkvk.byethost18.com,0,0,0,0,0,0,0,0,0,0,0,1,0,0,1,0
mindfdesign.com,0,0,0,2,0,0,0,0,0,1,0,1,0,0,1,0
157.240.2.20,1,0,0,0,0,0,0,0,0,1,0,1,0,1,1,0
trr20200410010207145.domtemporario.com.br,0,0,1,1,0,0,0,0,0,1,1,1,0,0,1,1
jppost-ru.co,0,0,0,1,0,0,0,1,0,1,0,0,1,1,1,1
trr20200413211524171.domtemporario.com.br,0,0,1,2,0,0,0,0,0,1,1,1,0,0,1,1
yahoo1.hisastudio.com,0,0,0,1,0,0,0,0,0,1,1,1,0,0,1,0
news-ontime.com,0,0,1,3,0,0,0,1,0,0,1,1,0,0,1,0
s.kekk.is,0,0,0,1,0,0,0,0,0,1,1,0,0,0,1,0
moonkahonda.com,0,0,1,5,0,0,0,0,0,0,0,0,1,0,1,0
tunein.com,0,0,1,5,0,0,0,0,0,1,0,1,0,0,1,1
torrentdn.com,0,0,1,2,0,0,0,0,0,1,0,1,0,0,1,0
theyellowsparrow.com,0,0,1,1,0,0,0,0,0,0,0,1,0,0,1,0
trustveda.com,0,0,1,5,0,0,0,0,0,1,1,0,0,0,1,0
mail.speedy.com.pk,0,0,1,4,0,0,0,0,1,0,1,1,0,0,1,0
stevencrews.com,0,0,1,4,0,0,0,0,0,1,0,1,0,0,1,0
104.237.152.236,1,0,0,1,0,0,0,0,0,1,0,0,0,0,1,0
cciottawa050-my.sharepoint.com,0,0,1,5,0,0,1,1,0,1,1,1,0,0,1,0
censor.net.ua,0,0,1,14,0,0,0,0,0,1,0,1,0,0,1,0
vicariapastoralgdl.org,0,0,0,1,0,0,0,0,0,0,1,1,0,0,1,0
acessosegurodigitalmn.joomla.com,0,0,1,3,0,0,0,0,0,1,0,1,0,0,1,0
akhbarelyom.com,0,0,1,5,0,0,0,0,0,1,0,1,0,0,1,0
secure-account-info.openvcsme.cf,0,0,1,1,0,0,0,1,0,0,1,1,0,0,1,0
hostpoint.ch.1200028f.net2care.com,0,0,0,1,0,0,0,0,0,0,0,0,0,0,1,0
servisgaza.ru,0,1,1,3,0,0,0,0,0,0,0,1,0,0,1,0
452901.com,0,0,0,0,0,0,0,0,0,1,1,1,0,0,1,0
estogeek.com,0,0,1,5,0,0,0,0,0,1,0,0,0,0,1,0
cimerwebbasvuruportalim.com,0,0,0,0,0,0,0,0,1,1,1,1,1,1,1,1
thenextweb.com,0,0,1,6,0,0,0,0,0,1,0,0,0,0,1,0
spankbang.com,0,0,1,3,0,0,0,0,1,1,1,1,0,0,1,0
coupedeparis.f3m.free.fr,0,0,1,3,0,0,0,0,0,0,0,1,0,0,1,0
b9dm.com,0,0,1,17,0,0,0,0,0,1,1,1,0,0,1,0
campisicorradomichele.com,0,0,1,3,0,0,0,0,1,1,1,1,0,0,1,0
premiumevents.ge,0,0,0,4,0,0,0,0,0,1,1,1,0,0,1,1
digg.com,0,0,1,2,0,0,0,0,0,1,0,1,0,0,1,0
ktpn.kalisz.pl,0,1,1,2,0,0,0,0,0,0,0,1,0,0,1,0
sattvagroupexotic.in,0,0,0,1,0,0,0,0,0,1,1,1,0,0,1,1
fareast.qa,0,0,0,3,0,0,0,0,1,1,1,1,1,0,1,0
chase-verification.diligencees.com,0,0,1,2,0,0,0,1,0,0,0,1,1,1,1,1
sardineroabogados.com,0,0,0,3,0,0,0,0,0,1,0,1,0,0,1,0
reklama.allegro.secfence.lesavik.net,0,0,0,0,0,0,0,0,0,1,1,1,0,0,1,0
grindtimegym.com,0,0,1,5,0,0,0,0,0,1,0,1,0,0,1,0
faktor.rs,0,0,0,3,0,0,0,0,0,1,1,1,0,0,1,0
lakshmipurmachinery.com,0,0,1,4,0,0,0,0,0,1,1,1,0,0,1,0
buzzfil.net,0,0,1,3,0,0,0,0,0,0,1,1,0,0,1,0
amigosdonero.com.br,0,0,1,3,0,0,0,0,0,1,1,1,0,0,1,0
blufibras.com.br,0,1,1,3,0,0,0,0,0,1,1,1,0,0,1,0
dataeinloggen.com,0,0,1,2,0,0,0,0,1,1,1,1,1,1,1,1
vergaralandscaping.com,0,0,0,1,0,0,0,0,0,1,0,0,0,0,1,0
ujs612.activehosted.com,0,0,0,2,0,0,0,0,1,1,1,1,0,0,1,0
distrokid.email,0,0,0,0,0,0,0,0,1,1,1,1,0,0,1,0
duniaanak.org,0,1,1,2,0,0,0,0,0,0,0,1,0,0,1,0
amazon.de.signin.verification.openid.5935156.misshydjesen.tk,0,0,1,3,0,0,0,0,0,1,1,1,0,0,1,0
buyxtrixtviptv.com,0,0,1,1,0,0,0,0,0,1,0,0,0,0,1,0
tododiatemnovidadespravoce.com,0,0,1,2,0,0,0,0,1,1,1,1,0,0,1,0
simplybeautifuleverydaylife.com,0,1,1,2,0,0,0,0,1,1,1,1,0,0,1,0
arenabrazileventos.com.br,0,0,0,2,0,0,0,0,0,1,1,1,0,0,1,0
khurramandcosolicitors.com,0,0,1,4,0,0,0,0,0,1,1,1,0,0,1,0
14.140.233.72,1,0,0,1,0,0,0,0,0,0,0,0,0,0,1,0
sehaweghezaa.com,0,0,1,4,0,0,0,0,0,0,0,1,0,0,1,0
deref-gmx.net,0,0,1,4,0,0,0,1,0,1,1,1,0,0,1,0
bpoconnectja.com,0,0,1,7,0,0,0,0,0,1,1,1,0,0,1,0
jsdfhjbdsjbsdds.moonfruit.com,0,0,0,0,0,0,1,0,0,1,0,0,0,0,1,0
subscribes.free.fr,0,0,0,2,0,0,0,0,0,1,0,1,0,0,1,0
mail.tik.info.pl,0,0,1,7,0,0,0,0,0,0,0,0,0,0,1,0
house18.info,0,0,0,3,0,0,0,0,0,0,0,0,0,0,1,0
comprasautorizada.com,0,0,0,1,0,0,0,0,0,1,0,1,0,0,1,0
icipedudu-my.sharepoint.com,0,0,1,5,0,0,1,1,0,0,1,1,0,0,1,0
policaroautomotive-my.sharepoint.com,0,0,1,7,0,0,1,1,0,1,1,1,0,0,1,0
fixertawa.blogspot.com,0,0,0,0,0,0,1,0,1,1,1,1,0,0,1,0
anitavanmegen.com,0,0,1,13,0,0,0,0,0,1,0,1,1,0,1,0
lastpass.com,0,0,1,7,0,0,0,0,0,1,0,1,0,0,1,0
mysait-my.sharepoint.com,0,0,1,7,0,0,1,1,0,0,1,1,0,0,1,0
organichealthyfood.top,0,0,0,2,0,0,0,0,0,1,0,1,0,0,1,0
c1511482.ferozo.com,0,0,1,4,0,0,0,0,0,1,0,1,1,1,1,1
windowinstallationtoronto.ca,0,0,1,3,0,0,0,0,0,1,0,0,0,0,1,0
hartsecurity-my.sharepoint.com,0,0,1,5,0,0,1,1,0,1,1,1,0,0,1,0
unisonsouthayr.org.uk,0,0,0,1,0,0,0,0,0,1,0,0,0,0,1,0
gtavista.com,0,0,1,3,0,0,0,0,0,1,0,1,0,0,1,0
ee-activity.com,0,0,0,0,0,0,0,1,0,1,0,1,0,0,1,0
flightstoeurope.us,0,0,1,5,0,0,0,0,0,1,0,1,0,0,1,0
godandgoddess.com,0,0,0,1,0,0,0,0,0,1,0,0,1,0,1,0
microsoft-adminer.dns.army,0,0,0,2,0,0,0,1,1,0,1,1,0,0,1,0
join-the-pipe.org,0,0,0,1,0,0,0,1,0,0,0,1,0,0,1,0
playarprint.com,0,0,1,2,0,0,1,0,0,1,1,1,0,0,1,0
justlookapp.com,0,0,1,7,0,0,0,0,0,1,0,1,0,0,1,0
osarokpoyon.website2.me,0,0,0,0,0,0,0,0,0,1,0,0,1,1,1,1
itunes.losua.cn,0,0,1,2,0,0,0,0,0,1,0,1,1,1,1,1
adammamrot.pl,0,0,1,3,1,0,0,0,0,1,0,1,0,0,1,0
wizmozinteractive.com,0,0,0,3,0,0,0,0,0,1,0,1,0,0,1,0
duluthwaterproofingmoldremoval.com,0,0,1,5,0,0,0,0,0,1,0,0,0,0,1,0
hotelmadhuvan.in,0,0,1,7,0,0,0,0,0,0,0,1,0,0,1,0
pinterest.com,0,0,1,3,1,0,1,0,0,1,1,1,0,0,1,1
headphonestyles.buzz,0,0,0,3,0,0,0,0,0,1,1,1,1,1,1,1
ca-opi7.club,0,0,0,4,0,0,0,1,0,1,1,1,1,1,1,1
startimes.com,0,0,0,1,0,0,0,0,0,1,0,1,0,0,1,0
depibellamonterrey.com,0,1,1,3,0,0,0,0,0,1,0,1,0,0,1,0
eliotecae-my.sharepoint.com,0,0,1,5,0,0,1,1,0,1,1,1,0,0,1,0
ghorana.com,0,0,0,3,0,0,0,0,0,0,0,1,0,0,1,0
hitekscaffolding.co.uk,0,0,0,2,0,0,0,0,0,1,0,1,0,0,1,0
waspsstore.com,0,0,0,2,0,0,0,0,0,1,0,1,0,0,1,0
themedisupply.com,0,0,1,4,0,0,0,0,0,0,0,1,0,0,1,0
tunein.com,0,0,1,5,0,0,0,0,0,1,0,1,0,0,1,0
saldao-de-mes-das-maes.com,0,0,1,2,0,0,0,1,0,1,0,1,1,1,1,1
creativemarket.com,0,0,1,3,0,0,1,0,0,1,0,1,0,0,1,0
automationhub.pk,0,0,0,2,0,0,0,0,1,0,1,1,1,1,1,1
mmagaluofertashoje.com,0,0,0,1,0,0,0,0,1,1,1,1,1,1,1,1
ggdrop.com.ru,0,0,0,0,0,0,0,0,0,1,0,1,0,0,1,0
topbrindes.com,0,0,0,2,0,0,0,0,1,1,1,1,0,0,1,0
windowinstallationtoronto.ca,0,0,0,2,0,0,0,0,0,1,0,0,0,0,1,0
dmcc.com.au,0,0,1,3,0,0,0,0,0,0,1,1,0,0,1,0
icicibank.com,0,0,1,4,0,0,0,0,0,1,0,1,0,0,1,0
20toservicelucas.cloudaccess.host,0,0,1,3,0,0,0,0,1,1,1,1,0,0,1,0
mediaset.it,0,0,1,5,0,0,0,0,0,1,0,1,0,0,1,0
mail.agricareseeds.com,0,0,1,6,0,0,0,0,0,1,0,1,0,0,1,0
storage.googleapis.com,0,1,1,3,0,0,1,0,0,1,1,1,0,0,1,0
webaccess.co.id,0,0,0,3,0,0,0,0,0,1,0,1,0,0,1,0
studiogiardasrls.it,0,0,1,3,0,0,0,0,0,1,0,1,0,0,1,0
delgadaygordo.com,0,0,1,2,0,0,0,0,0,1,0,0,0,0,1,0
listamovimenti.com,0,0,0,1,0,0,0,0,0,1,0,1,1,1,1,1
site9551459.92.webydo.com,0,0,0,0,0,0,0,0,0,0,0,1,0,0,1,0
yourlust.com,0,0,1,2,0,0,1,0,0,1,1,1,0,0,1,0
emporio71.com.br,0,0,0,1,0,0,0,0,0,1,0,1,0,0,1,0
ilgiuncobb.com,0,0,0,2,0,0,0,0,0,1,0,1,0,0,1,0
lynkos.com.br,0,0,0,1,0,0,0,0,1,1,1,1,0,0,1,0
mobilepresentepravoce.com,0,0,0,1,0,0,0,0,1,1,1,1,0,0,1,0
icloud.com-account.in,0,0,0,0,0,0,0,1,0,1,0,1,0,0,1,0
redlinerecruitment353-my.sharepoint.com:443,0,0,1,5,0,0,1,1,0,1,1,1,0,0,1,0
mygpstrip.net,0,0,0,2,0,0,0,0,0,1,0,1,0,0,1,0
deshstore.com,0,0,0,2,0,0,0,0,0,0,0,1,0,0,1,0
mms.tucsonhispanicchamber.net,0,0,1,1,0,0,0,0,0,1,0,0,0,0,1,0
web-rechungbetrag-domain.de,0,0,1,4,0,0,0,1,0,1,1,1,0,0,1,0
locksmail.com,0,0,1,6,0,0,0,0,0,1,1,1,0,0,1,0
user57205.vs.speednames.com,0,0,0,1,0,0,0,0,0,0,1,1,0,0,1,0
nhomkinhlongxuyen.com,0,0,1,8,0,0,0,0,0,1,0,1,0,0,1,0
webs.gt,0,0,0,4,0,0,0,0,1,1,1,1,0,0,1,0
fortrader.com,0,0,0,0,0,0,0,0,0,0,0,0,0,0,1,0
modsecpaststudents.com,0,0,0,1,0,0,0,0,0,1,0,1,0,0,1,0
kosmetyczka-radzymin.pl,0,0,1,8,0,0,0,1,0,1,0,0,0,0,1,0
primaci.org,0,0,0,3,0,0,0,0,0,1,0,0,0,0,1,0
espaceclientv1.fr,0,0,1,5,0,0,0,0,0,1,0,1,0,0,1,0
darkhost.pro,0,0,0,1,0,0,0,0,0,0,0,0,0,0,1,0
conhantaohpg.com,0,0,1,7,0,0,0,0,0,0,0,1,0,0,1,0
sua-mae-vai-adora-essa-novidade.com,0,0,1,2,0,0,0,1,1,1,1,1,0,0,1,0
elitedaily.com,0,0,1,4,0,0,0,0,0,1,0,1,0,0,1,0
db.mailtrackpro.com,0,0,1,3,0,0,0,0,0,0,0,1,0,0,1,0
ladycavendishdiary.com,0,0,1,4,0,0,0,0,0,1,0,1,0,0,1,0
m5wx.com,0,0,1,8,0,0,1,0,0,1,0,1,0,0,1,0
sriaishwaryaconstruction.com,0,0,1,5,0,0,0,0,0,1,0,0,0,0,1,0
rebrand.ly,0,0,0,1,0,0,0,0,0,1,0,1,0,0,1,0
rencon.ch.net2care.com,0,0,1,3,1,0,0,0,0,0,0,0,0,0,1,0
viewitem.eday.co.uk.itm.vauxhallastramk516174257807917item289293222dj4aaoswq4venxoo.cloudhappyconsulting.com,0,0,1,1,0,0,0,0,0,1,0,1,0,0,1,0
kvsrogurgaon.in,0,0,1,4,0,0,0,0,0,0,0,1,0,0,1,0
aviationconsultantsworldwide.com,0,0,1,3,0,0,0,0,0,1,0,1,1,0,1,0
trikonsult.com,0,0,0,3,0,0,1,0,0,1,0,1,0,0,1,0
marreme.com,0,0,0,2,0,0,0,0,1,1,1,1,0,0,1,0
cashat.pro,0,0,0,0,0,0,0,0,0,0,0,1,0,0,1,0
jcsportsnutrition.com,0,0,1,3,0,0,0,0,1,1,1,1,0,0,1,0
dropbox.com,0,0,1,2,0,0,1,0,0,1,1,1,0,0,1,0
durstewitz-eshops.de,0,0,1,2,0,0,0,1,0,1,1,1,1,1,1,1
karavella12.hop.ru,0,0,0,0,0,0,0,0,0,0,0,0,0,0,1,0
educacion.rionegro.gov.ar,0,0,1,9,1,0,0,0,0,1,1,0,0,0,1,0
samariter-berg.ch,0,0,0,3,0,0,0,1,1,1,1,1,0,0,1,0
gaughrith.com,0,1,1,6,0,0,0,0,0,1,0,0,0,0,1,0
myfitnessboost.de,0,0,1,4,0,0,0,0,0,1,1,1,0,0,1,0
paxful-service.com,0,0,0,0,0,0,0,1,0,1,0,1,0,0,1,0
116.90.59.223,1,0,0,2,0,0,0,0,0,1,1,1,0,0,1,0
shineridiamonds.com,0,0,1,5,0,0,0,0,0,0,0,0,0,0,1,0
5eab39a111b48.site123.me,0,0,0,0,0,0,0,0,0,1,0,1,0,0,1,0
pg-series-atendimento.joomla.com,0,0,0,1,0,0,0,1,0,1,0,1,0,0,1,0
pantip.com,0,0,1,2,0,0,0,0,0,1,1,1,0,0,1,0
viana.imoveis.expert,0,0,0,0,0,0,0,0,0,0,0,0,0,0,1,0
finaldesemanadasmamaesfeliz.com,0,0,1,2,0,0,0,0,0,1,0,1,0,0,1,0
buzzfil.net,0,0,1,4,0,0,0,0,0,0,1,1,0,0,1,0
accurate-engineers.in,0,0,0,2,0,0,0,1,0,1,0,1,0,0,1,0
obixpdf.sa7o.com,0,0,0,0,0,0,0,0,0,1,0,1,0,0,1,0
active.by,0,0,0,3,0,0,0,0,0,0,0,1,0,0,1,0
easysbyskegroup.com,0,0,1,3,0,0,0,0,1,1,1,1,1,1,1,1
acostamueble.com,0,0,0,1,0,0,0,0,0,1,0,1,0,0,1,0
revente-materiel.com,0,0,0,3,0,0,0,1,0,1,0,0,0,0,1,0
hltps-wwv-bancoripley-cl.publicidadtechtre.com,0,0,1,1,0,0,0,1,0,1,0,0,0,0,1,0
funpeguy.com,0,0,0,3,0,0,0,0,0,1,0,0,0,0,1,0
wriot-alternate.app.link,0,0,0,0,0,0,0,1,0,1,0,1,0,0,1,0
addirector.cc,0,0,1,4,0,0,0,0,1,1,1,1,0,0,1,0
eksisozluk.com,0,0,1,1,0,0,0,0,0,1,0,1,1,1,1,1
busywithwork.com,0,0,1,5,0,0,0,0,0,1,0,0,0,0,1,0
briandesmarais.com,0,0,0,0,0,0,0,0,0,1,0,1,0,0,1,0
xhamster.com,0,0,1,3,0,0,0,0,0,1,0,1,0,0,1,0
lz5.1ee.myftpupload.com,0,0,1,2,0,0,0,0,0,1,0,1,0,0,1,0
collegecourses.co.in,0,0,1,5,0,0,0,0,0,0,0,1,0,0,1,0
shannonebeling.com,0,0,1,3,0,0,0,0,0,1,0,1,0,0,1,0
crosplat.co.uk,0,0,1,3,0,0,1,0,0,1,0,0,0,0,1,0
acadianaliquor.com,0,0,1,5,0,0,0,0,0,1,0,1,1,1,1,1
maciel.med.br,0,0,0,3,0,0,0,0,0,1,1,1,0,0,1,0
advonationusa.com,0,0,1,6,0,0,0,0,0,1,1,1,0,0,1,0
wefd1.hyperphp.com,0,0,0,1,0,0,0,0,0,0,0,0,0,0,1,0
u692683meb.ha004.t.justns.ru,0,0,1,1,0,0,0,0,0,0,0,0,0,0,1,0
1drvcloud.dnsabr.com,0,0,0,1,0,0,0,0,0,0,0,0,1,1,1,1
lnstagram.pp.ru,0,0,0,0,0,0,0,0,0,1,0,0,0,0,1,0
globalnetinternet.com,0,0,1,6,0,0,1,0,0,0,0,1,0,0,1,0
aurapropaganda.com,0,0,1,6,0,0,0,0,1,1,1,1,0,0,1,0
taloverkkokauppa.fi,0,0,0,3,0,0,0,0,0,1,0,0,0,0,1,0
aresozcs.000webhostapp.com,0,0,0,1,0,0,0,0,0,1,0,1,0,0,1,0
alphacon.co.id,0,0,0,4,0,0,0,0,0,1,0,0,0,0,1,0
abc.go.com,0,0,1,5,0,0,0,0,0,1,1,1,0,0,1,0
verified-paxful.com,0,0,0,1,0,0,0,1,0,1,0,1,0,0,1,0
casascamijanes.com,0,0,1,2,0,0,0,0,0,1,0,0,0,0,1,0
livestream.com,0,0,1,2,0,0,0,0,0,1,1,1,0,0,1,0
itcitymm.com,0,0,1,5,0,0,0,0,0,1,0,1,0,0,1,0
toaletaeco.ro,0,0,1,5,0,0,0,0,0,1,0,1,0,0,1,0
poonammishra.in,0,0,0,3,0,0,0,0,0,1,0,1,1,0,1,0
itauconfirmsecurity.com,0,0,0,1,0,0,0,0,0,1,0,1,0,0,1,0
dwarder.calon-sarjana25.co.uk,0,0,0,1,0,0,0,1,0,1,0,0,0,0,1,1
yoho.com.tw,0,0,0,2,0,0,0,0,0,0,0,1,0,0,1,0
betasus777.blogspot.com,0,0,0,0,0,0,1,0,1,1,1,1,0,0,1,0
housing.com,0,0,1,4,0,0,0,0,0,1,0,0,0,0,1,0
chatwhatapp-join.25u.com,0,0,0,0,0,0,0,1,0,0,0,1,1,1,1,1
hostcup.info,0,0,0,0,0,0,0,0,0,1,0,1,0,0,1,0
negociacaoveiculos.com,0,0,0,0,0,0,0,0,0,1,0,1,0,0,1,0
bcpzonasegurabeta.viabcp.com.luke-hancock.com,0,0,1,2,0,0,0,1,0,1,0,0,1,1,1,1
progarchives.com,0,0,0,1,0,0,0,0,0,1,0,1,0,0,1,0
harrisonk12msus-my.sharepoint.com,0,0,1,5,0,0,1,1,0,1,1,1,0,0,1,0
keepsolution.com,0,0,1,4,0,0,0,0,0,1,0,1,0,0,1,0
shophealthybits.com,0,0,0,3,0,0,0,0,0,0,0,1,0,0,1,0
wmaraci.com,0,0,1,3,0,0,0,0,0,1,0,1,0,0,1,0
lifehacker.com,0,0,1,2,0,0,0,0,0,1,1,0,0,0,1,0
aljazeera.net,0,0,1,6,0,0,0,0,0,1,1,1,0,0,1,0
acct-piedmontcancerinstitute-inv.net,0,0,1,3,0,0,0,1,0,1,0,1,0,0,1,0
myozhost.com,0,0,0,2,0,0,1,0,0,1,0,0,1,1,1,1
instagram.com,0,0,1,2,0,0,0,0,0,1,0,1,0,0,1,0
cekilisciniz.net,0,0,0,1,0,0,0,0,0,1,0,1,0,0,1,0
investingdojo.icu,0,0,0,2,0,0,0,0,0,1,1,1,1,1,1,1
nkforcesklep.pl,0,0,0,0,0,0,0,0,0,1,0,0,0,0,1,0
mariavandana.com,0,0,0,1,0,0,0,0,0,1,0,1,0,0,1,0
t.co,0,0,0,1,0,0,1,0,1,1,1,1,0,0,1,0
binance10x.com,0,0,0,0,0,0,1,0,0,1,0,0,0,0,1,0
lorisch.com,0,0,0,3,0,0,0,0,0,1,1,0,0,0,1,0
j.mp,0,0,0,1,0,0,1,0,1,0,1,1,0,0,1,0
courgeon-immobilier.fr,0,0,1,5,0,0,0,1,0,1,0,1,0,0,1,0
hubpages.com,0,0,1,4,0,0,0,0,0,1,0,1,0,0,1,0
files-wetranfer.000webhostapp.com,0,0,0,0,0,0,0,1,0,1,0,1,0,0,1,0
enorma.is,0,0,1,7,0,0,0,0,0,1,1,1,1,0,1,0
wavesetholdings.com,0,0,0,1,0,0,0,0,0,1,1,1,0,0,1,0
funetwork.tv,0,0,0,3,0,0,0,0,0,0,0,1,0,0,1,0
magicfax.top,0,0,0,0,0,0,0,0,0,1,0,1,0,0,1,0
sourceforge.net,0,0,1,3,0,0,0,0,1,1,1,1,0,0,1,0
weathernews.jp,0,0,1,4,0,0,0,0,0,1,1,1,0,0,1,0
abcnews.go.com,0,0,1,3,0,0,0,0,0,1,1,1,0,0,1,0
186.75.130.46,1,0,0,1,0,0,0,0,0,1,1,1,0,0,1,1
dobesell.com,0,0,1,2,0,0,0,0,0,0,0,1,0,0,1,0
ftp.lesterandco.com,0,0,0,2,0,0,0,0,0,1,0,1,0,0,1,0
hitsem.com,0,0,1,1,0,0,0,0,0,1,1,1,0,0,1,0
mass-mp.com,0,0,0,1,0,0,0,1,0,0,0,1,0,0,1,0
c1781279.ferozo.com,0,0,0,4,0,0,0,0,0,1,0,1,1,1,1,1
ebay-co-uk.com,0,0,0,1,0,0,0,1,0,1,0,1,0,0,1,0
verify-b-c-p.dns-cloud.net,0,0,0,0,0,0,0,1,0,0,0,0,0,0,1,0
shophealthybits.com,0,0,0,4,0,0,0,0,0,0,0,1,0,0,1,0
hrweb99.com,0,0,0,5,0,0,0,0,0,1,0,1,0,0,1,0
trydent.org,0,0,1,6,0,0,0,0,0,1,0,0,0,0,1,0
karmanbiotech.com,0,0,0,2,0,0,0,0,0,1,0,1,0,0,1,0
newmessage.gvnawpknwarz94ejtnbuvbwv.xyz,0,0,1,2,0,0,0,0,0,1,0,1,1,1,1,1
marufulislam.com,0,0,0,3,0,0,0,0,0,1,1,1,0,0,1,0
motthegioi.vn,0,0,1,3,0,0,0,0,1,1,1,1,0,0,1,0
weevoxsound.com,0,0,1,4,0,0,0,0,0,1,0,1,0,0,1,0
cuumberland.buzz,0,0,1,3,0,0,0,0,0,1,1,1,0,0,1,0
shibamicomzeminet.nckitennis.gdn,0,0,0,0,0,0,1,0,1,1,1,1,0,0,1,0
www43.presentes-promocoes-premier.com,0,0,1,6,0,0,0,1,0,1,0,1,0,0,1,0
vrl.to,0,0,0,1,0,0,0,0,0,1,1,1,0,0,1,0
verify.myeeaccountdetails.com,0,0,0,0,0,0,0,0,0,1,0,1,0,0,1,0
gtbank.com,0,0,1,5,0,0,0,0,0,1,0,1,0,0,1,0
ugovlahovic.hr,0,0,1,6,0,0,0,0,0,1,0,0,0,0,1,0
vcita.com,0,0,1,5,0,0,0,0,0,0,1,1,0,0,1,0
rojaspaint.com,0,0,1,5,0,0,1,0,0,1,1,1,0,0,1,0
ata22.ir,0,0,0,1,0,0,0,0,1,1,1,1,1,1,1,1
mytanfarma.com,0,0,1,5,0,0,0,0,0,1,0,0,0,0,1,0
elkriverbiz.sharepoint.com,0,0,1,3,0,0,1,0,0,1,1,1,0,0,1,0
47.90.0.38,1,0,0,2,0,0,0,0,0,1,1,1,0,0,1,0
payuupal.ddns.net,0,0,0,1,0,0,0,0,0,1,0,0,0,0,1,0
contro.mx,0,0,0,1,0,0,0,0,0,1,0,0,0,0,1,0
techcrunch.com,0,0,1,3,0,0,0,0,1,1,1,1,0,0,1,0
viibes.com,0,0,1,4,0,0,0,0,0,1,0,1,1,1,1,1
pd-iskra-lj.si,0,0,1,5,0,0,0,1,0,0,0,1,1,0,1,0
153284594738391.statictab.com,0,0,1,1,0,0,0,0,0,0,0,1,0,0,1,0
rtefdafrweasd.epizy.com,0,0,0,0,0,0,0,0,0,1,0,1,0,0,1,0
ink361.com,0,0,1,6,0,0,0,0,0,0,0,1,0,0,1,0
rashetfustuk.com,0,0,0,2,0,0,0,0,0,1,0,1,0,0,1,0
userxagent98ngnixubu.ga,0,0,0,2,0,0,0,0,0,1,1,1,0,0,1,0
dataupdaterequired.site44.com,0,0,0,0,0,0,0,0,0,0,0,1,0,0,1,0
15688c.com,0,0,0,0,0,0,0,0,0,1,0,1,0,0,1,0
caribconnectlaw.com,0,0,1,5,0,0,0,0,0,1,0,0,0,0,1,0
resgatemobilebb.com,0,0,0,0,0,0,0,0,0,1,1,1,0,0,1,0
count.mail.163.com.jutin.tk,0,0,0,1,0,0,0,0,0,1,1,1,0,0,1,0
zdravets.org,0,0,0,3,0,0,0,0,0,1,0,1,0,0,1,0
caspianglobalservices.com,0,0,0,2,0,0,0,0,0,1,0,1,0,0,1,0
houdektranslations.wz.cz,0,0,1,1,1,0,0,0,1,1,1,1,0,0,1,0
dalaifabricators.com,0,0,1,2,0,0,0,0,0,1,0,0,0,0,1,0
correios.com.br,0,0,1,4,0,0,0,0,0,1,1,1,0,0,1,0
onager.co.kr,0,0,0,3,0,0,0,0,0,1,0,1,0,0,1,0
piandizano.it,0,0,0,2,0,0,0,0,0,1,0,1,0,0,1,0
wholesalemsms.club,0,0,0,3,0,0,0,0,0,1,0,0,0,0,1,0
jeremyfullserviceinc.com,0,0,1,4,0,0,0,0,0,1,0,0,0,0,1,0
i-grupobancolombia.com,0,0,0,1,0,0,0,1,1,1,1,1,1,1,1,1
concurso-de-fotografia-photho-212455721241.000webhostapp.com,0,0,1,0,0,0,0,1,0,1,0,1,0,0,1,0
brainsconsulting.ro,0,0,1,5,0,0,0,0,0,1,0,0,0,0,1,0
vanwertworks.com,0,0,1,6,0,0,0,0,0,1,0,1,0,0,1,0
tokokainbandung.com,0,0,1,10,0,0,0,0,0,1,0,1,0,1,1,0
darktoxicity.com,0,0,1,4,0,0,0,0,0,1,0,1,0,0,1,0
vk.com,0,0,1,1,0,0,0,0,0,1,1,1,0,0,1,0
ovastor.egnyte.com,0,0,0,2,0,0,0,0,0,1,0,0,1,1,1,1
appriver3651009905-my.sharepoint.com,0,0,1,5,0,0,1,1,0,1,1,1,0,0,1,0
frysconstucttehe.com,0,0,1,5,0,0,0,0,0,1,0,1,0,0,1,0
e-donusum.vbt.com.tr,0,0,1,1,0,0,1,1,0,0,0,1,0,0,1,0
parnetsgroup.com,0,0,1,4,0,0,0,0,0,0,0,1,0,0,1,0
sprint.com,0,0,1,5,0,0,1,0,0,1,1,1,0,0,1,0
feitoparavoce-digital.com,0,0,0,0,0,0,0,1,0,1,0,1,0,0,1,0
fn-international.com,0,0,0,2,0,0,0,1,0,1,0,0,0,0,1,0
wdestaques15.prime-oportunidades-agora.shop,0,0,1,5,0,0,0,1,0,1,0,1,1,1,1,1
djeane.com.pe,0,0,0,3,0,0,0,0,1,1,1,1,0,0,1,0
deadspin.com,0,0,1,3,0,0,0,0,0,1,1,0,0,0,1,0
alpha-mail-server2.ddns.info,0,0,0,1,0,0,0,1,0,0,0,0,0,0,1,0
mycarauctionad.com,0,0,0,1,0,0,0,0,0,1,0,1,0,0,1,0
betasusguncelgir.blogspot.com,0,0,0,0,0,0,1,0,1,0,1,1,0,0,1,0
welovebellsouthandswbell.weebly.com,0,0,0,0,0,0,0,0,0,1,0,1,0,0,1,0
christinacreates.com,0,0,1,8,0,0,0,0,0,1,0,1,0,0,1,0
paws.org.au,0,0,1,9,0,0,0,0,0,1,1,1,0,0,1,0
pips.fis.um.ac.id,0,0,1,10,0,0,0,0,0,1,0,1,0,0,1,0
css-tricks.com,0,0,1,1,0,0,0,1,0,1,0,1,0,0,1,0
rusnod.ru,0,0,0,1,0,0,0,0,0,0,0,1,0,0,1,0
paypal.co.uk.userfqfwyvx2gxv.settingsppup.com,0,0,1,1,0,0,0,0,0,1,0,1,0,0,1,0
kassa.click,0,0,0,2,0,0,0,0,1,0,1,1,0,0,1,1
activelogisticsltd.com,0,0,1,2,0,0,0,0,0,1,0,1,0,0,1,0
textileben.com,0,0,0,1,0,0,0,0,0,1,0,0,0,0,1,0
satkom.id,0,0,0,2,0,0,0,0,0,1,0,1,0,0,1,0
heliosroofing-my.sharepoint.com,0,0,1,5,0,0,1,1,0,1,1,1,0,0,1,0
minyuanmm.com,0,0,0,1,0,0,0,0,0,1,0,0,0,0,1,0
zohrajabeen.com,0,0,0,1,0,0,0,0,0,1,0,1,0,0,1,0
giftedewha.or.kr,0,0,1,6,0,0,0,0,0,1,0,0,0,0,1,0
semanadeliderazgo.com,0,0,0,1,0,0,0,0,0,1,0,0,0,0,1,0
yourfreephoneapp.com,0,0,0,1,0,0,0,0,0,1,0,0,0,0,1,0
team.cmgcharleston.com,0,0,1,8,0,0,0,0,0,1,0,0,0,0,1,0
safetytechspy.com,0,0,1,2,0,0,0,0,0,1,0,1,0,0,1,0
caorlespiaggia.it,0,0,0,3,0,0,0,0,0,1,0,0,0,0,1,0
storage.googleapis.com,0,0,1,3,0,0,0,0,1,1,1,1,0,0,1,0
naofiquedeforadessamega.com,0,0,1,2,0,0,0,0,1,1,1,1,0,0,1,0
my.dara.cloud,0,0,0,2,1,0,0,0,0,0,0,1,1,1,1,1
prouns.rs,0,0,0,2,0,0,0,0,0,1,1,0,0,0,1,0
webmasteremailsupdating2020.hexat.com,0,0,0,1,0,0,1,0,0,0,1,1,0,0,1,0
corepoweryogaco.org,0,0,1,3,0,0,0,0,0,1,0,1,0,0,1,0
yetpack.com,0,0,1,5,0,0,0,0,0,1,0,1,0,1,1,0
themeforest.net,0,0,1,4,0,0,0,0,0,1,1,1,0,0,1,1
animalwelfareinc.org,0,0,1,7,0,0,0,0,0,1,0,0,0,0,1,0
diply.com,0,0,1,3,0,0,0,0,0,1,0,0,0,0,1,0
alsapan-epi.com,0,0,0,3,0,0,0,1,0,1,0,0,0,0,1,0
kienthuc.net.vn,0,0,1,2,0,0,0,0,1,1,1,1,0,0,1,0
recompensenumeriquebmo.com,0,0,0,0,0,0,0,0,0,1,0,1,0,0,1,0
bigcredjf.com.br,0,1,1,4,0,0,0,0,0,1,1,1,0,0,1,0
rapline.hu,0,0,0,5,0,0,0,0,0,1,1,1,0,0,1,0
tylohelo-my.sharepoint.com,0,0,1,4,0,0,1,1,0,1,1,1,0,0,1,0
taboola.com,0,0,1,2,0,0,0,0,0,1,0,1,0,0,1,1
vicariapastoralgdl.org,0,0,1,5,0,0,0,0,0,0,0,1,0,0,1,0
yourfitnesscorner.com,0,0,1,9,0,0,0,0,0,0,0,0,0,0,1,0
zbavit.live,0,0,0,1,0,0,0,0,0,0,0,1,0,0,1,0
wetransfer-plus7.ml,0,0,0,0,0,0,0,1,0,1,1,1,0,0,1,0
shimaarutechies.com,0,0,1,4,0,0,0,0,0,1,0,0,0,0,1,0
loudweb.czweb.org,0,0,0,1,0,0,0,0,0,0,1,1,0,0,1,0
nguyentandung.org,0,0,1,1,0,0,0,0,0,0,0,1,0,0,1,0
veazieit.com,0,0,1,3,0,0,1,0,0,1,0,0,0,0,1,0
erodoma.com,0,0,1,5,0,0,0,0,0,1,1,1,0,0,1,0
novapowa.com,0,0,0,3,0,0,0,0,0,1,0,0,0,0,1,0
flavahairdesign.co.za,0,0,1,5,0,0,0,0,0,1,1,1,1,1,1,1
leadflowgeneration.com,0,0,1,4,0,0,0,0,0,1,0,1,0,0,1,0
gerdalights.buzz,0,0,1,2,0,0,0,0,0,1,0,0,0,0,1,0
tptelecom.it,0,0,1,6,0,0,0,0,0,1,0,0,1,0,1,0
acrpkids-my.sharepoint.com,0,0,1,5,0,0,1,1,0,1,1,1,0,0,1,0
telecomenterpriseinc-my.sharepoint.com,0,0,1,5,0,0,1,1,0,1,1,1,0,0,1,0
freeliker.net,0,0,0,1,0,0,0,0,0,0,1,1,0,0,1,0
drcorreamejoresimplantes.com,0,0,1,2,0,0,0,0,0,1,0,0,0,0,1,0
kupelis.com,0,0,1,7,0,0,0,0,0,0,0,0,0,0,1,0
steamcommunity.com,0,0,1,10,1,0,0,0,0,1,0,1,0,0,1,0
rishtapao.com,0,0,1,6,0,0,0,0,0,1,0,0,0,0,1,0
graphicriver.net,0,0,1,3,0,0,0,0,0,1,1,1,0,0,1,0
withinmyskin.com,0,0,0,1,0,0,0,0,0,1,0,0,0,0,1,0
kjmtelecom.com.br,0,0,0,4,0,0,0,0,0,1,1,1,0,0,1,0
soyalejo.com,0,0,0,2,0,0,0,0,0,1,0,0,0,0,1,0
bradisk.joomla.com,0,0,1,2,0,0,0,0,0,1,0,1,0,0,1,0
bedrijfskleding038.nl,0,0,1,6,0,0,0,0,0,1,1,1,1,0,1,0
letsleads.com,0,0,0,1,0,0,0,0,0,0,0,1,0,0,1,0
myegy.to,0,0,1,3,0,0,0,0,0,1,1,1,0,0,1,0
zend-framework-community.634137.n4.nabble.com,0,0,1,1,0,0,0,1,0,1,0,1,0,0,1,0
mundovirtualhabbo.blogspot.com,0,0,1,1,0,0,1,0,1,1,1,1,0,0,1,0
evernote.com,0,0,1,4,0,0,0,0,0,1,0,1,0,0,1,0
santuariodelaveronica.com,0,1,1,0,0,0,0,0,0,1,1,1,0,0,1,0
bitbucket.org,0,0,1,5,0,0,0,0,0,1,1,1,0,0,1,0
app-sicredi-br.wpdevcloud.com,0,0,1,1,0,0,0,1,0,1,0,1,1,1,1,1
rbcmontgomery.com,0,0,0,4,0,0,0,0,0,1,0,0,0,0,1,0
csgofreexskins.fun,0,0,0,0,0,0,0,0,0,1,0,1,1,1,1,1
fromserve.joomla.com,0,0,1,4,0,0,0,0,0,1,0,1,0,0,1,0
brianbegin.com,0,0,1,7,0,0,0,0,0,1,0,1,0,0,1,0
gamingakhada.com,0,0,0,3,0,0,0,0,0,0,0,1,0,0,1,0
unam.myfreesites.net,0,0,0,0,0,0,0,0,0,0,0,1,0,0,1,0
s1577556206.t.en25.com,0,0,1,2,0,0,0,0,0,1,0,1,0,0,1,0
any-connect.com,0,0,0,0,0,0,1,1,0,1,0,1,0,0,1,0
fdyf5.app.link,0,0,0,1,0,0,0,0,0,1,0,1,0,0,1,0
keep.simply-winspace.it,0,0,0,2,0,0,0,1,0,0,0,1,0,0,1,0
xgamingchair.com,0,0,1,2,0,0,0,0,0,0,0,1,0,0,1,0
stolizaparketa.ru,0,1,1,7,0,0,0,0,0,1,0,1,0,0,1,0
cadastro.byethost6.com,0,0,0,1,0,0,0,0,0,1,0,1,0,0,1,0
accesd-web-desjardins-info.com,0,0,0,0,0,0,0,1,0,1,0,1,0,0,1,0
google.com,0,0,1,1,1,0,0,0,1,1,1,1,0,0,1,0
millmarkgroup.com,0,0,1,5,0,0,0,0,0,1,0,0,0,0,1,0
netorgft3927858-my.sharepoint.com,0,0,1,5,0,0,1,1,0,1,1,1,0,0,1,0
gkjx168.com,0,0,1,1,1,0,0,0,0,1,0,0,0,0,1,0
superpark-my.sharepoint.com,0,0,1,7,0,0,1,1,0,1,1,1,0,0,1,0
mail.kojak-group.com,0,0,1,4,0,0,0,1,0,1,1,1,0,0,1,0
bodylineequipment.com,0,0,1,3,0,0,1,0,0,1,0,1,0,0,1,0
poetkaustubh.com,0,0,0,3,0,0,0,0,0,1,0,1,0,0,1,0
ringring.vn,0,0,1,3,0,0,0,0,1,0,1,1,0,0,1,0
sitenet-serasaexperian.net,0,0,0,0,0,0,0,1,0,1,0,1,0,0,1,0
paxfulonlinepayment.com,0,0,0,0,0,0,1,0,0,1,0,1,0,0,1,0
cutt.ly,0,0,0,1,0,0,0,0,0,1,1,1,0,0,1,0
cheezburger.com,0,0,1,2,0,0,0,0,0,1,0,1,0,0,1,0
betaalpas-omgevingskeuze.info,0,0,0,1,0,0,0,1,0,1,0,1,1,1,1,1
host112.186-109-81.telecom.net.ar:8082,0,0,1,4,0,0,0,1,0,1,1,1,1,1,1,1
spectometre.newimagefitness.net,0,0,1,4,0,0,0,0,0,1,0,1,0,0,1,0
usereinloggen.com,0,0,1,2,0,0,0,0,0,1,1,1,0,0,1,0
wwedvm.appspot.com,0,1,1,2,0,0,1,0,1,1,1,1,0,0,1,0
thenextweb.com,0,0,1,6,0,0,0,0,0,1,0,0,0,0,1,1
theironinnparlour.co.uk,0,0,1,4,0,0,0,0,0,1,0,0,0,0,1,0
verification__emai.godaddysites.com,0,0,0,0,0,0,0,0,0,1,0,1,0,0,1,0
bdnews24.com,0,0,1,5,0,0,0,0,0,1,0,1,0,0,1,0
trinx30.joomla.com,0,0,0,3,0,0,0,0,0,1,0,1,1,1,1,1
ddt.yaguo.ru,0,0,0,2,0,0,0,0,0,0,0,1,0,0,1,0
oninet.al,0,0,1,5,0,0,0,0,1,1,1,1,0,0,1,0
betasusturkiyee.blogspot.com,0,0,0,0,0,0,1,0,1,1,1,1,0,0,1,0
msonearquitetura.com.br,0,0,1,5,0,0,0,0,0,1,1,1,0,0,1,0
autorizador5.com.br,0,0,1,7,0,0,0,0,0,1,1,1,0,0,1,0
extratorrent.cc,0,0,1,1,0,0,0,0,0,1,0,1,0,0,1,0
tyy756dfxas.appspot.com,0,0,0,0,0,0,1,0,1,1,1,1,1,0,1,0
weigh.rebuildingok.com,0,0,1,1,0,0,0,0,0,1,0,0,0,0,1,0
wpengine.com,0,0,1,2,0,0,0,0,0,1,1,1,0,0,1,0
searchengineland.com,0,0,1,1,0,0,0,0,0,1,0,0,0,0,1,0
fazenda.gov.br,0,0,1,6,0,0,0,0,0,1,1,1,0,0,1,0
officialtobinbell.com,0,0,1,1,0,0,0,0,0,1,0,1,0,0,1,0
electronicavalencia.com.ar,0,0,1,4,0,0,0,0,0,1,1,1,0,0,1,0
myrnd.info,0,1,1,8,0,0,0,0,0,1,0,1,0,0,1,0
b9dm.com,0,0,1,18,0,0,0,0,0,1,1,1,0,0,1,0
estaremos-nessa-crise-unidoscom.com,0,0,1,2,0,0,0,1,0,1,0,1,1,0,1,0
security.paypal.com.userid.874585.compraycambia.com,0,0,1,5,0,0,0,0,0,1,1,1,0,0,1,0
agri72.fr,0,0,0,6,0,0,0,0,0,0,0,0,0,0,1,1
net-eco.fr,0,0,0,1,0,0,0,1,0,1,0,1,0,0,1,0
esapcepro-org.com,0,0,0,1,0,0,0,1,0,1,1,1,0,0,1,0
zxe32szefr3.000webhostapp.com,0,0,0,1,0,0,0,0,0,1,0,1,0,0,1,0
carexpert.ee,0,1,1,3,0,0,0,0,0,0,1,1,0,0,1,0
agrimetiersmartinique.fr,0,0,1,3,0,0,0,0,0,1,0,1,0,0,1,0
urbanmeisters.ovh,0,0,1,6,0,0,0,0,1,0,1,1,0,0,1,0
faridabadeducationcouncil.com,0,0,1,3,0,0,0,0,0,1,0,1,0,0,1,0
olx.pl,0,0,1,7,0,0,0,0,0,1,1,1,0,0,1,1
kuchkuchnights.com,0,0,0,1,0,0,0,0,0,1,1,1,0,0,1,0
kandbmoldedproducts.com,0,0,0,1,0,0,0,0,0,1,0,1,0,0,1,0
mncelektronik.com,0,0,1,7,0,0,0,0,0,0,0,0,0,0,1,0
gansta-paradise.com,0,0,0,1,0,0,0,1,0,1,0,1,0,0,1,0
snellingjobs.com,0,0,0,1,0,0,0,0,0,0,0,1,0,0,1,0
sloaneandhyde.com,0,0,1,3,0,0,0,0,0,1,0,1,0,0,1,0
skyrock.com,0,0,1,2,0,0,0,0,0,1,0,1,0,0,1,0
technoroute53.xyz,0,0,0,3,0,0,0,0,1,1,1,1,0,0,1,0
pikabu.ru,0,0,1,2,0,0,0,0,0,1,0,1,1,1,1,1
u.nu,0,0,0,1,0,0,0,0,0,0,0,0,0,0,1,0
login.microsoftonline.com:443,0,0,1,3,0,0,0,0,0,1,1,1,0,0,1,0
expeditions-of-e.com,0,0,0,3,0,0,0,1,0,1,0,1,0,0,1,0
bicicentroslezama.com,0,0,1,3,0,0,0,0,0,1,0,0,0,0,1,0
lydiabradshaw.com,0,0,0,1,0,0,0,0,0,1,0,1,0,0,1,0
freedentist.net,0,0,0,2,0,0,0,0,0,1,0,0,1,1,1,1
mpparagon.com,0,1,1,1,0,0,0,0,0,1,0,1,0,0,1,0
dipelnet.com.br,0,0,1,4,0,0,1,0,0,1,0,0,0,0,1,0
ams-business-7.hostwindsdns.com,0,0,1,2,0,0,0,1,0,1,0,1,0,0,1,0
allrecipes.com,0,0,1,4,0,0,0,0,0,1,1,1,0,1,1,1
healmedicaltrauma.com,0,0,0,1,0,0,0,0,0,1,0,0,0,0,1,0
magazyn.allegro.secfence.lesavik.net,0,0,0,0,0,0,0,0,0,1,1,1,0,0,1,0
myphonereviews.com,0,0,1,3,0,0,0,0,0,1,0,0,0,0,1,0
vtchekhov.com,0,0,0,1,1,0,0,0,0,1,1,1,0,0,1,0
mackinn.com,0,0,0,0,0,0,0,0,1,1,1,1,0,0,1,0
db.clickexperts.net,0,0,1,3,0,0,0,0,0,0,0,1,0,0,1,0
expoei.udd.cl,0,1,1,2,0,0,0,0,0,1,0,0,0,0,1,0
5gigbucks.com,0,0,0,2,0,0,0,0,0,1,1,1,0,0,1,0
bestchange.ru.btc-ex.buzz,0,0,0,0,0,0,0,1,0,1,0,1,0,0,1,0
labyrinthtanning.com,0,0,0,1,0,0,0,0,0,1,0,1,0,0,1,0
docs.google.com,0,0,1,5,0,0,0,0,0,1,0,0,0,0,1,0
allrecipes.com,0,0,1,4,0,0,0,0,0,1,1,1,0,1,1,0
oldegreen.com,0,0,0,4,0,0,0,0,0,1,0,1,0,0,1,0
identifikatsiya.com,0,0,0,0,0,0,0,0,0,1,1,1,0,0,1,0
betasusturkiye.blogspot.com,0,0,0,0,0,0,1,0,1,1,1,1,0,0,1,0
icloud.com.server-findmy.com,0,0,0,1,0,0,0,1,0,1,0,1,1,1,1,1
blufibras.com.br,0,0,0,2,0,0,0,0,0,1,1,1,0,0,1,0
saranewmaroc.com,0,0,0,3,0,0,0,0,0,1,0,0,0,0,1,1
jlgraphic.fr,0,0,0,2,0,0,0,0,0,1,0,0,0,0,1,0
docusignemail1com1login1dropbox9com64bae2a51a5b3dropbox7com.mybabydeck.com,0,0,1,0,0,0,0,0,0,1,0,0,0,0,1,0
c7d5c37a-d73e-4f73-9a99-c6a504a53cbd.htmlcomponentservice.com,0,0,1,1,0,0,0,1,0,0,0,1,0,0,1,0
roxburycommunitycolleg798-my.sharepoint.com:443,0,0,1,5,0,0,1,1,0,0,1,1,0,0,1,0
payfreee1984.000webhostapp.com,0,0,1,3,0,0,0,0,0,1,0,1,0,0,1,0
semprepres.sslblindado.com,0,0,1,5,0,0,0,0,1,0,1,1,0,0,1,0
envirodrilling.com,0,0,1,5,0,0,0,0,0,0,1,1,0,0,1,0
managechamp.com,0,0,1,11,0,0,0,0,0,1,1,1,0,0,1,0
planwise.co.za,0,0,1,7,0,0,0,0,0,1,1,1,0,0,1,0
piano-tuning-how-to.com,0,0,1,7,0,0,0,1,0,1,0,0,0,0,1,0
samcool.org,0,0,1,1,0,0,0,0,0,1,1,1,0,0,1,0
glighting-my.sharepoint.com,0,0,1,5,0,0,1,1,0,1,0,1,0,0,1,0
beneiximet.com,0,0,0,1,0,0,1,0,0,1,0,0,0,0,1,0
onedrive.live.com,0,0,1,1,0,0,0,0,0,1,0,1,0,0,1,0
mail2.mclink.it,0,0,1,6,0,0,0,0,0,0,0,0,0,0,1,0
outridebd.com,0,0,1,2,0,0,0,0,0,0,0,0,0,0,1,0
azulvbrasil.com.br,0,0,0,0,0,0,0,0,0,1,1,1,0,0,1,0
indiankitchenfood.com,0,0,0,2,0,0,0,0,0,1,1,1,0,0,1,0
qvkw.000webhostapp.com,0,0,0,0,0,0,0,0,0,1,0,1,0,0,1,0
amigos.com.pt,0,0,0,1,0,0,0,0,0,1,0,1,0,0,1,0
hubpages.com,0,0,1,7,0,0,0,0,0,1,0,1,0,0,1,0
izigroup.info,0,0,1,4,0,0,0,0,0,1,0,1,0,0,1,0
comunitaefamiglia.org,0,0,1,7,0,0,0,0,0,1,1,1,1,0,1,0
secure-info.co.uk,0,0,1,11,0,0,0,1,0,1,0,0,0,0,1,0
sia.cv,0,0,0,2,0,0,0,0,1,1,1,1,0,0,1,0
grandcup.xyz,0,0,0,0,0,0,0,0,0,1,0,1,1,1,1,1
paypal-us-helpspay.gitlab.io,0,0,1,1,0,0,0,1,0,1,1,1,0,0,1,1
juanthradio.com,0,0,0,2,0,0,0,0,0,1,0,0,0,0,1,0
equinnoschcap.com,0,0,0,3,0,0,0,0,0,1,0,1,0,0,1,0
firstbanktrust1.vmpxsites.com,0,0,0,0,0,0,0,0,0,0,1,1,0,0,1,0
dealnews.com,0,0,1,4,0,0,0,0,0,1,0,1,0,0,1,0
workprotocoles-com.webs.com,0,0,0,0,0,0,0,1,0,1,1,1,0,0,1,0
gosnellspodiatry.com.au,0,0,1,2,0,0,0,0,0,1,1,1,0,0,1,0
benson6303.com,0,1,1,5,0,0,0,0,0,1,0,0,0,0,1,0
kurskin.be:443,0,0,1,6,0,0,0,0,0,0,1,1,0,0,1,0
autorizador5.com.br,0,0,1,6,0,0,0,0,0,1,1,1,0,0,1,0
accountsnat-west.com,0,0,0,0,0,0,1,1,0,1,0,1,0,0,1,0
zozo.jp,0,0,1,2,0,0,0,0,0,1,1,1,0,0,1,0
185.177.54.1,1,0,0,2,0,0,0,0,0,1,1,1,0,0,1,0
microsoftmail.moonfruit.com,0,0,0,0,0,0,1,0,0,1,0,0,0,0,1,0
serverinfo1policy.blogspot.com,0,0,1,0,0,0,1,0,1,1,1,1,0,0,1,0
alojamientoenobera.com.ar,0,0,0,1,0,0,0,0,0,1,1,1,0,0,1,0
raiffeissenonline.com,0,0,0,2,0,0,0,0,0,1,0,1,1,1,1,1
playarprint.com,0,0,1,2,0,0,1,0,0,1,0,0,0,0,1,0
cs25882.tmweb.ru,0,0,0,0,0,0,0,0,0,1,0,0,0,0,1,0
mail.wealthwelldone.net,0,0,0,0,0,0,0,0,0,1,1,1,1,1,1,1
185.224.130.67,1,0,0,0,0,0,0,0,0,1,0,1,0,0,1,0
atendimento-pg-series.joomla.com,0,0,1,3,0,0,0,1,0,1,0,1,0,0,1,0
avrentsandiego.org,0,0,1,2,0,0,0,0,0,1,1,1,0,0,1,0
trbetasusgiiris2.blogspot.com,0,0,0,0,0,0,1,0,1,1,1,1,0,0,1,0
cimslp-my.sharepoint.com,0,0,1,7,0,0,1,1,0,1,1,1,0,0,1,0
grantland.com,0,0,1,1,0,0,0,0,0,1,1,1,0,0,1,0
itaulimite.com,0,0,0,0,0,0,0,0,0,1,0,1,0,0,1,0
gcspolk.com,0,0,0,3,0,0,0,0,0,1,0,1,0,0,1,0
blog.cellprofiler.org,0,0,1,1,0,0,0,0,0,0,0,1,0,0,1,0
seetflix.tumblr.com,0,0,0,0,0,0,0,0,0,1,1,1,0,0,1,0
services.runescape.com-m.cc,0,0,0,0,0,0,0,1,0,1,1,1,0,0,1,0
grantland.com,0,0,1,2,0,0,0,0,0,1,1,1,0,0,1,0
olampicoer.blogspot.com,0,0,0,3,0,0,1,0,1,1,1,1,0,0,1,0
tony-ng.com,0,0,0,2,0,0,0,1,0,1,0,0,0,0,1,0
elgabalawy.com,0,0,0,1,0,0,0,0,0,0,0,1,0,0,1,0
observatoriodeourofino.com.br,0,0,1,4,0,0,0,0,0,0,1,1,0,0,1,0
mattfitterer.com,0,0,1,2,0,0,0,0,0,1,0,1,0,0,1,0
liquidatudoomagazineluiza.com,0,0,1,2,0,0,0,0,0,1,0,1,0,0,1,0
ncubedd.com,0,0,0,2,0,0,0,0,0,1,0,1,0,0,1,0
capefencingguy.co.za,0,0,0,1,0,0,0,0,0,0,1,1,0,0,1,0
bet365cp.net,0,0,0,2,0,0,0,0,0,1,1,1,0,0,1,0
qz.com,0,0,1,4,0,0,0,0,0,1,0,1,0,0,1,0
taxpark.com,0,0,0,3,0,0,0,0,1,1,1,1,0,0,1,0
jjj.snprobbx.pbz.r.de.a2ip.ru,0,0,0,1,0,0,0,0,1,1,1,1,0,1,1,0
wpcorporate.sfdevserver.com,0,0,1,10,0,0,0,0,0,0,0,0,0,0,1,0
thegioisport.com,0,0,1,5,0,0,1,0,0,0,0,1,0,0,1,0
icipedudu-my.sharepoint.com,0,0,1,7,0,0,1,1,0,0,1,1,0,0,1,0
vccomfreestiker.000webhostapp.com,0,0,0,0,0,0,0,0,0,1,0,1,0,0,1,0
astrologysikhen.com,0,0,0,2,0,0,0,0,0,1,0,0,0,0,1,0
tiseopavingco-my.sharepoint.com,0,0,1,7,0,0,1,1,0,1,1,1,0,0,1,0
thebankbandb.com.au,0,0,1,5,0,0,0,0,1,1,1,1,1,1,1,1
portraitomar.net,0,0,0,3,0,0,0,0,0,0,0,1,1,1,1,1
web.de,0,0,1,4,0,0,0,0,0,1,1,1,0,0,1,0
pastimenangqq101.com,0,0,0,3,0,0,0,0,0,1,1,1,0,0,1,0
commercialinvestingcenter.com,0,0,1,3,0,0,0,0,0,1,0,1,0,0,1,0
hdhightemperaturewire.com,0,0,0,3,0,0,0,0,0,1,0,0,0,0,1,0
steamcommunity-proxy.51ias.com,0,0,1,2,0,0,0,1,0,0,0,1,0,0,1,0
b96202rc.beget.tech,0,0,0,0,0,0,0,0,0,1,0,1,0,0,1,0
mailadminstrators.top,0,1,1,1,0,0,0,0,0,1,1,1,0,0,1,0
beautifulnessshine.com,0,0,0,1,1,0,0,0,0,0,0,1,0,0,1,0
usbpaper.com,0,0,0,1,0,0,0,0,0,1,0,1,0,0,1,1
betasusguncelgirisimiz4.blogspot.com,0,0,0,0,0,0,1,0,1,1,1,1,0,0,1,0
wonderpillars.in,0,0,0,3,0,0,0,0,0,1,1,1,0,0,1,0
sites.google.com,0,0,1,3,0,0,0,0,0,1,1,1,0,0,1,0
jalopnik.com,0,0,1,1,0,0,0,0,0,1,1,0,0,0,1,0
variety.com,0,0,1,5,0,0,0,0,0,1,0,0,0,0,1,0
houseoftiresbcs.com,0,0,0,4,0,0,0,0,0,1,0,0,0,0,1,0
docerom.ro,0,0,0,2,0,0,0,0,0,1,0,0,0,0,1,0
tik.info.pl,0,0,1,8,0,0,0,0,0,1,0,0,0,0,1,0
davidsonandbeks.com,0,0,0,2,0,0,0,0,1,1,1,1,0,0,1,0
appviagespontosbr.com,0,0,1,6,0,0,0,0,0,1,0,1,0,0,1,0
maximusmovingup.com,0,0,0,2,0,0,0,0,0,1,0,1,0,0,1,0
oneplus.net,0,0,1,3,0,0,0,0,0,0,1,0,0,0,1,1
heppler.ch.net2care.com,0,0,1,3,1,0,0,0,0,0,0,0,0,0,1,0
micromode53.xyz,0,0,1,5,0,0,0,0,1,1,1,1,1,1,1,1
class.britishonline.co,0,0,1,2,0,0,0,0,0,0,0,1,0,0,1,0
elettricistapavia.it,0,0,0,2,0,0,0,0,0,1,0,0,0,0,1,0
airbnb.listing-429302.com,0,0,0,1,0,0,0,1,0,1,0,1,0,0,1,0
kukubun.com,0,0,0,3,0,0,0,0,0,1,1,1,0,0,1,0
lpatrick.com,0,0,1,3,0,0,0,0,0,1,1,1,0,0,1,0
blubrown.com,0,0,1,5,0,0,0,0,0,1,0,1,0,0,1,0
safgg34rfdfweqdas.epizy.com,0,0,1,3,0,0,0,0,0,1,0,1,0,0,1,0
netflix.hotmaster.dns-cloud.net,0,0,1,3,0,0,0,1,0,0,0,0,0,0,1,0
parafiaczarkow.ns48.pl,0,0,1,6,0,0,0,0,0,1,0,1,0,0,1,0
perezhilton.com,0,0,1,1,0,0,0,0,0,1,0,1,0,0,1,0
godrejproperties-thane.co.in,0,0,0,1,0,0,0,1,0,1,0,1,0,0,1,0
stereovision.biz,0,0,1,4,0,0,0,0,0,1,0,1,0,0,1,0
mne.edu.vn,0,0,1,4,0,0,0,0,1,0,1,1,0,0,1,0
phytoger.com,0,0,0,1,0,0,0,0,0,1,0,1,0,0,1,0
lapostebanquet.com,0,0,0,2,0,0,1,0,0,1,0,1,0,0,1,0
orgogenlabs.com,0,0,1,6,0,0,0,0,0,1,0,1,0,0,1,0
mnstuff.com,0,0,0,3,0,0,0,0,0,1,0,0,0,0,1,0
turkmcse.com,0,0,0,2,0,0,0,0,0,1,0,1,0,0,1,0
muggetlogin.oa.r.appspot.com,0,0,0,1,0,0,1,0,1,1,1,1,0,0,1,0
goldcoastships.com,0,0,0,4,0,0,0,0,0,1,0,1,0,0,1,0
secured.signin.eday.de.ws.isapi.view.item.3985503121144.hashitemtqzoxvwlexexrpz9ntfww2e2onn9s0b.reiadv.com,0,0,1,0,0,0,0,0,0,1,0,1,0,0,1,0
j-books.jp,0,0,0,1,0,0,0,1,0,1,1,1,0,0,1,0
correios.com.br,0,0,1,6,0,0,0,0,0,1,1,1,0,0,1,0
web.de,0,0,1,6,0,0,0,0,0,1,1,1,0,0,1,0
keng.ml,0,0,0,3,0,0,0,0,0,1,1,1,0,0,1,0
ayzam.com,0,0,0,3,0,0,0,0,0,1,0,1,0,0,1,0
kidms.com,0,0,1,7,0,0,0,0,0,0,0,1,0,0,1,0
secure.runescape.com-ars.xyz,0,0,1,2,0,0,0,1,0,1,0,1,1,1,1,1
amieriouerscass.com,0,0,0,0,0,0,0,0,0,1,0,1,0,0,1,0
eaglewebster.net,0,0,0,1,0,0,0,0,1,1,1,1,0,0,1,0
bodybytoddondemand.com,0,0,1,6,0,0,0,0,0,1,0,0,0,0,1,0
aomrottami.it,0,1,1,2,0,0,0,0,0,1,0,0,0,0,1,0
innovativemobilephonemarketing.com,0,0,0,1,0,0,0,0,0,1,0,1,0,0,1,0
grandmarketltd.co.uk,0,0,1,7,0,0,0,0,0,1,0,1,0,0,1,0
cwmrc.org,0,0,0,2,0,0,0,0,0,1,0,0,0,0,1,0
rules-all.web.app,0,0,0,0,0,0,0,1,0,1,0,1,0,0,1,0
tokokainbandung.com,0,0,1,10,0,0,0,0,1,1,1,1,0,1,1,0
accountserver.activeinformation.top,0,0,0,0,0,0,0,0,0,1,0,1,1,1,1,1
alpha-mail-server2.ddns.info,0,0,1,1,0,0,0,1,0,0,0,0,0,0,1,0
h.23yue.cn,0,0,0,0,0,0,0,0,0,0,0,1,0,0,1,0
mail.damclub020.nl,0,0,1,2,0,0,0,0,0,1,1,1,0,0,1,0
colorworxonline.com,0,0,0,0,0,0,0,0,0,1,0,1,0,0,1,0
allrecipes.com,0,0,1,3,0,0,0,0,1,1,1,1,0,0,1,1
debbyfoodshop.com,0,0,1,5,0,0,0,0,0,1,1,1,0,0,1,0
ig-fosa.ch,0,0,0,2,0,0,0,1,0,1,1,1,0,0,1,0
itacardacesso.com,0,0,1,4,0,0,0,0,0,1,0,1,0,0,1,0
verfiayiosnmerer.com,0,0,1,4,0,0,0,0,0,0,0,0,0,0,1,0
runescape-mobile.ru,0,0,0,0,0,0,0,1,0,1,0,1,0,0,1,0
s.yam.com,0,0,0,1,0,0,0,0,0,1,0,0,0,0,1,0
docs.google.com,0,0,1,2,0,0,0,0,0,1,1,1,0,0,1,0
sourceforge.net,0,0,1,3,0,0,0,0,1,1,1,1,1,1,1,1
airikinsulation.com,0,0,1,7,0,0,0,0,0,0,1,1,0,0,1,0
fortune.com,0,0,1,4,0,0,0,0,0,1,1,1,0,0,1,0
verizon-wirelesscustomerservice.com,0,0,0,0,0,0,0,1,0,1,0,1,0,0,1,0
projecthal.info,0,0,0,2,0,0,0,0,0,1,0,0,0,0,1,0
cobrodesa.com,0,0,0,3,0,0,0,0,0,1,0,1,0,0,1,0
chad-moore.com,0,0,0,1,0,0,0,1,0,1,0,1,0,0,1,0
evernote.com,0,0,1,3,0,0,0,0,0,1,0,1,0,0,1,0
lqw9r6y8q.codesandbox.io,0,0,0,1,0,0,0,0,0,0,0,1,0,0,1,0
paxful.cam,0,0,0,1,0,0,0,0,0,1,1,1,0,0,1,0
sriutamahub.com,0,0,1,2,0,0,0,0,0,0,0,0,0,0,1,0
perfectimpactgolf.com,0,0,1,3,0,0,0,0,0,1,0,1,0,0,1,0
acercandoelcine.cl,0,1,1,3,0,0,0,0,0,1,0,1,0,0,1,0
sberbank.ru,0,0,1,9,0,0,0,0,0,1,0,0,0,0,1,1
am-t.by,0,0,0,5,0,0,0,1,0,1,0,1,0,0,1,0
c90521v3.beget.tech,0,0,0,0,0,0,0,0,0,1,0,1,1,1,1,1
hostpoint.ch.hebetec.ch.p2aexpertise.com,0,0,1,1,0,0,0,0,0,1,0,0,0,0,1,0
lowmanids.buzz,0,0,1,5,0,0,0,0,0,1,1,1,0,0,1,0
a0434422.xsph.ru,0,0,0,2,0,0,0,0,0,0,0,0,0,0,1,0
fb-recovery-10000076904-it.tk,0,0,1,1,0,0,0,1,0,1,1,1,1,1,1,1
l7n2.com,0,0,1,6,0,0,0,0,0,1,0,1,0,0,1,0
rakuten.co.jp.wshtkh.ph,0,0,0,1,0,0,0,0,1,1,1,1,0,0,1,0
mktameri.com,0,0,0,0,0,0,0,0,0,1,0,1,0,0,1,0
distractify.com,0,0,1,10,0,0,0,0,0,1,0,1,0,0,1,0
slempresas.com.br,0,0,0,0,0,0,0,0,0,1,0,0,0,0,1,0
espn.go.com,0,0,1,8,0,0,0,0,0,1,1,1,0,0,1,0
banklineitauon.com,0,0,1,2,0,0,0,0,1,1,1,1,1,1,1,1
bankofamerica.name,0,0,0,0,0,0,0,0,0,1,1,1,0,0,1,0
3jba.com,0,0,1,8,0,0,0,0,0,1,0,1,0,0,1,0
ugaflix.com,0,0,1,5,0,0,1,0,0,1,1,1,0,0,1,0
ondietclub.gr,0,0,0,4,0,0,0,0,0,1,1,1,0,0,1,0
themesradar.com,0,0,1,7,0,0,0,0,0,1,0,0,0,0,1,0
ifttt.com,0,0,1,2,0,0,1,0,0,1,0,0,0,0,1,0
mail.personalportfolio.com.au,0,0,0,0,0,0,0,0,0,1,1,1,0,0,1,0
tsgesg.jdim.com.cn,0,0,0,0,0,0,0,0,0,1,0,0,0,0,1,0
sanoltechnologies.com,0,0,0,2,0,0,0,0,0,0,0,1,0,0,1,0
olx.ua,0,0,1,3,0,0,0,0,0,1,1,1,0,0,1,0
sites.google.com,0,0,1,2,0,0,0,0,0,1,1,1,0,0,1,0
meduchet.com,0,0,1,7,0,0,1,0,0,0,0,0,1,0,1,0
atxr.000webhostapp.com,0,0,0,3,0,0,0,0,0,1,0,1,0,0,1,0
olx.ua,0,0,1,2,0,0,0,0,0,1,1,1,0,0,1,0
istanbulasiklari.com,0,0,0,3,0,0,0,0,0,1,1,1,0,0,1,0
chase-verification.diligencees.com,0,0,1,2,0,0,0,1,0,1,0,0,1,1,1,1
lachambredezoe.fr,0,0,0,0,0,0,0,0,0,1,0,1,0,0,1,0
allparts.jo.by,0,0,0,3,0,0,0,0,0,1,0,1,0,0,1,0
wilstv.com,0,0,0,3,0,0,0,0,0,1,0,1,0,0,1,0
ht.ly,0,0,0,1,0,0,0,0,0,0,1,1,0,0,1,1
totaloverland.com,0,0,0,3,0,0,0,0,0,1,0,1,0,1,1,0
persianblog.ir,0,0,1,4,0,0,0,0,1,1,1,1,1,1,1,1
iceyouroffice.com,0,0,1,2,0,0,0,0,0,1,0,1,0,0,1,0
admin97759.typeform.com,0,0,0,2,0,0,0,0,0,1,0,0,0,0,1,0
uniclazz.joomla.com,0,0,1,2,0,0,0,0,0,1,0,1,0,0,1,0
telegraf.com.ua,0,0,1,2,0,0,0,0,0,1,1,1,0,0,1,0
chinajinfang.com,0,0,0,1,0,0,0,0,0,1,1,1,0,0,1,0
