URL_Length,Domain_Length,Path_Length,Query_Length,Num_Dots,Num_Hyphens,Num_Underscores,Num_Slashes,Num_Digits,Num_Special_Chars,Num_Subdomains,Has_IP,Has_HTTPS,Has_At_Symbol,Has_Prefix_Suffix,Has_Redirection,Tiny_URL,Suspicious_Keyword_Count,Contains_Login,Contains_Verify,Contains_Update,Contains_Bank,Contains_Secure,Entropy,label
55,48,0,0,3,5,0,2,2,11,2,0,0,0,1,0,0,0,0,0,0,0,0,4.3833,1
28,21,0,0,3,1,0,2,0,7,1,0,0,0,1,0,0,0,0,0,0,0,0,3.9233,0
25,18,0,0,2,0,0,2,0,5,0,0,0,0,0,0,1,0,0,0,0,0,0,4.0235,0
20,13,0,0,2,0,0,2,0,5,0,0,0,0,0,0,0,0,0,0,0,0,0,3.5842,0
31,24,0,0,2,0,0,2,0,5,1,0,0,0,0,0,0,0,0,0,0,0,0,4.0266,0
34,27,0,0,2,0,0,2,2,5,1,0,0,0,0,0,0,0,0,0,0,0,0,4.0545,1
33,26,0,0,2,0,0,2,0,5,0,0,0,0,0,0,0,0,0,0,0,0,0,4.0289,0
20,13,0,0,3,0,0,2,0,6,1,0,0,0,0,0,0,0,0,0,0,0,0,3.6464,1
22,15,0,0,2,0,0,2,0,5,1,0,0,0,0,0,0,0,0,0,0,0,0,3.8231,1
36,29,0,0,2,2,0,2,3,7,1,0,0,0,1,0,0,0,0,0,0,0,0,4.1835,1
28,21,0,0,2,0,0,2,0,5,0,0,0,0,0,0,0,0,0,0,0,0,0,3.7979,0
29,22,0,0,1,0,0,2,0,4,0,0,0,0,0,0,0,0,0,0,0,0,0,3.9783,1
37,30,0,0,3,0,0,2,0,6,2,0,0,0,0,0,0,0,0,0,0,0,0,4.1212,0
21,14,0,0,2,0,0,2,0,5,0,0,0,0,0,0,0,0,0,0,0,0,0,3.7849,0
23,16,0,0,1,1,0,2,0,5,0,0,0,0,1,0,0,0,0,0,0,0,0,3.741,1
31,24,0,0,2,2,0,2,0,7,1,0,0,0,1,0,0,1,0,0,1,0,0,3.8489,1
17,10,0,0,2,0,0,2,0,5,1,0,0,0,0,0,0,0,0,0,0,0,0,3.3372,1
41,34,0,0,3,0,0,2,0,6,2,0,0,0,0,0,0,0,0,0,0,0,0,4.0227,0
28,21,0,0,3,0,0,2,0,6,1,0,0,0,0,0,0,0,0,0,0,0,0,4.182,0
21,14,0,0,1,0,0,2,1,4,0,0,0,0,0,0,0,0,0,0,0,0,0,3.749,1
23,16,0,0,1,0,0,2,0,4,0,0,0,0,0,0,0,0,0,0,0,0,0,3.7081,1
24,17,0,0,2,0,0,2,0,5,1,0,0,0,0,0,1,0,0,0,0,0,0,3.8554,0
18,11,0,0,1,0,0,2,0,4,0,0,0,0,0,0,1,0,0,0,0,0,0,3.7947,1
27,20,0,0,2,0,0,2,0,5,0,0,0,0,0,0,0,0,0,0,0,0,0,3.9121,1
26,19,0,0,2,0,0,2,0,5,0,0,0,0,0,0,0,0,0,0,0,0,0,3.9022,0
13,6,0,0,1,0,0,2,0,4,0,0,0,0,0,0,1,0,0,0,0,0,0,3.1808,1
32,25,0,0,2,2,0,2,5,7,1,0,0,0,1,0,0,0,0,0,0,0,0,4.0778,1
28,21,0,0,2,0,0,2,0,5,0,0,0,0,0,0,1,0,0,0,0,0,0,3.8249,0
24,17,0,0,2,0,0,2,2,5,1,0,0,0,0,0,0,0,0,0,0,0,0,3.7721,1
20,13,0,0,2,0,0,2,0,5,1,0,0,0,0,0,0,0,0,0,0,0,0,3.6219,0
22,15,0,0,2,0,0,2,0,5,0,0,0,0,0,0,0,0,0,0,0,0,0,3.8797,0
38,31,0,0,2,2,0,2,5,7,1,0,0,0,1,0,0,0,0,0,0,0,0,4.1658,1
30,23,0,0,2,0,0,2,0,5,1,0,0,0,0,0,0,0,0,0,0,0,0,3.9362,1
18,11,0,0,2,0,0,2,0,5,0,0,0,0,0,0,0,0,0,0,0,0,0,3.4613,0
35,28,0,0,3,0,0,2,0,6,1,0,0,0,0,0,0,0,0,0,0,0,0,4.022,0
18,11,0,0,2,0,0,2,0,5,0,0,0,0,0,0,0,0,0,0,0,0,0,3.4613,0
22,15,0,0,2,0,0,2,0,5,0,0,0,0,0,0,0,0,0,0,0,0,0,3.9706,0
18,11,0,0,2,0,0,2,0,5,0,0,0,0,0,0,0,0,0,0,0,0,0,3.4613,0
24,17,0,0,1,0,0,2,0,4,0,0,0,0,0,0,0,0,0,0,0,0,0,3.6054,1
25,18,0,0,2,0,0,2,0,5,0,0,0,0,0,0,0,0,0,0,0,0,0,3.9435,1
29,22,0,0,2,1,0,2,4,6,1,0,0,0,1,0,0,0,0,0,0,0,0,4.1592,1
25,18,0,0,2,0,0,2,0,5,0,0,0,0,0,0,0,0,0,0,0,0,0,3.3835,0
27,20,0,0,2,0,0,2,0,5,1,0,0,0,0,0,0,0,0,0,0,0,0,3.838,0
34,27,0,0,2,0,0,2,2,5,1,0,0,0,0,0,0,0,0,0,0,0,0,4.0767,1
24,17,0,0,2,0,0,2,0,5,0,0,0,0,0,0,0,0,0,0,0,0,0,3.6887,0
28,21,0,0,3,1,0,2,0,7,1,0,0,0,1,0,0,0,0,0,0,0,0,3.9233,0
16,9,0,0,1,0,0,2,0,4,0,0,0,0,0,0,0,0,0,0,0,0,0,3.4528,1
20,13,0,0,1,0,0,2,0,4,0,0,0,0,0,0,0,0,0,0,0,0,0,3.7219,1
37,30,0,0,2,1,0,2,3,6,1,0,0,0,1,0,0,1,0,0,0,0,0,4.2222,1
30,23,0,0,2,0,0,2,0,5,0,0,0,0,0,0,0,0,0,0,0,0,0,3.9647,0
19,12,0,0,1,0,0,2,0,4,0,0,0,0,0,0,0,0,0,0,0,0,0,3.6819,1
36,29,0,0,2,1,0,2,0,6,1,0,0,0,1,0,0,0,0,0,0,0,0,3.8611,1
13,6,0,0,1,0,0,2,0,4,0,0,0,0,0,0,1,0,0,0,0,0,0,3.1808,1
20,13,0,0,1,0,0,2,0,4,0,0,0,0,0,0,0,0,0,0,0,0,0,3.7842,1
33,26,0,0,2,0,0,2,0,5,0,0,0,0,0,0,0,0,0,0,0,0,0,4.0061,0
33,26,0,0,2,0,0,2,0,5,0,0,0,0,0,0,0,0,0,0,0,0,0,4.0518,1
28,21,0,0,3,0,0,2,0,6,1,0,0,0,0,0,0,0,0,0,0,0,0,4.0391,0
23,16,0,0,2,0,0,2,0,5,0,0,0,0,0,0,0,0,0,0,0,0,0,3.7623,0
37,30,0,0,2,0,0,2,0,5,0,0,0,0,0,0,0,0,0,0,0,0,0,3.9795,0
20,13,0,0,2,0,0,2,0,5,0,0,0,0,0,0,0,0,0,0,0,0,0,3.4464,0
23,16,0,0,3,0,0,2,0,6,1,0,0,0,0,0,0,0,0,0,0,0,0,3.6753,0
29,22,0,0,2,0,0,2,0,5,1,0,0,0,0,0,0,0,0,0,0,0,0,4.0473,1
43,36,0,0,2,2,0,2,4,7,1,0,0,0,1,0,0,0,0,0,0,0,0,4.284,1
18,11,0,0,2,0,0,2,0,5,0,0,0,0,0,0,0,0,0,0,0,0,0,3.3921,0
20,13,0,0,1,0,0,2,0,4,0,0,0,0,0,0,0,0,0,0,0,0,0,3.6842,0
22,15,0,0,2,0,0,2,0,5,0,0,0,0,0,0,0,0,0,0,0,0,0,3.5726,1
21,14,0,0,2,0,0,2,0,5,0,0,0,0,0,0,0,0,0,0,0,0,0,3.7849,0
25,18,0,0,2,1,0,2,0,6,0,0,0,0,1,0,0,0,0,0,0,0,0,3.8937,0
19,12,0,0,2,0,0,2,0,5,1,0,0,0,0,0,0,0,0,0,0,0,0,3.5111,1
30,23,0,0,2,1,0,2,4,6,1,0,0,0,1,0,0,1,0,0,0,0,0,4.0566,1
21,14,0,0,1,0,0,2,0,4,0,0,0,0,0,0,0,0,0,0,0,0,0,3.7257,1
27,20,0,0,2,0,0,2,0,5,0,0,0,0,0,0,1,0,0,0,0,0,0,3.6303,0
28,21,0,0,3,0,0,2,0,6,1,0,0,0,0,0,0,0,0,0,0,0,0,4.182,0
24,17,0,0,1,0,0,2,0,4,0,0,0,0,0,0,0,0,0,0,0,0,0,4.085,0
29,22,0,0,2,2,0,2,0,7,1,0,0,0,1,0,0,0,0,0,0,0,0,3.9783,1
32,25,0,0,2,2,0,2,3,7,1,0,0,0,1,0,0,0,0,0,0,0,0,3.9139,1
27,20,0,0,2,0,0,2,0,5,0,0,0,0,0,0,0,0,0,0,0,0,0,4.0603,1
22,15,0,0,2,0,0,2,0,5,0,0,0,0,0,0,0,0,0,0,0,0,0,3.7544,0
25,18,0,0,2,0,0,2,0,5,0,0,0,0,0,0,1,0,0,0,0,0,0,3.9435,0
27,20,0,0,2,0,0,2,0,5,0,0,0,0,0,0,0,0,0,0,0,0,0,3.9303,0
19,12,0,0,2,0,0,2,0,5,1,0,0,0,0,0,0,0,0,0,0,0,0,3.7216,1
18,11,0,0,2,0,0,2,0,5,0,0,0,0,0,0,0,0,0,0,0,0,0,3.4613,0
25,18,0,0,1,2,0,2,0,6,0,0,0,0,1,0,0,0,0,0,0,0,0,3.7533,1
22,15,0,0,2,0,0,2,0,5,0,0,0,0,0,0,0,0,0,0,0,0,0,3.6635,0
18,11,0,0,2,0,0,2,0,5,0,0,0,0,0,0,0,0,0,0,0,0,0,3.4613,0
22,15,0,0,2,0,0,2,0,5,0,0,0,0,0,0,0,0,0,0,0,0,0,3.8797,0
24,17,0,0,1,0,0,2,0,4,0,0,0,0,0,0,0,0,0,0,0,0,0,3.9387,1
25,18,0,0,3,0,0,2,0,6,1,0,0,0,0,0,0,0,0,0,0,0,0,3.7493,0
29,22,0,0,2,0,0,2,0,5,0,0,0,0,0,0,0,0,0,0,0,0,0,3.9783,1
23,16,0,0,3,0,0,2,0,6,1,0,0,0,0,0,0,0,0,0,0,0,0,3.6753,0
30,23,0,0,2,2,0,2,1,7,1,0,0,0,1,0,0,0,0,0,0,0,0,4.0314,1
25,18,0,0,2,0,0,2,0,5,0,0,0,0,0,0,0,0,0,0,0,0,0,4.0537,0
27,20,0,0,2,0,0,2,0,5,1,0,0,0,0,0,0,0,0,0,0,0,0,3.9862,1
37,30,0,0,2,0,0,2,0,5,1,0,0,0,0,0,0,0,0,0,0,0,0,4.1957,1
20,13,0,0,2,0,0,2,0,5,0,0,0,0,0,0,0,0,0,0,0,0,0,3.5464,0
26,19,0,0,2,0,0,2,0,5,0,0,0,0,0,0,0,0,0,0,0,0,0,3.9501,0
28,21,0,0,2,0,0,2,0,5,0,0,0,0,0,0,0,0,0,0,0,0,0,3.9677,0
21,14,0,0,2,1,0,2,0,6,0,0,0,0,1,0,0,0,0,0,0,0,0,3.4992,0
18,11,0,0,1,1,0,2,0,5,0,0,0,0,1,0,0,0,0,0,0,0,0,3.6835,1
20,13,0,0,1,0,0,2,0,4,0,0,0,0,0,0,0,0,0,0,0,0,0,3.6219,1
18,11,0,0,2,0,0,2,0,5,0,0,0,0,0,0,0,0,0,0,0,0,0,3.4613,0
21,14,0,0,1,0,0,2,0,4,0,0,0,0,0,0,0,0,0,0,0,0,0,3.5945,1
24,17,0,0,2,0,0,2,0,5,0,0,0,0,0,0,0,0,0,0,0,0,0,3.6887,0
26,19,0,0,3,0,0,2,2,6,2,0,0,0,0,0,0,0,0,0,0,0,0,3.7483,0
18,11,0,0,2,0,0,2,0,5,0,0,0,0,0,0,0,0,0,0,0,0,0,3.4613,0
27,20,0,0,1,0,0,2,0,4,0,0,0,0,0,0,0,0,0,0,0,0,0,3.8562,1
29,22,0,0,2,0,0,2,0,5,0,0,0,0,0,0,0,0,0,0,0,0,0,3.837,1
23,16,0,0,1,0,0,2,0,4,0,0,0,0,0,0,0,0,0,0,0,0,0,3.6425,1
18,11,0,0,1,0,0,2,0,4,0,0,0,0,0,0,0,0,0,0,0,0,0,3.6835,1
32,25,0,0,2,0,0,2,0,5,0,0,0,0,0,0,0,0,0,0,0,0,0,3.8667,0
18,11,0,0,2,0,0,2,0,5,0,0,0,0,0,0,0,0,0,0,0,0,0,3.4613,0
25,18,0,0,2,0,0,2,0,5,1,0,0,0,0,0,0,0,0,0,0,0,0,3.9239,0
27,20,0,0,2,0,0,2,0,5,0,0,0,0,0,0,0,0,0,0,0,0,0,3.8842,0
23,16,0,0,2,0,0,2,0,5,1,0,0,0,0,0,0,0,0,0,0,0,0,3.9149,0
17,10,0,0,1,1,0,2,0,5,0,0,0,0,1,0,0,0,0,0,0,0,0,3.5725,1
20,13,0,0,1,0,0,2,2,4,0,0,0,0,0,0,0,0,0,0,0,0,0,3.4464,1
21,14,0,0,2,0,0,2,0,5,1,0,0,0,0,0,0,0,0,0,0,0,0,3.5945,1
37,30,0,0,3,0,0,2,0,6,2,0,0,0,0,0,0,0,0,0,0,0,0,4.1212,0
38,31,0,0,2,2,0,2,0,7,0,0,0,0,1,0,0,0,0,0,0,0,0,4.1883,1
23,16,0,0,2,0,0,2,0,5,1,0,0,0,0,0,0,0,0,0,0,0,0,4.0018,1
33,26,0,0,2,2,0,2,6,7,1,0,0,0,1,0,0,0,0,0,0,0,0,4.1502,1
23,16,0,0,2,0,0,2,0,5,0,0,0,0,0,0,1,0,0,0,0,0,0,3.6753,0
26,19,0,0,2,0,0,2,3,5,0,0,0,0,0,0,0,0,0,0,0,0,0,4.1039,0
23,16,0,0,1,0,0,2,0,4,0,0,0,0,0,0,1,0,0,0,0,0,0,3.5227,1
20,13,0,0,2,0,0,2,1,5,0,0,0,0,0,0,1,0,0,0,0,0,0,3.5464,0
24,17,0,0,2,0,0,2,0,5,0,0,0,0,0,0,0,0,0,0,0,0,0,3.6887,0
22,15,0,0,2,0,0,2,0,5,0,0,0,0,0,0,0,0,0,0,0,0,0,3.5726,0
23,16,0,0,2,0,0,2,0,5,0,0,0,0,0,0,0,0,0,0,0,0,0,3.882,0
23,16,0,0,1,1,0,2,0,5,0,0,0,0,1,0,0,0,0,0,0,0,0,4.056,1
21,14,0,0,2,0,0,2,0,5,0,0,0,0,0,0,1,0,0,0,0,0,0,3.5585,0
27,20,0,0,2,0,0,2,0,5,1,0,0,0,0,0,0,0,0,0,0,0,0,3.9303,1
18,11,0,0,2,0,0,2,0,5,0,0,0,0,0,0,0,0,0,0,0,0,0,3.4613,0
27,20,0,0,2,0,0,2,0,5,0,0,0,0,0,0,0,0,0,0,0,0,0,3.6764,0
42,35,0,0,1,3,0,2,0,7,0,0,0,0,1,0,0,1,0,0,0,0,1,4.1299,1
25,18,0,0,3,0,0,2,0,6,1,0,0,0,0,0,0,0,0,0,0,0,0,3.7337,0
25,18,0,0,1,0,0,2,0,4,0,0,0,0,0,0,0,0,0,0,0,0,0,3.8635,1
18,11,0,0,2,0,0,2,0,5,0,0,0,0,0,0,0,0,0,0,0,0,0,3.4613,0
26,19,0,0,2,1,0,2,0,6,0,0,0,0,1,0,0,0,0,0,0,0,0,3.9791,0
67,60,0,0,3,20,0,2,0,26,2,0,0,0,1,0,0,3,1,0,0,0,0,3.7364,1
28,21,0,0,2,0,0,2,0,5,0,0,0,0,0,0,0,0,0,0,0,0,0,3.9408,0
20,13,0,0,1,0,0,2,0,4,0,0,0,0,0,0,0,0,0,0,0,0,0,3.5842,1
19,12,0,0,1,0,0,2,0,4,0,0,0,0,0,0,0,0,0,0,0,0,0,3.5766,1
22,15,0,0,2,0,0,2,0,5,1,0,0,0,0,0,0,0,0,0,0,0,0,3.914,1
19,12,0,0,3,0,0,2,9,6,2,1,0,0,0,0,0,0,0,0,0,0,0,3.5766,1
21,14,0,0,1,0,0,2,0,4,0,0,0,0,0,0,0,0,0,0,0,0,0,3.7849,1
28,21,0,0,3,0,0,2,0,6,1,0,0,0,0,0,0,0,0,0,0,0,0,4.182,0
29,22,0,0,2,0,0,2,0,5,1,0,0,0,0,0,0,0,0,0,0,0,0,4.0304,1
37,30,0,0,2,2,0,2,0,7,1,0,0,0,1,0,0,2,0,0,0,0,0,3.9492,1
28,21,0,0,3,1,0,2,0,7,1,0,0,0,1,0,0,0,0,0,0,0,0,3.9233,0
30,23,0,0,2,2,0,2,0,7,1,0,0,0,1,0,0,0,0,0,0,0,0,4.1069,1
20,13,0,0,2,0,0,2,0,5,1,0,0,0,0,0,0,0,0,0,0,0,0,3.7219,0
27,20,0,0,2,0,0,2,6,5,1,0,0,0,0,0,0,0,0,0,0,0,0,3.9582,1
26,19,0,0,2,0,0,2,0,5,0,0,0,0,0,0,0,0,0,0,0,0,0,3.9022,0
26,19,0,0,1,1,0,2,0,5,0,0,0,0,1,0,0,0,0,0,0,0,0,3.9791,1
28,21,0,0,1,0,0,2,0,4,0,0,0,0,0,0,0,0,0,0,0,0,0,4.0661,1
23,16,0,0,3,0,0,2,0,6,1,0,0,0,0,0,0,0,0,0,0,0,0,3.6753,0
18,11,0,0,2,0,0,2,0,5,0,0,0,0,0,0,0,0,0,0,0,0,0,3.4613,0
18,11,0,0,2,0,0,2,0,5,0,0,0,0,0,0,0,0,0,0,0,0,0,3.4613,0
24,17,0,0,2,0,0,2,0,5,0,0,0,0,0,0,0,0,0,0,0,0,0,3.6887,0
28,21,0,0,2,0,0,2,0,5,0,0,0,0,0,0,0,0,0,0,0,0,0,3.9947,0
27,20,0,0,2,0,0,2,0,5,0,0,0,0,0,0,0,0,0,0,0,0,0,3.6521,1
18,11,0,0,2,0,0,2,0,5,1,0,0,0,0,0,0,0,0,0,0,0,0,3.7255,0
20,13,0,0,2,0,0,2,0,5,0,0,0,0,0,0,0,0,0,0,0,0,0,3.4842,1
33,26,0,0,2,2,0,2,6,7,1,0,0,0,1,0,0,0,0,0,0,0,0,4.0896,1
18,11,0,0,2,0,0,2,0,5,0,0,0,0,0,0,0,0,0,0,0,0,0,3.4613,0
18,11,0,0,1,0,0,2,0,4,0,0,0,0,0,0,1,0,0,0,0,0,0,3.7947,1
25,18,0,0,2,1,0,2,0,6,0,0,0,0,1,0,0,0,0,0,0,0,0,3.8333,0
26,19,0,0,2,1,0,2,2,6,1,0,0,0,1,0,0,1,0,0,0,0,0,4.0081,1
25,18,0,0,2,0,0,2,0,5,0,0,0,0,0,0,0,0,0,0,0,0,0,3.6039,0
33,26,0,0,2,2,0,2,6,7,1,0,0,0,1,0,0,0,0,0,0,0,0,4.1502,1
18,11,0,0,2,0,0,2,0,5,0,0,0,0,0,0,0,0,0,0,0,0,0,3.4613,0
30,23,0,0,2,0,0,2,0,5,0,0,0,0,0,0,0,0,0,0,0,0,0,3.8029,0
31,24,0,0,2,0,0,2,0,5,0,0,0,0,0,0,0,0,0,0,0,0,0,3.9536,0
30,23,0,0,1,0,0,2,0,4,0,0,0,0,0,0,0,0,0,0,0,0,0,3.7069,1
24,17,0,0,2,1,0,2,4,6,1,0,0,0,1,0,0,0,0,0,0,0,0,3.9183,1
21,14,0,0,2,0,0,2,0,5,1,0,0,0,0,0,1,0,0,0,0,0,0,3.5945,1
19,12,0,0,1,0,0,2,0,4,0,0,0,0,0,0,0,0,0,0,0,0,0,3.8269,1
26,19,0,0,2,0,0,2,0,5,0,0,0,0,0,0,0,0,0,0,0,0,0,3.7193,0
18,11,0,0,1,0,0,2,0,4,0,0,0,0,0,0,0,0,0,0,0,0,0,3.4613,1
28,21,0,0,2,0,0,2,0,5,0,0,0,0,0,0,0,0,0,0,0,0,0,4.209,1
25,18,0,0,1,1,0,2,0,5,0,0,0,0,1,0,0,0,0,0,0,0,0,4.0039,1
36,29,0,0,1,0,0,2,0,4,0,0,0,0,0,0,0,0,0,0,0,0,0,3.8265,1
29,22,0,0,1,0,0,2,0,4,0,0,0,0,0,0,0,0,0,0,0,0,0,3.9523,1
12,5,0,0,1,0,0,2,0,4,0,0,0,0,0,0,1,0,0,0,0,0,0,3.2516,1
37,30,0,0,3,0,0,2,0,6,2,0,0,0,0,0,0,0,0,0,0,0,0,4.1212,0
26,19,0,0,1,0,0,2,0,4,0,0,0,0,0,0,0,0,0,0,0,0,0,3.9501,1
25,18,0,0,1,0,0,2,6,4,0,0,0,0,0,0,0,0,0,0,0,0,0,4.1337,1
27,20,0,0,1,0,0,2,0,4,0,0,0,0,0,0,0,0,0,0,0,0,0,3.9862,1
23,16,0,0,2,0,0,2,0,5,1,0,0,0,0,0,0,0,0,0,0,0,0,3.882,0
32,25,0,0,1,0,0,2,0,4,0,0,0,0,0,0,0,0,0,0,0,0,0,3.7539,1
20,13,0,0,2,0,0,2,0,5,1,0,0,0,0,0,0,0,0,0,0,0,0,3.3842,1
18,11,0,0,2,0,0,2,0,5,1,0,0,0,0,0,0,0,0,0,0,0,0,3.7255,0
26,19,0,0,2,0,0,2,0,5,1,0,0,0,0,0,1,0,0,0,0,0,0,3.8543,0
28,21,0,0,2,1,0,2,0,6,1,0,0,0,1,0,0,0,0,0,0,0,0,4.209,1
17,10,0,0,1,0,0,2,0,4,0,0,0,0,0,0,0,0,0,0,0,0,0,3.7345,1
26,19,0,0,2,1,0,2,0,6,1,0,0,0,1,0,0,0,0,0,0,0,0,4.1039,1
30,23,0,0,1,0,0,2,0,4,0,0,0,0,0,0,0,0,0,0,0,0,0,3.7069,1
18,11,0,0,2,0,0,2,0,5,0,0,0,0,0,0,0,0,0,0,0,0,0,3.4613,0
23,16,0,0,2,0,0,2,0,5,0,0,0,0,0,0,0,0,0,0,0,0,0,3.7623,0
22,15,0,0,1,1,0,2,0,5,0,0,0,0,1,0,0,0,0,0,0,0,0,4.0049,1
28,21,0,0,2,1,0,2,0,6,0,0,0,0,1,0,0,0,0,0,0,0,0,3.7674,1
18,11,0,0,2,0,0,2,0,5,1,0,0,0,0,0,0,0,0,0,0,0,0,3.5724,0
23,16,0,0,2,0,0,2,0,5,0,0,0,0,0,0,0,0,0,0,0,0,0,3.6425,0
28,21,0,0,2,0,0,2,0,5,0,0,0,0,0,0,1,0,0,0,0,0,0,3.8249,0
29,22,0,0,2,0,0,2,3,5,0,0,0,0,0,0,0,0,0,0,0,0,0,4.0473,1
29,22,0,0,2,0,0,2,0,5,1,0,0,0,0,0,0,0,0,0,0,0,0,4.1163,0
29,22,0,0,2,0,0,2,0,5,0,0,0,0,0,0,0,0,0,0,0,0,0,3.9094,1
23,16,0,0,2,1,0,2,0,6,0,0,0,0,1,0,0,0,0,0,0,0,0,3.882,1
33,26,0,0,2,2,0,2,4,7,1,0,0,0,1,0,0,0,0,0,0,0,0,4.1502,1
26,19,0,0,2,0,0,2,0,5,0,0,0,0,0,0,0,0,0,0,0,0,0,3.8731,0
23,16,0,0,3,0,0,2,0,6,1,0,0,0,0,0,0,0,0,0,0,0,0,3.6753,0
24,17,0,0,1,0,0,2,0,4,0,0,0,0,0,0,0,0,0,0,0,0,0,4.2202,1
19,12,0,0,1,0,0,2,0,4,0,0,0,0,0,0,0,0,0,0,0,0,0,3.6819,1
19,12,0,0,1,0,0,2,0,4,0,0,0,0,0,0,0,0,0,0,0,0,0,3.5766,1
39,32,0,0,2,0,0,2,0,5,1,0,0,0,0,0,0,0,0,0,0,0,0,4.0672,0
23,16,0,0,3,0,0,2,0,6,1,0,0,0,0,0,0,0,0,0,0,0,0,3.6753,0
25,18,0,0,2,0,0,2,0,5,0,0,0,0,0,0,0,0,0,0,0,0,0,3.8937,0
28,21,0,0,3,0,0,2,0,6,1,0,0,0,0,0,0,0,0,0,0,0,0,4.182,0
23,16,0,0,2,0,0,2,0,5,0,0,0,0,0,0,0,0,0,0,0,0,0,3.7623,0
26,19,0,0,2,0,0,2,0,5,1,0,0,0,0,0,1,0,0,0,0,0,0,3.8543,0
21,14,0,0,2,0,0,2,0,5,0,0,0,0,0,0,0,0,0,0,0,0,0,3.7849,0
29,22,0,0,2,0,0,2,0,5,0,0,0,0,0,0,0,0,0,0,0,0,0,3.8573,0
18,11,0,0,1,0,0,2,0,4,0,0,0,0,0,0,1,0,0,0,0,0,0,3.7947,1
18,11,0,0,2,0,0,2,0,5,0,0,0,0,0,0,0,0,0,0,0,0,0,3.3502,1
22,15,0,0,1,0,0,2,0,4,0,0,0,0,0,0,0,0,0,0,0,0,0,3.6412,1
18,11,0,0,1,0,0,2,0,4,0,0,0,0,0,0,1,0,0,0,0,0,0,3.7947,1
48,41,0,0,2,1,0,2,0,6,1,0,0,0,1,0,0,3,0,0,0,0,0,3.9036,1
18,11,0,0,2,0,0,2,0,5,0,0,0,0,0,0,0,0,0,0,0,0,0,3.4613,0
24,17,0,0,2,0,0,2,0,5,0,0,0,0,0,0,0,0,0,0,0,0,0,3.6887,0
44,37,0,0,2,2,0,2,4,7,1,0,0,0,1,0,0,0,0,0,0,0,0,4.3625,1
25,18,0,0,2,0,0,2,0,5,0,0,0,0,0,0,0,0,0,0,0,0,0,4.0537,0
21,14,0,0,1,0,0,2,0,4,0,0,0,0,0,0,0,0,0,0,0,0,0,3.8802,1
22,15,0,0,2,0,0,2,0,5,0,0,0,0,0,0,0,0,0,0,0,0,0,3.516,0
18,11,0,0,1,0,0,2,0,4,0,0,0,0,0,0,0,0,0,0,0,0,0,3.6835,0
29,22,0,0,2,0,0,2,0,5,0,0,0,0,0,0,0,0,0,0,0,0,0,4.1163,0
26,19,0,0,2,0,0,2,0,5,0,0,0,0,0,0,0,0,0,0,0,0,0,4.056,0
25,18,0,0,3,0,0,2,0,6,1,0,0,0,0,0,0,0,0,0,0,0,0,3.7337,0
18,11,0,0,2,0,0,2,0,5,0,0,0,0,0,0,0,0,0,0,0,0,0,3.4613,0
24,17,0,0,2,0,0,2,0,5,0,0,0,0,0,0,0,0,0,0,0,0,0,3.7721,0
23,16,0,0,1,0,0,2,0,4,0,0,0,0,0,0,0,0,0,0,0,0,0,3.7081,0
33,26,0,0,1,0,0,2,0,4,0,0,0,0,0,0,0,0,0,0,0,0,0,3.6573,1
18,11,0,0,2,0,0,2,0,5,0,0,0,0,0,0,0,0,0,0,0,0,0,3.4613,0
20,13,0,0,1,0,0,2,0,4,0,0,0,0,0,0,0,0,0,0,0,0,0,3.5842,0
21,14,0,0,2,0,0,2,0,5,0,0,0,0,0,0,0,0,0,0,0,0,0,3.6538,0
24,17,0,0,2,0,0,2,0,5,1,0,0,0,0,0,0,0,0,0,0,0,0,4.0016,0
37,30,0,0,2,0,0,2,0,5,0,0,0,0,0,0,0,0,0,0,0,0,0,4.1522,0
20,13,0,0,2,0,0,2,0,5,0,0,0,0,0,0,0,0,0,0,0,0,0,3.6842,0
22,15,0,0,2,0,0,2,0,5,0,0,0,0,0,0,1,0,0,0,0,0,0,3.5726,0
33,26,0,0,2,2,0,2,0,7,1,0,0,0,1,0,0,1,0,0,0,0,0,3.7724,1
26,19,0,0,1,0,0,2,0,4,0,0,0,0,0,0,0,0,0,0,0,0,0,4.1039,1
23,16,0,0,2,0,0,2,0,5,1,0,0,0,0,0,0,0,0,0,0,0,0,3.882,0
24,17,0,0,2,0,0,2,0,5,0,0,0,0,0,0,0,0,0,0,0,0,0,4.0535,0
22,15,0,0,2,0,0,2,0,5,0,0,0,0,0,0,0,0,0,0,0,0,0,3.6069,0
23,16,0,0,2,0,0,2,0,5,0,0,0,0,0,0,0,0,0,0,0,0,0,3.7081,0
24,17,0,0,2,0,0,2,0,5,1,0,0,0,0,0,0,0,0,0,0,0,0,3.835,1
18,11,0,0,1,0,0,2,0,4,0,0,0,0,0,0,1,0,0,0,0,0,0,3.7947,1
24,17,0,0,2,0,0,2,0,5,1,0,0,0,0,0,0,0,0,0,0,0,0,4.1683,1
46,39,0,0,2,0,0,2,0,5,1,0,0,0,0,0,0,0,0,0,0,0,0,4.2654,1
23,16,0,0,2,0,0,2,0,5,0,0,0,0,0,0,0,0,0,0,0,0,0,3.6425,1
24,17,0,0,2,0,0,2,0,5,0,0,0,0,0,0,0,0,0,0,0,0,0,3.9183,0
20,13,0,0,1,0,0,2,0,4,0,0,0,0,0,0,0,0,0,0,0,0,0,3.5842,0
29,22,0,0,2,0,0,2,0,5,1,0,0,0,0,0,0,0,0,0,0,0,0,3.9783,0
21,14,0,0,2,0,0,2,0,5,0,0,0,0,0,0,0,0,0,0,0,0,0,3.6538,0
32,25,0,0,2,0,0,2,0,5,0,0,0,0,0,0,0,0,0,0,0,0,0,4.2181,0
19,12,0,0,1,0,0,2,0,4,0,0,0,0,0,0,0,0,0,0,0,0,0,3.6163,1
22,15,0,0,1,0,0,2,0,4,0,0,0,0,0,0,0,0,0,0,0,0,0,3.6978,1
19,12,0,0,1,0,0,2,0,4,0,0,0,0,0,0,0,0,0,0,0,0,0,3.8269,1
26,19,0,0,1,0,0,2,0,4,0,0,0,0,0,0,0,0,0,0,0,0,0,3.7633,1
19,12,0,0,1,0,0,2,0,4,0,0,0,0,0,0,0,0,0,0,0,0,0,3.8269,1
22,15,0,0,1,0,0,2,0,4,0,0,0,0,0,0,0,0,0,0,0,0,0,3.8797,1
32,25,0,0,1,1,0,2,0,5,0,0,0,0,1,0,0,0,0,0,0,0,0,3.8514,1
24,17,0,0,2,0,0,2,0,5,1,0,0,0,0,0,0,0,0,0,0,0,0,3.9183,1
29,22,0,0,2,0,0,2,0,5,0,0,0,0,0,0,0,0,0,0,0,0,0,3.9094,0
31,24,0,0,1,0,0,2,0,4,0,0,0,0,0,0,0,0,0,0,0,0,0,3.9134,1
18,11,0,0,2,0,0,2,0,5,1,0,0,0,0,0,0,0,0,0,0,0,0,3.6144,0
29,22,0,0,2,0,0,2,0,5,0,0,0,0,0,0,0,0,0,0,0,0,0,3.8573,0
25,18,0,0,2,0,0,2,0,5,0,0,0,0,0,0,0,0,0,0,0,0,0,3.7337,0
22,15,0,0,2,0,0,2,0,5,1,0,0,0,0,0,0,0,0,0,0,0,0,3.7322,0
25,18,0,0,2,0,0,2,0,5,0,0,0,0,0,0,0,0,0,0,0,0,0,3.7835,1
28,21,0,0,1,0,0,2,0,4,0,0,0,0,0,0,0,0,0,0,0,0,0,4.0391,1
31,24,0,0,2,0,0,2,1,5,1,0,0,0,0,0,0,0,0,0,0,0,0,4.0023,1
18,11,0,0,2,0,0,2,0,5,0,0,0,0,0,0,0,0,0,0,0,0,0,3.4613,0
23,16,0,0,1,0,0,2,0,4,0,0,0,0,0,0,0,0,0,0,0,0,0,3.7081,1
23,16,0,0,1,1,0,2,0,5,0,0,0,0,1,0,0,0,0,0,0,0,0,3.6753,1
24,17,0,0,2,0,0,2,0,5,0,0,0,0,0,0,0,0,0,0,0,0,0,3.6887,0
25,18,0,0,2,0,0,2,0,5,0,0,0,0,0,0,0,0,0,0,0,0,0,4.1337,0
34,27,0,0,2,0,0,2,0,5,1,0,0,0,0,0,0,1,0,0,0,0,1,3.962,1
19,12,0,0,1,0,0,2,0,4,0,0,0,0,0,0,0,0,0,0,0,0,0,3.7216,1
25,18,0,0,2,0,0,2,0,5,0,0,0,0,0,0,0,0,0,0,0,0,0,4.0537,0
26,19,0,0,2,0,0,2,0,5,0,0,0,0,0,0,0,0,0,0,0,0,0,3.6095,0
29,22,0,0,2,0,0,2,0,5,0,0,0,0,0,0,0,0,0,0,0,0,0,4.1163,0
25,18,0,0,2,2,0,2,0,7,0,0,0,0,1,0,0,0,0,0,0,0,0,3.9239,1
24,17,0,0,2,0,0,2,0,5,0,0,0,0,0,0,0,0,0,0,0,0,0,3.6887,0
35,28,0,0,2,0,0,2,0,5,0,0,0,0,0,0,0,0,0,0,0,0,0,3.9189,0
18,11,0,0,2,0,0,2,0,5,0,0,0,0,0,0,0,0,0,0,0,0,0,3.4613,0
18,11,0,0,2,0,0,2,0,5,0,0,0,0,0,0,0,0,0,0,0,0,0,3.4613,0
18,11,0,0,2,0,0,2,0,5,0,0,0,0,0,0,0,0,0,0,0,0,0,3.4613,0
24,17,0,0,2,0,0,2,0,5,0,0,0,0,0,0,0,0,0,0,0,0,0,3.6887,0
22,15,0,0,2,0,0,2,0,5,1,0,0,0,0,0,0,0,0,0,0,0,0,3.6978,1
23,16,0,0,2,0,0,2,0,5,0,0,0,0,0,0,0,0,0,0,0,0,0,3.6212,1
28,21,0,0,1,2,0,2,4,6,0,0,0,0,1,0,0,0,0,0,0,0,0,4.1375,1
16,9,0,0,1,0,0,2,0,4,0,0,0,0,0,0,0,0,0,0,0,0,0,3.1556,1
25,18,0,0,1,0,0,2,0,4,0,0,0,0,0,0,0,0,0,0,0,0,0,3.9737,1
32,25,0,0,2,2,0,2,7,7,1,0,0,0,1,0,0,0,0,0,0,0,0,4.1792,1
31,24,0,0,2,0,0,2,0,5,1,0,0,0,0,0,0,0,0,0,0,0,0,4.0668,1
21,14,0,0,1,0,0,2,0,4,0,0,0,0,0,0,0,0,0,0,0,0,0,3.6897,1
29,22,0,0,2,0,0,2,0,5,0,0,0,0,0,0,0,0,0,0,0,0,0,3.8573,0
18,11,0,0,1,0,0,2,0,4,0,0,0,0,0,0,1,0,0,0,0,0,0,3.7947,1
73,66,0,0,8,3,0,2,4,14,7,0,0,0,1,0,0,1,0,0,0,0,0,4.4322,1
22,15,0,0,1,0,0,2,0,4,0,0,0,0,0,0,0,0,0,0,0,0,0,3.9706,1
40,33,0,0,3,1,0,2,10,7,2,0,0,0,1,0,0,0,0,0,0,0,0,4.3964,1
18,11,0,0,2,0,0,2,0,5,0,0,0,0,0,0,0,0,0,0,0,0,0,3.4613,0
26,19,0,0,2,0,0,2,0,5,0,0,0,0,0,0,0,0,0,0,0,0,0,3.9501,1
27,20,0,0,2,0,0,2,0,5,0,0,0,0,0,0,0,0,0,0,0,0,0,3.634,1
23,16,0,0,2,0,0,2,0,5,0,0,0,0,0,0,0,0,0,0,0,0,0,3.7081,0
28,21,0,0,3,0,0,2,0,6,1,0,0,0,0,0,0,0,0,0,0,0,0,4.182,0
22,15,0,0,1,0,0,2,0,4,0,0,0,0,0,0,1,0,0,0,0,0,0,3.7888,1
23,16,0,0,2,0,0,2,0,5,0,0,0,0,0,0,0,0,0,0,0,0,0,3.9362,0
28,21,0,0,2,1,0,2,0,6,0,0,0,0,1,0,0,0,0,0,0,0,0,4.1106,1
52,45,0,0,2,6,0,2,4,11,1,0,0,0,1,0,0,0,0,0,0,0,0,4.3441,1
38,31,0,0,2,1,0,2,3,6,1,0,0,0,1,0,0,2,1,0,0,0,0,4.3764,1
17,10,0,0,1,0,0,2,0,4,0,0,0,0,0,0,0,0,0,0,0,0,0,3.6169,1
24,17,0,0,2,1,0,2,0,6,1,0,0,0,1,0,0,0,0,0,0,0,0,3.9183,1
31,24,0,0,1,1,0,2,0,5,0,0,0,0,1,0,0,0,0,0,0,0,0,4.1926,1
41,34,0,0,2,1,0,2,3,6,1,0,0,0,1,0,0,2,1,0,0,0,0,4.3362,1
21,14,0,0,1,1,0,2,0,5,0,0,0,0,1,0,0,0,0,0,0,0,0,3.8802,1
23,16,0,0,3,0,0,2,0,6,1,0,0,0,0,0,0,0,0,0,0,0,0,3.6753,0
29,22,0,0,2,0,0,2,0,5,1,0,0,0,0,0,0,0,0,0,0,0,0,3.6933,1
26,19,0,0,1,0,0,2,0,4,0,0,0,0,0,0,0,0,0,0,0,0,0,3.8151,1
18,11,0,0,2,0,0,2,0,5,0,0,0,0,0,0,0,0,0,0,0,0,0,3.3921,0
32,25,0,0,2,0,0,2,0,5,0,0,0,0,0,0,1,0,0,0,0,0,0,4.0511,1
23,16,0,0,2,1,0,2,0,6,1,0,0,0,1,0,0,0,0,0,0,0,0,3.6212,0
31,24,0,0,2,1,0,2,2,6,1,0,0,0,1,0,0,1,0,0,0,1,0,4.1715,1
18,11,0,0,1,0,0,2,0,4,0,0,0,0,0,0,1,0,0,0,0,0,0,3.7947,1
24,17,0,0,2,1,0,2,4,6,1,0,0,0,1,0,0,0,0,0,0,0,0,3.9183,1
18,11,0,0,2,0,0,2,0,5,1,0,0,0,0,0,0,0,0,0,0,0,0,3.7255,1
22,15,0,0,1,0,0,2,2,4,0,0,0,0,0,0,0,0,0,0,0,0,0,3.9706,1
23,16,0,0,2,0,0,2,1,5,0,0,0,0,0,0,0,0,0,0,0,0,0,3.8279,1
25,18,0,0,2,0,0,2,0,5,0,0,0,0,0,0,0,0,0,0,0,0,0,3.9737,0
26,19,0,0,3,1,0,2,0,7,1,0,0,0,1,0,0,0,0,0,0,0,0,3.8441,0
28,21,0,0,2,0,0,2,0,5,1,0,0,0,0,0,0,0,0,0,0,0,0,3.8658,0
46,39,0,0,2,0,0,2,0,5,1,0,0,0,0,0,1,0,0,0,0,0,0,3.3258,1
34,27,0,0,2,0,0,2,0,5,1,0,0,0,0,0,0,0,0,0,0,0,0,3.9842,1
21,14,0,0,2,0,0,2,0,5,0,0,0,0,0,0,0,0,0,0,0,0,0,3.6897,1
23,16,0,0,2,0,0,2,0,5,0,0,0,0,0,0,0,0,0,0,0,0,0,3.5014,0
27,20,0,0,2,0,0,2,0,5,1,0,0,0,0,0,0,0,0,0,0,0,0,3.9303,1
21,14,0,0,1,1,0,2,0,5,0,0,0,0,1,0,0,0,0,0,0,0,0,3.7849,1
20,13,0,0,2,0,0,2,2,5,1,0,0,0,0,0,0,0,0,0,0,0,0,3.5219,1
21,14,0,0,2,0,0,2,2,5,0,0,0,0,0,0,0,0,0,0,0,0,0,3.5585,0
26,19,0,0,2,0,0,2,0,5,0,0,0,0,0,0,0,0,0,0,0,0,0,3.8731,0
18,11,0,0,2,0,0,2,0,5,0,0,0,0,0,0,0,0,0,0,0,0,0,3.4613,0
14,7,0,0,1,0,0,2,0,4,0,0,0,0,0,0,0,0,0,0,0,0,0,2.9852,1
21,14,0,0,2,0,0,2,0,5,0,0,0,0,0,0,0,0,0,0,0,0,0,3.5945,0
30,23,0,0,2,1,0,2,0,6,1,0,0,0,1,0,0,0,0,0,0,0,0,4.0566,1
30,23,0,0,2,0,0,2,0,5,0,0,0,0,0,0,0,0,0,0,0,0,0,3.7736,0
23,16,0,0,3,0,0,2,0,6,1,0,0,0,0,0,0,0,0,0,0,0,0,3.4144,0
15,8,0,0,1,0,0,2,0,4,0,0,0,0,0,0,0,0,0,0,0,0,0,3.5069,1
28,21,0,0,2,0,0,2,0,5,0,0,0,0,0,0,0,0,0,0,0,0,0,3.9677,0
18,11,0,0,2,0,0,2,0,5,0,0,0,0,0,0,0,0,0,0,0,0,0,3.4613,0
29,22,0,0,2,0,0,2,0,5,0,0,0,0,0,0,0,0,0,0,0,0,0,4.0044,0
29,22,0,0,2,2,0,2,0,7,1,0,0,0,1,0,0,0,0,0,0,0,0,3.9354,1
22,15,0,0,2,0,0,2,0,5,0,0,0,0,0,0,0,0,0,0,0,0,0,3.6635,0
28,21,0,0,4,0,0,2,0,7,2,0,0,0,0,0,0,0,0,0,0,0,0,3.8963,0
27,20,0,0,3,0,0,2,0,6,2,0,0,0,0,0,0,0,0,0,0,0,0,3.708,0
18,11,0,0,2,0,0,2,0,5,0,0,0,0,0,0,0,0,0,0,0,0,0,3.4613,0
29,22,0,0,1,0,0,2,0,4,0,0,0,0,0,0,0,0,0,0,0,0,0,3.6933,1
27,20,0,0,2,0,0,2,0,5,1,0,0,0,0,0,0,0,0,0,0,0,0,3.8562,1
23,16,0,0,2,0,0,2,0,5,1,0,0,0,0,0,0,0,0,0,0,0,0,3.882,0
22,15,0,0,2,0,0,2,0,5,0,0,0,0,0,0,0,0,0,0,0,0,0,3.9706,0
31,24,0,0,2,0,0,2,0,5,1,0,0,0,0,0,0,0,0,0,0,0,0,4.1069,0
37,30,0,0,2,0,0,2,1,5,1,0,0,0,0,0,0,0,0,0,0,0,0,4.0546,1
20,13,0,0,1,0,0,2,0,4,0,0,0,0,0,0,0,0,0,0,0,0,0,3.6219,1
32,25,0,0,2,1,0,2,4,6,1,0,0,0,1,0,0,0,0,0,0,0,0,3.8278,1
18,11,0,0,1,0,0,2,0,4,0,0,0,0,0,0,0,0,0,0,0,0,0,3.9477,1
21,14,0,0,2,0,0,2,0,5,0,0,0,0,0,0,0,0,0,0,0,0,0,3.404,0
25,18,0,0,2,0,0,2,0,5,0,0,0,0,0,0,0,0,0,0,0,0,0,3.9737,1
19,12,0,0,2,0,0,2,0,5,0,0,0,0,0,0,0,0,0,0,0,0,0,3.4058,0
29,22,0,0,3,0,0,2,0,6,2,0,0,0,0,0,0,0,0,0,0,0,0,4.0473,1
24,17,0,0,1,0,0,2,0,4,0,0,0,0,0,0,0,0,0,0,0,0,0,3.6368,1
36,29,0,0,2,0,0,2,3,5,1,0,0,0,0,0,0,0,0,0,0,0,0,4.1388,1
28,21,0,0,3,0,0,2,0,6,1,0,0,0,0,0,0,0,0,0,0,0,0,4.182,0
27,20,0,0,2,0,0,2,0,5,1,0,0,0,0,0,0,0,0,0,0,0,0,3.8842,1
22,15,0,0,2,0,0,2,0,5,1,0,0,0,0,0,0,0,0,0,0,0,0,4.0049,0
45,38,0,0,2,0,0,2,3,5,1,0,0,0,0,0,0,0,0,0,0,0,0,4.1803,1
22,15,0,0,1,0,0,2,0,4,0,0,0,0,0,0,0,0,0,0,0,0,0,3.8797,1
27,20,0,0,2,1,0,2,0,6,0,0,0,0,1,0,0,0,0,0,0,0,0,4.0323,0
29,22,0,0,1,0,0,2,0,4,0,0,0,0,0,0,0,0,0,0,0,0,0,3.742,1
28,21,0,0,2,0,0,2,0,5,1,0,0,0,0,0,0,0,0,0,0,0,0,4.0216,1
18,11,0,0,2,0,0,2,0,5,0,0,0,0,0,0,0,0,0,0,0,0,0,3.4613,0
21,14,0,0,2,0,0,2,0,5,0,0,0,0,0,0,0,0,0,0,0,0,0,3.6897,1
18,11,0,0,2,0,0,2,0,5,0,0,0,0,0,0,0,0,0,0,0,0,0,3.4613,0
18,11,0,0,2,0,0,2,0,5,1,0,0,0,0,0,0,0,0,0,0,0,0,3.7255,0
30,23,0,0,2,0,0,2,0,5,0,0,0,0,0,0,0,0,0,0,0,0,0,3.8314,1
30,23,0,0,2,0,0,2,0,5,0,0,0,0,0,0,0,0,0,0,0,0,0,3.9899,0
34,27,0,0,2,2,0,2,4,7,1,0,0,0,1,0,0,0,0,0,0,0,0,3.9003,1
24,17,0,0,2,2,0,2,0,7,0,0,0,0,1,0,0,0,0,0,0,0,0,3.8868,1
25,18,0,0,1,0,0,2,0,4,0,0,0,0,0,0,0,0,0,0,0,0,0,3.8635,1
29,22,0,0,2,0,0,2,0,5,0,0,0,0,0,0,0,0,0,0,0,0,0,4.0733,0
14,7,0,0,1,0,0,2,1,4,0,0,0,0,0,0,0,0,0,0,0,0,0,3.5216,1
18,11,0,0,2,0,0,2,0,5,0,0,0,0,0,0,0,0,0,0,0,0,0,3.3921,0
34,27,0,0,2,0,0,2,0,5,1,0,0,0,0,0,0,0,0,0,0,0,0,4.0179,1
24,17,0,0,2,1,0,2,0,6,1,0,0,0,1,0,0,0,0,0,0,0,0,3.835,1
33,26,0,0,2,1,0,2,3,6,1,0,0,0,1,0,0,0,0,0,0,0,0,4.003,1
23,16,0,0,2,0,0,2,0,5,0,0,0,0,0,0,1,0,0,0,0,0,0,3.5555,1
22,15,0,0,1,0,0,2,0,4,0,0,0,0,0,0,0,0,0,0,0,0,0,3.8797,1
30,23,0,0,2,1,0,2,0,6,1,0,0,0,1,0,0,0,0,0,0,0,0,4.0566,1
26,19,0,0,2,0,0,2,0,5,0,0,0,0,0,0,0,0,0,0,0,0,0,3.7381,1
25,18,0,0,2,0,0,2,0,5,0,0,0,0,0,0,0,0,0,0,0,0,0,3.6733,0
21,14,0,0,1,1,0,2,0,5,0,0,0,0,1,0,0,0,0,0,0,0,0,3.6538,1
25,18,0,0,1,0,0,2,0,4,0,0,0,0,0,0,0,0,0,0,0,0,0,3.8635,1
18,11,0,0,1,0,0,2,0,4,0,0,0,0,0,0,0,0,0,0,0,0,0,3.9477,0
24,17,0,0,2,0,0,2,0,5,0,0,0,0,0,0,0,0,0,0,0,0,0,3.6887,0
20,13,0,0,1,0,0,2,0,4,0,0,0,0,0,0,0,0,0,0,0,0,0,3.9219,1
28,21,0,0,2,1,0,2,4,6,1,0,0,0,1,0,0,0,0,0,0,0,0,4.0836,1
20,13,0,0,2,0,0,2,0,5,1,0,0,0,0,0,0,0,0,0,0,0,0,3.7219,0
28,21,0,0,1,0,0,2,0,4,0,0,0,0,0,0,0,0,0,0,0,0,0,3.8927,1
27,20,0,0,2,0,0,2,0,5,0,0,0,0,0,0,0,0,0,0,0,0,0,3.9862,0
23,16,0,0,2,1,0,2,0,6,0,0,0,0,1,0,0,0,0,0,0,0,0,3.7081,1
28,21,0,0,1,0,0,2,0,4,0,0,0,0,0,0,0,0,0,0,0,0,0,4.1106,1
20,13,0,0,2,0,0,2,0,5,0,0,0,0,0,0,0,0,0,0,0,0,0,3.7842,0
16,9,0,0,1,0,0,2,0,4,0,0,0,0,0,0,0,0,0,0,0,0,0,3.1494,1
28,21,0,0,3,1,0,2,0,7,1,0,0,0,1,0,0,0,0,0,0,0,0,3.9233,0
22,15,0,0,2,0,0,2,0,5,0,0,0,0,0,0,0,0,0,0,0,0,0,3.6978,1
22,15,0,0,1,0,0,2,0,4,0,0,0,0,0,0,0,0,0,0,0,0,0,3.8797,1
23,16,0,0,3,0,0,2,0,6,1,0,0,0,0,0,0,0,0,0,0,0,0,3.6753,0
20,13,0,0,1,0,0,2,0,4,0,0,0,0,0,0,0,0,0,0,0,0,0,3.5219,1
26,19,0,0,2,0,0,2,0,5,1,0,0,0,0,0,0,0,0,0,0,0,0,3.6095,1
16,9,0,0,1,0,0,2,0,4,0,0,0,0,0,0,0,0,0,0,0,0,0,3.375,1
43,36,0,0,2,0,0,2,4,5,1,0,0,0,0,0,0,1,0,0,0,0,1,4.2807,1
28,21,0,0,3,0,0,2,0,6,1,0,0,0,0,0,0,0,0,0,0,0,0,4.182,0
31,24,0,0,2,0,0,2,0,5,0,0,0,0,0,0,0,0,0,0,0,0,0,4.0424,1
27,20,0,0,1,0,0,2,0,4,0,0,0,0,0,0,0,0,0,0,0,0,0,4.0141,1
33,26,0,0,2,1,0,2,7,6,1,0,0,0,1,0,0,1,0,0,0,0,0,4.2108,1
26,19,0,0,2,0,0,2,0,5,0,0,0,0,0,0,0,0,0,0,0,0,0,3.8441,0
22,15,0,0,1,0,0,2,0,4,0,0,0,0,0,0,0,0,0,0,0,0,0,3.914,1
21,14,0,0,1,0,0,2,0,4,0,0,0,0,0,0,0,0,0,0,0,0,0,3.6304,1
39,32,0,0,2,0,0,2,0,5,0,0,0,0,0,0,0,0,0,0,0,0,0,4.0898,1
26,19,0,0,1,0,0,2,0,4,0,0,0,0,0,0,0,0,0,0,0,0,0,3.9791,1
20,13,0,0,3,0,0,2,10,6,2,1,0,0,0,0,0,0,0,0,0,0,0,3.3842,1
29,22,0,0,2,0,0,2,2,5,1,0,0,0,0,0,0,0,0,0,0,0,0,4.0213,1
18,11,0,0,1,0,0,2,0,4,0,0,0,0,0,0,0,0,0,0,0,0,0,3.9477,0
20,13,0,0,1,0,0,2,0,4,0,0,0,0,0,0,0,0,0,0,0,0,0,3.8219,1
34,27,0,0,2,0,0,2,0,5,0,0,0,0,0,0,0,0,0,0,0,0,0,4.0797,0
21,14,0,0,1,0,0,2,0,4,0,0,0,0,0,0,0,0,0,0,0,0,0,3.6538,1
23,16,0,0,2,0,0,2,0,5,1,0,0,0,0,0,0,0,0,0,0,0,0,3.5555,1
30,23,0,0,2,1,0,2,4,6,1,0,0,0,1,0,0,0,0,0,0,0,0,4.1232,1
24,17,0,0,2,0,0,2,0,5,1,0,0,0,0,0,0,0,0,0,0,0,0,3.835,1
24,17,0,0,2,0,0,2,0,5,0,0,0,0,0,0,0,0,0,0,0,0,0,4.0535,0
24,17,0,0,2,0,0,2,0,5,0,0,0,0,0,0,0,0,0,0,0,0,0,3.8868,0
38,31,0,0,2,1,0,2,0,6,1,0,0,0,1,0,0,0,0,0,0,0,0,4.0106,1
47,40,0,0,2,2,0,2,3,7,1,0,0,0,1,0,0,0,0,0,0,0,0,4.2911,1
32,25,0,0,2,1,0,2,0,6,0,0,0,0,1,0,0,0,0,0,0,0,0,4.0153,1
20,13,0,0,2,0,0,2,0,5,0,0,0,0,0,0,0,0,0,0,0,0,0,3.5464,0
24,17,0,0,2,0,0,2,0,5,0,0,0,0,0,0,0,0,0,0,0,0,0,4.0535,0
24,17,0,0,2,0,0,2,0,5,0,0,0,0,0,0,0,0,0,0,0,0,0,3.6887,0
23,16,0,0,1,0,0,2,0,4,0,0,0,0,0,0,0,0,0,0,0,0,0,4.0018,0
23,16,0,0,2,0,0,2,0,5,0,0,0,0,0,0,0,0,0,0,0,0,0,3.7623,0
20,13,0,0,1,1,0,2,0,5,0,0,0,0,1,0,0,0,0,0,0,0,0,3.8219,1
22,15,0,0,2,0,0,2,0,5,0,0,0,0,0,0,0,0,0,0,0,0,0,3.6978,0
28,21,0,0,2,0,0,2,0,5,0,0,0,0,0,0,0,0,0,0,0,0,0,3.9677,0
23,16,0,0,1,0,0,2,0,4,0,0,0,0,0,0,0,0,0,0,0,0,0,4.0888,1
30,23,0,0,2,0,0,2,0,5,0,0,0,0,0,0,0,0,0,0,0,0,0,4.0981,1
26,19,0,0,2,0,0,2,0,5,1,0,0,0,0,0,0,0,0,0,0,0,0,3.9791,1
27,20,0,0,2,0,0,2,5,5,1,0,0,0,0,0,0,0,0,0,0,0,0,3.8525,1
24,17,0,0,2,0,0,2,0,5,0,0,0,0,0,0,0,0,0,0,0,0,0,3.6887,0
21,14,0,0,2,0,0,2,0,5,0,0,0,0,0,0,0,0,0,0,0,0,0,3.6538,0
20,13,0,0,2,0,0,2,0,5,1,0,0,0,0,0,0,0,0,0,0,0,0,3.8219,1
29,22,0,0,2,0,0,2,0,5,0,0,0,0,0,0,0,0,0,0,0,0,0,3.9263,0
32,25,0,0,1,0,0,2,0,4,0,0,0,0,0,0,0,0,0,0,0,0,0,3.9292,1
13,6,0,0,1,0,0,2,0,4,0,0,0,0,0,0,1,0,0,0,0,0,0,3.1808,1
25,18,0,0,3,0,0,2,0,6,1,0,0,0,0,0,0,0,0,0,0,0,0,3.8635,0
18,11,0,0,2,0,0,2,0,5,0,0,0,0,0,0,0,0,0,0,0,0,0,3.4613,0
49,42,0,0,3,4,0,2,0,10,2,0,0,0,1,0,0,2,0,0,0,0,1,4.3928,1
28,21,0,0,3,1,0,2,0,7,1,0,0,0,1,0,0,0,0,0,0,0,0,3.9233,0
24,17,0,0,2,0,0,2,0,5,0,0,0,0,0,0,0,0,0,0,0,0,0,3.7721,0
23,16,0,0,1,0,0,2,0,4,0,0,0,0,0,0,1,0,0,0,0,0,0,3.567,1
39,32,0,0,2,2,0,2,2,7,1,0,0,0,1,0,0,2,0,0,0,0,0,4.2723,1
29,22,0,0,2,2,0,2,0,7,1,0,0,0,1,0,0,0,0,0,0,0,0,3.9783,1
30,23,0,0,2,0,0,2,0,5,0,0,0,0,0,0,0,0,0,0,0,0,0,4.0314,0
18,11,0,0,2,0,0,2,0,5,0,0,0,0,0,0,0,0,0,0,0,0,0,3.4613,0
28,21,0,0,1,0,0,2,0,4,0,0,0,0,0,0,0,0,0,0,0,0,0,4.0661,1
20,13,0,0,3,0,0,2,10,6,2,1,0,0,0,0,0,0,0,0,0,0,0,3.5842,1
28,21,0,0,3,0,0,2,0,6,1,0,0,0,0,0,0,0,0,0,0,0,0,4.0391,0
25,18,0,0,3,0,0,2,0,6,1,0,0,0,0,0,0,0,0,0,0,0,0,3.7533,0
42,35,0,0,1,3,0,2,0,7,0,0,0,0,1,0,0,1,0,0,0,0,1,4.1299,1
15,8,0,0,1,0,0,2,0,4,0,0,0,0,0,0,0,0,0,0,0,0,0,3.5069,1
30,23,0,0,2,1,0,2,4,6,1,0,0,0,1,0,0,1,0,0,0,0,0,4.0566,1
20,13,0,0,2,0,0,2,1,5,1,0,0,0,0,0,0,0,0,0,0,0,0,3.3842,0
32,25,0,0,1,0,0,2,0,4,0,0,0,0,0,0,0,0,0,0,0,0,0,4.1556,1
35,28,0,0,1,0,0,2,0,4,0,0,0,0,0,0,0,0,0,0,0,0,0,3.8326,1
18,11,0,0,2,0,0,2,0,5,0,0,0,0,0,0,0,0,0,0,0,0,0,3.4613,0
20,13,0,0,1,0,0,2,1,4,0,0,0,0,0,0,0,0,0,0,0,0,0,3.8219,1
13,6,0,0,1,0,0,2,0,4,0,0,0,0,0,0,1,0,0,0,0,0,0,3.1808,1
23,16,0,0,2,0,0,2,0,5,0,0,0,0,0,0,0,0,0,0,0,0,0,3.7623,0
27,20,0,0,1,0,0,2,0,4,0,0,0,0,0,0,0,0,0,0,0,0,0,4.0141,1
40,33,0,0,2,0,0,2,2,5,1,0,0,0,0,0,0,0,0,0,0,0,0,4.2464,1
21,14,0,0,1,0,0,2,0,4,0,0,0,0,0,0,0,0,0,0,0,0,0,3.6538,1
28,21,0,0,2,0,0,2,0,5,0,0,0,0,0,0,0,0,0,0,0,0,0,3.9408,0
23,16,0,0,2,0,0,2,0,5,0,0,0,0,0,0,0,0,0,0,0,0,0,3.882,0
24,17,0,0,2,0,0,2,0,5,0,0,0,0,0,0,0,0,0,0,0,0,0,3.6887,0
23,16,0,0,2,1,0,2,0,6,1,0,0,0,1,0,0,0,0,0,0,0,0,3.969,1
28,21,0,0,2,0,0,2,0,5,0,0,0,0,0,0,0,0,0,0,0,0,0,3.7979,0
24,17,0,0,2,0,0,2,0,5,0,0,0,0,0,0,0,0,0,0,0,0,0,3.8239,1
24,17,0,0,2,0,0,2,0,5,0,0,0,0,0,0,0,0,0,0,0,0,0,3.8035,0
25,18,0,0,3,0,0,2,0,6,1,0,0,0,0,0,0,0,0,0,0,0,0,3.7337,0
24,17,0,0,2,0,0,2,3,5,0,0,0,0,0,0,0,0,0,0,0,0,0,3.5221,0
22,15,0,0,2,0,0,2,2,5,0,0,0,0,0,0,0,0,0,0,0,0,0,3.7888,0
30,23,0,0,2,0,0,2,0,5,0,0,0,0,0,0,0,0,0,0,0,0,0,3.8981,1
27,20,0,0,2,0,0,2,0,5,0,0,0,0,0,0,0,0,0,0,0,0,0,3.7821,0
23,16,0,0,2,0,0,2,0,5,1,0,0,0,0,0,0,0,0,0,0,0,0,3.882,0
18,11,0,0,2,0,0,2,0,5,0,0,0,0,0,0,0,0,0,0,0,0,0,3.4613,0
25,18,0,0,2,0,0,2,4,6,0,0,0,0,0,0,0,0,0,0,0,0,0,3.7835,0
22,15,0,0,2,0,0,2,3,5,1,0,0,0,0,0,0,0,0,0,0,0,0,4.0049,1
30,23,0,0,2,2,0,2,1,7,1,0,0,0,1,0,0,0,0,0,0,0,0,4.1899,1
18,11,0,0,2,0,0,2,0,5,0,0,0,0,0,0,0,0,0,0,0,0,0,3.4613,0
19,12,0,0,1,0,0,2,0,4,0,0,0,0,0,0,0,0,0,0,0,0,0,3.8269,1
28,21,0,0,1,0,0,2,0,4,0,0,0,0,0,0,0,0,0,0,0,0,0,4.0661,1
22,15,0,0,2,0,0,2,0,5,1,0,0,0,0,0,0,0,0,0,0,0,0,3.914,0
23,16,0,0,2,0,0,2,0,5,0,0,0,0,0,0,0,0,0,0,0,0,0,3.6753,0
24,17,0,0,2,0,0,2,0,5,0,0,0,0,0,0,0,0,0,0,0,0,0,3.6887,0
22,15,0,0,2,0,0,2,0,5,0,0,0,0,0,0,0,0,0,0,0,0,0,3.7888,0
31,24,0,0,2,0,0,2,0,5,0,0,0,0,0,0,0,0,0,0,0,0,0,4.0424,0
24,17,0,0,2,0,0,2,0,5,0,0,0,0,0,0,0,0,0,0,0,0,0,3.6887,0
24,17,0,0,2,0,0,2,0,5,0,0,0,0,0,0,0,0,0,0,0,0,0,4.0535,0
16,9,0,0,2,0,0,2,3,5,1,0,0,0,0,0,0,0,0,0,0,0,0,3.4528,1
27,20,0,0,1,0,0,2,0,4,0,0,0,0,0,0,0,0,0,0,0,0,0,3.708,1
24,17,0,0,2,0,0,2,0,5,0,0,0,0,0,0,0,0,0,0,0,0,0,3.6887,0
28,21,0,0,1,0,0,2,0,4,0,0,0,0,0,0,0,0,0,0,0,0,0,4.0661,1
23,16,0,0,3,0,0,2,0,6,1,0,0,0,0,0,0,0,0,0,0,0,0,3.6753,0
25,18,0,0,1,0,0,2,0,4,0,0,0,0,0,0,0,0,0,0,0,0,0,3.9435,0
24,17,0,0,1,0,0,2,0,4,0,0,0,0,0,0,0,0,0,0,0,0,0,3.7202,1
27,20,0,0,2,0,0,2,0,5,0,0,0,0,0,0,0,0,0,0,0,0,0,4.0603,0
28,21,0,0,2,0,0,2,7,5,1,0,0,0,0,0,0,0,0,0,0,0,0,3.7534,1
23,16,0,0,2,0,0,2,0,5,1,0,0,0,0,0,0,0,0,0,0,0,0,3.9149,0
28,21,0,0,4,0,0,2,0,7,3,0,0,0,0,0,0,0,0,0,0,0,0,3.8518,1
25,18,0,0,2,0,0,2,0,5,0,0,0,0,0,0,0,0,0,0,0,0,0,3.5435,0
32,25,0,0,2,0,0,2,0,5,1,0,0,0,0,0,0,0,0,0,0,0,0,4.0153,1
18,11,0,0,2,0,0,2,0,5,0,0,0,0,0,0,0,0,0,0,0,0,0,3.3502,0
18,11,0,0,2,0,0,2,0,5,0,0,0,0,0,0,0,0,0,0,0,0,0,3.5724,1
27,20,0,0,2,0,0,2,0,5,1,0,0,0,0,0,0,0,0,0,0,0,0,3.9303,1
25,18,0,0,3,0,0,2,0,6,1,0,0,0,0,0,0,0,0,0,0,0,0,3.6431,0
24,17,0,0,2,0,0,2,0,5,0,0,0,0,0,0,0,0,0,0,0,0,0,4.0535,0
26,19,0,0,1,0,0,2,0,4,0,0,0,0,0,0,0,0,0,0,0,0,0,3.8403,1
18,11,0,0,2,0,0,2,0,5,0,0,0,0,0,0,0,0,0,0,0,0,0,3.4613,0
18,11,0,0,2,0,0,2,0,5,0,0,0,0,0,0,0,0,0,0,0,0,0,3.4613,0
21,14,0,0,2,0,0,2,0,5,1,0,0,0,0,0,0,0,0,0,0,0,0,3.9161,1
24,17,0,0,2,0,0,2,0,5,0,0,0,0,0,0,0,0,0,0,0,0,0,3.8554,0
24,17,0,0,2,0,0,2,0,5,0,0,0,0,0,0,0,0,0,0,0,0,0,3.9387,1
18,11,0,0,2,0,0,2,0,5,1,0,0,0,0,0,0,0,0,0,0,0,0,3.7255,0
23,16,0,0,3,0,0,2,0,6,1,0,0,0,0,0,0,0,0,0,0,0,0,3.6753,0
24,17,0,0,2,0,0,2,0,5,0,0,0,0,0,0,0,0,0,0,0,0,0,3.6887,0
24,17,0,0,2,0,0,2,0,5,1,0,0,0,0,0,0,0,0,0,0,0,0,3.5535,1
24,17,0,0,2,0,0,2,0,5,0,0,0,0,0,0,0,0,0,0,0,0,0,3.6573,0
22,15,0,0,1,0,0,2,0,4,0,0,0,0,0,0,0,0,0,0,0,0,0,3.8797,1
32,25,0,0,1,0,0,2,0,4,0,0,0,0,0,0,0,0,0,0,0,0,0,3.8164,1
24,17,0,0,2,0,0,2,0,5,0,0,0,0,0,0,0,0,0,0,0,0,0,3.8554,0
27,20,0,0,1,0,0,2,0,4,0,0,0,0,0,0,0,0,0,0,0,0,0,3.708,1
37,30,0,0,3,1,0,2,2,7,2,0,0,0,1,0,0,0,0,0,0,0,0,4.1416,1
20,13,0,0,1,0,0,2,0,4,0,0,0,0,0,0,0,0,0,0,0,0,0,3.4037,1
22,15,0,0,1,0,0,2,0,4,0,0,0,0,0,0,0,0,0,0,0,0,0,3.4251,1
60,53,0,0,5,2,0,2,0,10,3,0,0,0,1,0,0,2,0,0,0,0,0,4.3362,1
37,30,0,0,3,0,0,2,0,6,2,0,0,0,0,0,0,0,0,0,0,0,0,4.1212,0
63,56,0,0,4,19,0,2,0,26,3,0,0,0,1,0,0,2,1,0,0,0,1,3.8228,1
39,32,0,0,2,0,0,2,0,5,1,0,0,0,0,0,0,0,0,0,0,0,0,4.0672,0
29,22,0,0,2,0,0,2,0,5,1,0,0,0,0,0,0,0,0,0,0,0,0,3.9354,1
18,11,0,0,2,0,0,2,0,5,0,0,0,0,0,0,0,0,0,0,0,0,0,3.4613,0
32,25,0,0,2,2,0,2,0,7,1,0,0,0,1,0,0,0,0,0,0,0,0,3.965,1
24,17,0,0,3,0,0,2,0,6,2,0,0,0,0,0,0,0,0,0,0,0,0,3.6368,1
30,23,0,0,2,0,0,2,0,5,0,0,0,0,0,0,0,0,0,0,0,0,0,3.8729,0
37,30,0,0,3,0,0,2,0,6,2,0,0,0,0,0,0,0,0,0,0,0,0,4.1212,0
23,16,0,0,2,0,0,2,0,5,0,0,0,0,0,0,0,0,0,0,0,0,0,3.8492,0
35,28,0,0,2,1,0,2,0,6,0,0,0,0,1,0,0,0,0,0,0,0,0,4.2617,1
25,18,0,0,1,0,0,2,0,4,0,0,0,0,0,0,0,0,0,0,0,0,0,4.1337,1
26,19,0,0,2,0,0,2,1,5,1,0,0,0,0,0,0,0,0,0,0,0,0,3.7774,1
29,22,0,0,2,0,0,2,0,5,0,0,0,0,0,0,0,0,0,0,0,0,0,3.9094,0
36,29,0,0,3,2,0,2,0,8,1,0,0,0,1,0,0,0,0,0,0,0,0,4.2527,1
19,12,0,0,2,0,0,2,0,5,1,0,0,0,0,0,0,0,0,0,0,0,0,3.5766,0
32,25,0,0,3,0,0,2,0,6,1,0,0,0,0,0,0,1,0,0,0,0,0,4.0306,0
18,11,0,0,2,0,0,2,0,5,0,0,0,0,0,0,0,0,0,0,0,0,0,3.4613,0
22,15,0,0,2,0,0,2,0,5,1,0,0,0,0,0,0,0,0,0,0,0,0,3.6978,0
27,20,0,0,1,0,0,2,0,4,0,0,0,0,0,0,0,0,0,0,0,0,0,3.7821,1
25,18,0,0,1,0,0,2,0,4,0,0,0,0,0,0,0,0,0,0,0,0,0,3.8635,1
26,19,0,0,2,0,0,2,0,5,0,0,0,0,0,0,0,0,0,0,0,0,0,3.7483,1
18,11,0,0,2,0,0,2,0,5,0,0,0,0,0,0,0,0,0,0,0,0,0,3.4613,0
24,17,0,0,2,0,0,2,1,5,1,0,0,0,0,0,1,0,0,0,0,0,0,3.8554,0
18,11,0,0,2,0,0,2,0,5,0,0,0,0,0,0,0,0,0,0,0,0,0,3.4613,0
26,19,0,0,2,0,0,2,0,5,1,0,0,0,0,0,0,0,0,0,0,0,0,4.0851,1
23,16,0,0,1,0,0,2,0,4,0,0,0,0,0,0,0,0,0,0,0,0,0,3.5227,1
25,18,0,0,2,0,0,2,0,5,0,0,0,0,0,0,0,0,0,0,0,0,0,3.8635,0
26,19,0,0,4,0,0,2,0,7,2,0,0,0,0,0,0,0,0,0,0,0,0,3.6903,0
38,31,0,0,3,0,0,2,2,6,1,0,0,0,0,0,0,0,0,0,0,0,0,3.9708,1
17,10,0,0,1,1,0,2,0,5,0,0,0,0,1,0,0,0,0,0,0,0,0,3.8522,1
17,10,0,0,2,0,0,2,2,5,1,0,0,0,0,0,0,0,0,0,0,0,0,3.6169,1
27,20,0,0,2,0,0,2,0,5,0,0,0,0,0,0,0,0,0,0,0,0,0,3.9121,0
20,13,0,0,1,0,0,2,0,4,0,0,0,0,0,0,0,0,0,0,0,0,0,3.5219,1
33,26,0,0,2,2,0,2,0,7,1,0,0,0,1,0,0,2,0,0,0,0,0,4.165,1
26,19,0,0,2,0,0,2,0,5,0,0,0,0,0,0,0,0,0,0,0,0,0,3.7193,0
23,16,0,0,2,0,0,2,0,5,0,0,0,0,0,0,0,0,0,0,0,0,0,3.7623,0
27,20,0,0,3,0,0,2,0,6,1,0,0,0,0,0,0,0,0,0,0,0,0,3.6521,1
23,16,0,0,2,0,0,2,0,5,0,0,0,0,0,0,0,0,0,0,0,0,0,3.8492,1
24,17,0,0,2,0,0,2,0,5,0,0,0,0,0,0,0,0,0,0,0,0,0,3.6887,0
42,35,0,0,2,2,0,2,0,7,1,0,0,0,1,0,0,2,0,0,1,0,0,4.0586,1
21,14,0,0,3,0,0,2,11,6,2,1,0,0,0,0,0,0,0,0,0,0,0,3.6538,1
22,15,0,0,2,0,0,2,0,5,0,0,0,0,0,0,0,0,0,0,0,0,0,3.4817,0
18,11,0,0,2,0,0,2,0,5,1,0,0,0,0,0,0,0,0,0,0,0,0,3.7255,0
35,28,0,0,2,0,0,2,1,5,0,0,0,0,0,0,0,0,0,0,0,0,0,4.0576,1
29,22,0,0,2,2,0,2,0,7,1,0,0,0,1,0,0,0,0,0,0,0,0,4.1423,1
28,21,0,0,1,0,0,2,0,4,0,0,0,0,0,0,0,0,0,0,0,0,0,3.9677,1
26,19,0,0,1,0,0,2,0,4,0,0,0,0,0,0,0,0,0,0,0,0,0,4.1039,1
22,15,0,0,2,0,0,2,0,5,0,0,0,0,0,0,0,0,0,0,0,0,0,3.8797,0
19,12,0,0,2,0,0,2,0,5,1,0,0,0,0,0,0,0,0,0,0,0,0,3.8269,1
24,17,0,0,2,1,0,2,4,6,1,0,0,0,1,0,0,0,0,0,0,0,0,3.9183,1
29,22,0,0,2,0,0,2,0,5,0,0,0,0,0,0,0,0,0,0,0,0,0,3.673,0
25,18,0,0,2,0,0,2,0,5,1,0,0,0,0,0,0,0,0,0,0,0,0,3.9435,1
18,11,0,0,2,0,0,2,0,5,0,0,0,0,0,0,0,0,0,0,0,0,0,3.4613,0
23,16,0,0,1,0,0,2,0,4,0,0,0,0,0,0,0,0,0,0,0,0,0,3.8279,1
30,23,0,0,2,0,0,2,0,5,1,0,0,0,0,0,0,0,0,0,0,0,0,4.0817,0
25,18,0,0,2,0,0,2,0,5,0,0,0,0,0,0,0,0,0,0,0,0,0,3.7337,0
25,18,0,0,1,1,0,2,0,5,0,0,0,0,1,0,0,0,0,0,0,0,0,3.9435,1
18,11,0,0,2,0,0,2,0,5,0,0,0,0,0,0,0,0,0,0,0,0,0,3.3921,0
21,14,0,0,1,0,0,2,0,4,0,0,0,0,0,0,0,0,0,0,0,0,0,3.8209,1
25,18,0,0,2,0,0,2,0,5,1,0,0,0,0,0,0,0,0,0,0,0,0,3.4937,1
20,13,0,0,3,0,0,2,10,6,2,1,0,0,0,0,0,0,0,0,0,0,0,3.4087,1
28,21,0,0,2,0,0,2,0,5,0,0,0,0,0,0,0,0,0,0,0,0,0,3.8424,1
32,25,0,0,2,0,0,2,3,5,1,0,0,0,0,0,0,0,0,0,0,0,0,4.0306,1
24,17,0,0,2,0,0,2,0,5,0,0,0,0,0,0,0,0,0,0,0,0,0,3.6887,0
21,14,0,0,2,0,0,2,0,5,0,0,0,0,0,0,0,0,0,0,0,0,0,3.4399,0
24,17,0,0,2,0,0,2,0,5,0,0,0,0,0,0,0,0,0,0,0,0,0,3.6887,0
23,16,0,0,1,0,0,2,0,4,0,0,0,0,0,0,0,0,0,0,0,0,0,3.8279,1
20,13,0,0,1,0,0,2,0,4,0,0,0,0,0,0,0,0,0,0,0,0,0,3.7842,1
17,10,0,0,1,0,0,2,0,4,0,0,0,0,0,0,0,0,0,0,0,0,0,3.5725,1
43,36,0,0,2,0,0,2,0,5,1,0,0,0,0,0,0,2,0,0,0,1,0,4.2512,1
18,11,0,0,1,0,0,2,0,4,0,0,0,0,0,0,1,0,0,0,0,0,0,3.7947,1
27,20,0,0,2,0,0,2,0,5,1,0,0,0,0,0,0,0,0,0,0,0,0,3.9862,1
19,12,0,0,1,0,0,2,0,4,0,0,0,0,0,0,0,0,0,0,0,0,0,3.4316,1
24,17,0,0,2,0,0,2,0,5,0,0,0,0,0,0,0,0,0,0,0,0,0,3.7721,0
19,12,0,0,2,0,0,2,0,5,0,0,0,0,0,0,0,0,0,0,0,0,0,3.5766,0
26,19,0,0,2,0,0,2,0,5,1,0,0,0,0,0,1,0,0,0,0,0,0,3.8543,0
39,32,0,0,2,0,0,2,0,5,1,0,0,0,0,0,0,0,0,0,0,0,0,4.0672,0
19,12,0,0,1,0,0,2,0,4,0,0,0,0,0,0,0,0,0,0,0,0,0,3.8269,1
18,11,0,0,1,0,0,2,0,4,0,0,0,0,0,0,0,0,0,0,0,0,0,3.3083,1
18,11,0,0,2,0,0,2,0,5,0,0,0,0,0,0,0,0,0,0,0,0,0,3.4613,0
20,13,0,0,2,0,0,2,0,5,1,0,0,0,0,0,0,0,0,0,0,0,0,3.8219,0
22,15,0,0,1,0,0,2,0,4,0,0,0,0,0,0,1,0,0,0,0,0,0,3.7888,1
22,15,0,0,2,0,0,2,0,5,1,0,0,0,0,0,0,0,0,0,0,0,0,4.0049,0
45,38,0,0,2,4,0,2,3,9,1,0,0,0,1,0,0,1,0,0,0,0,0,4.2334,1
30,23,0,0,1,1,0,2,2,5,0,0,0,0,1,0,0,0,0,0,0,0,0,3.9736,1
22,15,0,0,1,0,0,2,0,4,0,0,0,0,0,0,0,0,0,0,0,0,0,3.6069,0
36,29,0,0,2,0,0,2,0,5,0,0,0,0,0,0,0,0,0,0,0,0,0,4.2317,0
30,23,0,0,1,1,0,2,0,5,0,0,0,0,1,0,0,0,0,0,0,0,0,3.8981,0
18,11,0,0,1,0,0,2,0,4,0,0,0,0,0,0,0,0,0,0,0,0,0,3.5033,1
33,26,0,0,2,0,0,2,0,5,0,0,0,0,0,0,0,0,0,0,0,0,0,4.0061,0
23,16,0,0,2,0,0,2,0,5,0,0,0,0,0,0,0,0,0,0,0,0,0,3.7294,1
40,33,0,0,2,0,0,2,14,5,1,0,0,0,0,0,0,0,0,0,0,0,0,4.2276,1
20,13,0,0,1,0,0,2,0,4,0,0,0,0,0,0,0,0,0,0,0,0,0,3.4219,1
25,18,0,0,1,0,0,2,0,4,0,0,0,0,0,0,0,0,0,0,0,0,0,3.6693,1
28,21,0,0,2,0,0,2,0,5,0,0,0,0,0,0,0,0,0,0,0,0,0,3.7534,0
41,34,0,0,2,2,0,2,0,7,1,0,0,0,1,0,0,1,0,0,0,0,0,4.0097,1
32,25,0,0,2,2,0,2,3,7,1,0,0,0,1,0,0,0,0,0,0,0,0,4.2653,1
23,16,0,0,2,0,0,2,0,5,0,0,0,0,0,0,0,0,0,0,0,0,0,3.7623,0
25,18,0,0,1,0,0,2,0,4,0,0,0,0,0,0,0,0,0,0,0,0,0,3.4635,1
20,13,0,0,1,1,0,2,0,5,0,0,0,0,1,0,0,0,0,0,0,0,0,3.6842,1
23,16,0,0,1,0,0,2,0,4,0,0,0,0,0,0,0,0,0,0,0,0,0,3.882,1
19,12,0,0,1,0,0,2,0,4,0,0,0,0,0,0,0,0,0,0,0,0,0,3.6819,1
26,19,0,0,2,0,0,2,2,5,1,0,0,0,0,0,0,0,0,0,0,0,0,4.056,1
30,23,0,0,2,0,0,2,0,5,0,0,0,0,0,0,0,0,0,0,0,0,0,3.8314,1
26,19,0,0,2,0,0,2,0,5,0,0,0,0,0,0,0,0,0,0,0,0,0,3.7193,0
65,58,0,0,2,6,0,2,4,11,1,0,0,0,1,0,0,0,0,0,0,0,0,4.3908,1
27,20,0,0,2,0,0,2,5,5,1,0,0,0,0,0,0,0,0,0,0,0,0,3.8562,1
31,24,0,0,2,1,0,2,0,6,0,0,0,0,1,0,0,0,0,0,0,0,0,3.8647,1
23,16,0,0,2,0,0,2,0,5,0,0,0,0,0,0,0,0,0,0,0,0,0,3.6212,0
18,11,0,0,2,0,0,2,0,5,1,0,0,0,0,0,0,0,0,0,0,0,0,3.7255,0
28,21,0,0,2,0,0,2,0,5,1,0,0,0,0,0,0,0,0,0,0,0,0,3.8693,1
22,15,0,0,2,0,0,2,0,5,0,0,0,0,0,0,0,0,0,0,0,0,0,3.9706,0
24,17,0,0,2,1,0,2,4,6,1,0,0,0,1,0,0,0,0,0,0,0,0,3.835,1
28,21,0,0,3,0,0,2,0,6,2,0,0,0,0,0,0,0,0,0,0,0,0,3.655,1
22,15,0,0,1,0,0,2,0,4,0,0,0,0,0,0,0,0,0,0,0,0,0,3.9706,1
31,24,0,0,2,0,0,2,0,5,0,0,0,0,0,0,0,0,0,0,0,0,0,3.9937,0
24,17,0,0,2,0,0,2,0,5,0,0,0,0,0,0,0,0,0,0,0,0,0,3.6887,0
26,19,0,0,2,0,0,2,0,5,1,0,0,0,0,0,0,0,0,0,0,0,0,3.7483,1
31,24,0,0,2,1,0,2,0,6,0,0,0,0,1,0,0,0,0,0,0,0,0,3.6034,0
32,25,0,0,2,2,0,2,6,7,1,0,0,0,1,0,0,0,0,0,0,0,0,3.9528,1
25,18,0,0,2,0,0,2,0,5,0,0,0,0,0,0,0,0,0,0,0,0,0,3.7835,1
26,19,0,0,2,0,0,2,0,5,0,0,0,0,0,0,0,0,0,0,0,0,0,3.8731,0
23,16,0,0,2,0,0,2,0,5,1,0,0,0,0,0,0,0,0,0,0,0,0,3.5884,1
19,12,0,0,1,0,0,2,3,4,0,0,0,0,0,0,0,0,0,0,0,0,0,3.7216,1
23,16,0,0,2,0,0,2,0,5,1,0,0,0,0,0,0,0,0,0,0,0,0,3.9149,0
110,103,0,0,13,1,2,2,5,19,11,0,0,0,1,0,0,0,0,0,0,0,0,4.5074,1
27,20,0,0,2,0,0,2,0,5,1,0,0,0,0,0,0,0,0,0,0,0,0,3.9401,1
27,20,0,0,1,0,0,2,0,4,0,0,0,0,0,0,0,0,0,0,0,0,0,3.736,1
26,19,0,0,1,0,0,2,0,4,0,0,0,0,0,0,0,0,0,0,0,0,0,4.1329,1
21,14,0,0,2,0,0,2,0,5,0,0,0,0,0,0,0,0,0,0,0,0,0,3.6897,0
13,6,0,0,1,0,0,2,0,4,0,0,0,0,0,0,1,0,0,0,0,0,0,3.0851,1
24,17,0,0,2,0,0,2,0,5,0,0,0,0,0,0,0,0,0,0,0,0,0,3.7406,0
28,21,0,0,3,0,0,2,0,6,1,0,0,0,0,0,0,0,0,0,0,0,0,3.8424,0
26,19,0,0,2,1,0,2,0,6,1,0,0,0,1,0,0,0,0,0,0,0,0,3.8731,1
23,16,0,0,3,0,0,2,0,6,1,0,0,0,0,0,0,0,0,0,0,0,0,3.7623,0
28,21,0,0,2,1,0,2,0,6,0,0,0,0,1,0,0,0,0,0,0,0,0,3.8693,0
26,19,0,0,2,0,0,2,0,5,0,0,0,0,0,0,0,0,0,0,0,0,0,3.8441,0
25,18,0,0,2,0,0,2,0,5,1,0,0,0,0,0,0,0,0,0,0,0,0,3.7835,0
23,16,0,0,2,0,0,2,0,5,0,0,0,0,0,0,0,0,0,0,0,0,0,3.7951,0
23,16,0,0,2,0,0,2,0,5,0,0,0,0,0,0,0,0,0,0,0,0,0,3.5884,0
21,14,0,0,3,0,0,2,11,6,2,1,0,0,0,0,0,0,0,0,0,0,0,2.9871,1
18,11,0,0,2,0,0,2,0,5,0,0,0,0,0,0,0,0,0,0,0,0,0,3.4613,0
32,25,0,0,2,0,0,2,0,5,1,0,0,0,0,0,0,0,0,0,0,0,0,4.1167,0
29,22,0,0,2,2,0,2,0,7,1,0,0,0,1,0,0,0,0,0,0,0,0,3.8833,1
29,22,0,0,2,1,0,2,5,6,1,0,0,0,1,0,0,0,0,0,0,0,0,4.0902,1
17,10,0,0,1,0,0,2,0,4,0,0,0,0,0,0,0,0,0,0,0,0,0,3.4548,1
21,14,0,0,1,0,0,2,0,4,0,0,0,0,0,0,0,0,0,0,0,0,0,3.5585,1
24,17,0,0,1,0,0,2,0,4,0,0,0,0,0,0,0,0,0,0,0,0,0,3.9702,1
60,53,0,0,6,1,0,2,1,10,5,0,0,0,1,0,0,0,0,0,0,0,0,4.2855,1
36,29,0,0,2,0,0,2,0,5,0,0,0,0,0,0,0,0,0,0,0,0,0,4.2317,0
31,24,0,0,2,1,0,2,5,6,1,0,0,0,1,0,0,1,0,0,0,0,0,4.0023,1
24,17,0,0,2,0,0,2,0,5,0,0,0,0,0,0,0,0,0,0,0,0,0,4.0535,0
26,19,0,0,1,0,0,2,0,4,0,0,0,0,0,0,0,0,0,0,0,0,0,3.7962,0
29,22,0,0,3,0,0,2,0,6,2,0,0,0,0,0,0,0,0,0,0,0,0,4.0213,0
25,18,0,0,3,0,0,2,0,6,1,0,0,0,0,0,0,0,0,0,0,0,0,3.5435,0
27,20,0,0,2,1,0,2,0,6,0,0,0,0,1,0,0,0,0,0,0,0,0,3.7784,0
25,18,0,0,3,0,0,2,0,6,1,0,0,0,0,0,0,0,0,0,0,0,0,3.7533,0
18,11,0,0,2,0,0,2,0,5,0,0,0,0,0,0,0,0,0,0,0,0,0,3.4613,0
28,21,0,0,2,0,0,2,0,5,0,0,0,0,0,0,1,0,0,0,0,0,0,3.8249,0
32,25,0,0,2,0,0,2,0,5,0,0,0,0,0,0,1,0,0,0,0,0,0,4.0511,1
18,11,0,0,2,0,0,2,0,5,1,0,0,0,0,0,0,0,0,0,0,0,0,3.7255,1
18,11,0,0,2,0,0,2,0,5,0,0,0,0,0,0,0,0,0,0,0,0,0,3.4613,0
26,19,0,0,1,0,0,2,0,4,0,0,0,0,0,0,0,0,0,0,0,0,0,3.7193,1
24,17,0,0,1,0,0,2,0,4,0,0,0,0,0,0,0,0,0,0,0,0,0,4.0535,1
23,16,0,0,3,0,0,2,0,6,1,0,0,0,0,0,0,0,0,0,0,0,0,3.6753,0
27,20,0,0,2,1,0,2,0,6,1,0,0,0,1,0,0,1,0,0,0,0,0,3.9545,1
21,14,0,0,1,0,0,2,0,4,0,0,0,0,0,0,0,0,0,0,0,0,0,3.5945,1
18,11,0,0,2,0,0,2,0,5,0,0,0,0,0,0,0,0,0,0,0,0,0,3.4613,0
26,19,0,0,2,0,0,2,0,5,0,0,0,0,0,0,0,0,0,0,0,0,0,3.9022,0
38,31,0,0,2,2,0,2,2,7,1,0,0,0,1,0,0,0,0,0,0,0,0,4.1433,1
21,14,0,0,1,0,0,2,0,4,0,0,0,0,0,0,0,0,0,0,0,0,0,4.0114,1
18,11,0,0,2,0,0,2,0,5,0,0,0,0,0,0,0,0,0,0,0,0,0,3.4613,0
26,19,0,0,2,1,0,2,0,6,1,0,0,0,1,0,0,0,0,0,0,0,0,4.1039,1
28,21,0,0,2,1,0,2,2,6,1,0,0,0,1,0,0,0,0,0,0,0,0,4.2804,1
31,24,0,0,2,1,0,2,0,6,1,0,0,0,1,0,0,0,0,0,0,0,0,4.1037,1
34,27,0,0,2,1,0,2,0,6,1,0,0,0,1,0,0,0,0,0,0,0,0,3.9254,0
20,13,0,0,1,0,0,2,3,4,0,0,0,0,0,0,0,0,0,0,0,0,0,3.8219,1
25,18,0,0,2,0,0,2,0,5,1,0,0,0,0,0,0,0,0,0,0,0,0,3.7835,0
28,21,0,0,2,0,0,2,0,5,0,0,0,0,0,0,0,0,0,0,0,0,0,3.744,1
26,19,0,0,2,0,0,2,0,5,1,0,0,0,0,0,0,0,0,0,0,0,0,3.9312,1
38,31,0,0,2,1,0,2,0,6,0,0,0,0,1,0,0,1,0,0,0,0,0,4.2866,1
20,13,0,0,2,0,0,2,0,5,0,0,0,0,0,0,0,0,0,0,0,0,0,3.6842,0
28,21,0,0,1,1,0,2,0,5,0,0,0,0,1,0,0,0,0,0,0,0,0,4.0391,1
22,15,0,0,2,0,0,2,0,5,0,0,0,0,0,0,1,0,0,0,0,0,0,3.5726,0
26,19,0,0,2,1,0,2,2,6,1,0,0,0,1,0,0,0,0,0,0,0,0,4.0851,1
32,25,0,0,2,2,0,2,0,7,1,0,0,0,1,0,0,0,0,0,0,0,0,3.8636,1
32,25,0,0,2,0,0,2,5,5,1,0,0,0,0,0,0,0,0,0,0,0,0,4.0542,1
20,13,0,0,2,0,0,2,0,5,0,0,0,0,0,0,0,0,0,0,0,0,0,3.4219,0
18,11,0,0,2,0,0,2,0,5,0,0,0,0,0,0,0,0,0,0,0,0,0,3.3921,0
18,11,0,0,2,0,0,2,0,5,0,0,0,0,0,0,0,0,0,0,0,0,0,3.4613,0
18,11,0,0,2,0,0,2,0,5,0,0,0,0,0,0,0,0,0,0,0,0,0,3.4613,0
19,12,0,0,1,0,0,2,0,4,0,0,0,0,0,0,0,0,0,0,0,0,0,3.6819,1
18,11,0,0,2,0,0,2,0,5,0,0,0,0,0,0,0,0,0,0,0,0,0,3.4613,0
34,27,0,0,2,1,0,2,0,6,1,0,0,0,1,0,0,0,0,0,0,0,0,4.0209,1
22,15,0,0,2,0,0,2,4,5,1,0,0,0,0,0,0,0,0,0,0,0,0,3.6069,1
23,16,0,0,2,0,0,2,0,5,0,0,0,0,0,0,0,0,0,0,0,0,0,3.6425,1
32,25,0,0,2,0,0,2,0,5,1,0,0,0,0,0,0,0,0,0,0,0,0,3.9917,1
19,12,0,0,2,0,0,2,0,5,1,0,0,0,0,0,0,0,0,0,0,0,0,3.6163,0
22,15,0,0,2,0,0,2,0,5,0,0,0,0,0,0,0,0,0,0,0,0,0,3.8797,0
24,17,0,0,2,0,0,2,4,5,1,0,0,0,0,0,0,0,0,0,0,0,0,4.1683,1
28,21,0,0,1,1,0,2,0,5,0,0,0,0,1,0,0,0,0,0,0,0,0,4.0661,1
33,26,0,0,2,1,0,2,0,6,0,0,0,0,1,0,0,0,0,0,0,0,0,3.9077,0
32,25,0,0,2,1,0,2,0,6,0,0,0,0,1,0,1,0,0,0,0,0,0,3.9445,0
26,19,0,0,1,0,0,2,0,4,0,0,0,0,0,0,0,0,0,0,0,0,0,3.7193,1
28,21,0,0,2,0,0,2,0,5,1,0,0,0,0,0,0,0,0,0,0,0,0,3.5495,1
36,29,0,0,2,0,0,2,0,5,1,0,0,0,0,0,0,0,0,0,0,0,0,4.0305,0
28,21,0,0,3,0,0,2,0,6,1,0,0,0,0,0,0,0,0,0,0,0,0,4.0391,0
20,13,0,0,1,0,0,2,0,4,0,0,0,0,0,0,0,0,0,0,0,0,0,3.7219,1
27,20,0,0,2,1,0,2,0,6,1,0,0,0,1,0,0,0,0,0,0,0,0,3.5744,1
23,16,0,0,2,0,0,2,0,5,1,0,0,0,0,0,0,0,0,0,0,0,0,3.882,0
28,21,0,0,3,0,0,2,0,6,1,0,0,0,0,0,0,0,0,0,0,0,0,4.182,0
35,28,0,0,3,1,0,2,0,7,2,0,0,0,1,0,0,0,0,0,0,0,0,3.8174,1
18,11,0,0,2,0,0,2,0,5,0,0,0,0,0,0,0,0,0,0,0,0,0,3.3921,0
31,24,0,0,1,1,0,2,0,5,0,0,0,0,1,0,0,0,0,0,0,0,0,4.1926,1
30,23,0,0,2,1,0,2,0,6,1,0,0,0,1,0,0,0,0,0,0,0,0,3.9647,1
28,21,0,0,3,0,0,2,0,6,1,0,0,0,0,0,0,0,0,0,0,0,0,4.182,0
21,14,0,0,2,0,0,2,0,5,0,0,0,0,0,0,1,0,0,0,0,0,0,3.4992,0
22,15,0,0,1,1,0,2,0,5,0,0,0,0,1,0,0,0,0,0,0,0,0,3.9706,1
17,10,0,0,1,1,0,2,0,5,0,0,0,0,1,0,0,0,0,0,0,0,0,3.8522,1
20,13,0,0,1,0,0,2,0,4,0,0,0,0,0,0,0,0,0,0,0,0,0,3.6842,1
30,23,0,0,2,0,0,2,0,5,0,0,0,0,0,0,0,0,0,0,0,0,0,4.1647,0
20,13,0,0,1,0,0,2,0,4,0,0,0,0,0,0,0,0,0,0,0,0,0,3.7219,1
18,11,0,0,1,0,0,2,0,4,0,0,0,0,0,0,0,0,0,0,0,0,0,3.281,1
17,10,0,0,1,0,0,2,0,4,0,0,0,0,0,0,0,0,0,0,0,0,0,3.7345,1
47,40,0,0,2,0,0,2,0,5,0,0,0,0,0,0,0,0,0,0,0,0,0,4.176,1
18,11,0,0,1,0,0,2,0,4,0,0,0,0,0,0,0,0,0,0,0,0,0,3.6835,1
25,18,0,0,2,0,0,2,0,5,0,0,0,0,0,0,0,0,0,0,0,0,0,3.9737,0
25,18,0,0,2,0,0,2,0,5,0,0,0,0,0,0,0,0,0,0,0,0,0,3.7835,0
28,21,0,0,3,1,0,2,0,7,1,0,0,0,1,0,0,0,0,0,0,0,0,3.9233,0
30,23,0,0,2,0,0,2,0,5,0,0,0,0,0,0,0,0,0,0,0,0,0,4.0566,0
31,24,0,0,2,0,0,2,0,5,0,0,0,0,0,0,0,0,0,0,0,0,0,4.1715,0
32,25,0,0,1,1,0,2,0,5,0,0,0,0,1,0,0,0,0,0,0,0,0,3.8514,1
27,20,0,0,3,0,0,2,2,6,1,0,0,0,0,0,0,0,0,0,0,0,0,3.8842,1
34,27,0,0,1,0,0,2,0,4,0,0,0,0,0,0,0,0,0,0,0,0,0,4.1019,1
18,11,0,0,2,0,0,2,0,5,1,0,0,0,0,0,0,0,0,0,0,0,0,3.5033,0
18,11,0,0,2,0,0,2,0,5,0,0,0,0,0,0,0,0,0,0,0,0,0,3.3502,0
22,15,0,0,3,0,0,2,0,6,1,0,0,0,0,0,0,0,0,0,0,0,0,3.5726,0
32,25,0,0,2,0,0,2,0,5,0,0,0,0,0,0,1,0,0,0,0,0,0,4.0389,0
22,15,0,0,2,0,0,2,0,5,1,0,0,0,0,0,1,0,0,0,0,0,0,3.6412,1
22,15,0,0,2,0,0,2,0,5,1,0,0,0,0,0,0,0,0,0,0,0,0,3.6635,0
27,20,0,0,1,0,0,2,0,4,0,0,0,0,0,0,0,0,0,0,0,0,0,3.9401,0
28,21,0,0,3,0,0,2,0,6,1,0,0,0,0,0,0,0,0,0,0,0,0,4.0391,0
24,17,0,0,2,0,0,2,0,5,0,0,0,0,0,0,0,0,0,0,0,0,0,3.6683,0
28,21,0,0,1,0,0,2,2,4,0,0,0,0,0,0,0,0,0,0,0,0,0,3.9408,1
33,26,0,0,2,0,0,2,0,5,0,0,0,0,0,0,0,0,0,0,0,0,0,4.0289,0
24,17,0,0,2,1,0,2,4,6,1,0,0,0,1,0,0,0,0,0,0,0,0,3.9183,1
27,20,0,0,2,0,0,2,0,5,0,0,0,0,0,0,0,0,0,0,0,0,0,3.9303,0
28,21,0,0,3,0,0,2,0,6,1,0,0,0,0,0,0,0,0,0,0,0,0,4.182,0
23,16,0,0,2,0,0,2,0,5,1,0,0,0,0,0,0,0,0,0,0,0,0,3.6753,0
41,34,0,0,2,0,0,2,4,5,1,0,0,0,0,0,0,0,0,0,0,0,0,4.3731,1
21,14,0,0,3,0,0,2,11,6,2,1,0,0,0,0,0,0,0,0,0,0,0,2.9871,1
19,12,0,0,2,0,0,2,0,5,1,0,0,0,0,0,0,0,0,0,0,0,0,3.6163,1
14,7,0,0,1,0,0,2,0,4,0,0,0,0,0,0,0,0,0,0,0,0,0,3.182,1
21,14,0,0,1,0,0,2,0,4,0,0,0,0,0,0,0,0,0,0,0,0,0,3.6538,1
18,11,0,0,2,0,0,2,0,5,0,0,0,0,0,0,0,0,0,0,0,0,0,3.4613,0
22,15,0,0,2,1,0,2,0,6,0,0,0,0,1,0,0,0,0,0,0,0,0,3.6978,0
16,9,0,0,1,0,0,2,0,4,0,0,0,0,0,0,0,0,0,0,0,0,0,3.5778,1
19,12,0,0,1,0,0,2,0,4,0,0,0,0,0,0,0,0,0,0,0,0,0,3.4316,1
26,19,0,0,2,0,0,2,0,5,0,0,0,0,0,0,0,0,0,0,0,0,0,3.9022,0
32,25,0,0,2,0,0,2,0,5,0,0,0,0,0,0,0,0,0,0,0,0,0,4.0153,1
28,21,0,0,3,0,0,2,0,6,1,0,0,0,0,0,0,0,0,0,0,0,0,4.182,0
20,13,0,0,1,0,0,2,0,4,0,0,0,0,0,0,0,0,0,0,0,0,0,3.8219,1
22,15,0,0,2,0,0,2,0,5,0,0,0,0,0,0,0,0,0,0,0,0,0,3.7888,0
26,19,0,0,2,0,0,2,0,5,0,0,0,0,0,0,0,0,0,0,0,0,0,3.7193,0
25,18,0,0,2,0,0,2,0,5,0,0,0,0,0,0,0,0,0,0,0,0,0,4.0537,0
33,26,0,0,1,2,0,2,0,6,0,0,0,0,1,0,0,0,0,0,0,0,0,3.9683,0
23,16,0,0,1,0,0,2,0,4,0,0,0,0,0,0,0,0,0,0,0,0,0,3.6212,1
32,25,0,0,2,0,0,2,0,5,0,0,0,0,0,0,0,0,0,0,0,0,0,4.0153,1
18,11,0,0,2,0,0,2,0,5,0,0,0,0,0,0,0,0,0,0,0,0,0,3.4613,0
40,33,0,0,2,2,0,2,4,7,1,0,0,0,1,0,0,0,0,0,0,0,0,4.3342,1
27,20,0,0,2,0,0,2,0,5,1,0,0,0,0,0,0,0,0,0,0,0,0,3.9303,1
28,21,0,0,2,1,0,2,0,6,1,0,0,0,1,0,0,0,0,0,0,0,0,3.8249,1
27,20,0,0,1,0,0,2,0,4,0,0,0,0,0,0,1,0,0,0,0,0,0,3.8525,1
26,19,0,0,3,0,0,2,0,6,1,0,0,0,0,0,0,0,0,0,0,0,0,4.027,0
38,31,0,0,2,2,0,2,2,7,1,0,0,0,1,0,0,0,0,0,0,0,0,4.1433,1
21,14,0,0,2,0,0,2,0,5,1,0,0,0,0,0,0,0,0,0,0,0,0,3.4585,1
27,20,0,0,2,1,0,2,0,6,0,0,0,0,1,0,0,0,0,0,0,0,0,3.9582,0
38,31,0,0,3,0,0,2,0,6,2,0,0,0,0,0,0,1,0,0,0,0,1,3.7077,1
24,17,0,0,3,0,0,2,0,6,1,0,0,0,0,0,0,0,0,0,0,0,0,3.7721,0
23,16,0,0,2,0,0,2,0,5,0,0,0,0,0,0,1,0,0,0,0,0,0,3.5555,0
25,18,0,0,2,0,0,2,0,5,0,0,0,0,0,0,0,0,0,0,0,0,0,3.8937,0
28,21,0,0,3,0,0,2,0,6,1,0,0,0,0,0,0,0,0,0,0,0,0,4.182,0
33,26,0,0,1,0,0,2,0,4,0,0,0,0,0,0,0,0,0,0,0,0,0,3.8849,1
28,21,0,0,1,0,0,2,0,4,0,0,0,0,0,0,0,0,0,0,0,0,0,3.7979,1
29,22,0,0,1,1,0,2,0,5,0,0,0,0,1,0,0,0,0,0,0,0,0,3.9059,1
19,12,0,0,1,0,0,2,1,4,0,0,0,0,0,0,0,0,0,0,0,0,0,3.5766,1
22,15,0,0,1,0,0,2,0,4,0,0,0,0,0,0,0,0,0,0,0,0,0,3.7888,1
92,85,0,0,5,0,0,2,18,8,4,0,0,0,0,0,0,0,0,0,0,0,0,4.7901,1
25,18,0,0,1,1,0,2,0,5,0,0,0,0,1,0,0,0,0,0,0,0,0,3.9435,0
25,18,0,0,3,0,0,2,0,6,1,0,0,0,0,0,0,0,0,0,0,0,0,3.5133,0
36,29,0,0,2,0,0,2,0,5,1,0,0,0,0,0,0,0,0,0,0,0,0,4.1042,1
32,25,0,0,2,0,0,2,0,5,1,0,0,0,0,0,0,0,0,0,0,0,0,4.2028,1
33,26,0,0,1,0,0,2,0,4,0,0,0,0,0,0,0,0,0,0,0,0,0,3.653,0
18,11,0,0,2,0,0,2,0,5,1,0,0,0,0,0,0,0,0,0,0,0,0,3.7255,0
33,26,0,0,1,0,0,2,0,4,0,0,0,0,0,0,0,0,0,0,0,0,0,3.9683,1
33,26,0,0,2,2,0,2,6,7,1,0,0,0,1,0,0,0,0,0,0,0,0,4.1502,1
17,10,0,0,2,0,0,2,2,5,1,0,0,0,0,0,0,0,0,0,0,0,0,3.6169,1
34,27,0,0,2,0,0,2,6,5,1,0,0,0,0,0,0,0,0,0,0,0,0,4.3372,1
28,21,0,0,1,0,0,2,0,4,0,0,0,0,0,0,0,0,0,0,0,0,0,3.9233,1
19,12,0,0,1,0,0,2,0,4,0,0,0,0,0,0,0,0,0,0,0,0,0,3.7216,1
36,29,0,0,2,0,0,2,0,5,1,0,0,0,0,0,0,0,0,0,0,0,0,3.8565,1
29,22,0,0,2,0,0,2,0,5,0,0,0,0,0,0,0,0,0,0,0,0,0,3.8573,1
121,114,0,0,15,0,0,2,0,18,14,0,0,0,0,0,0,2,1,0,0,1,0,3.8671,1
25,18,0,0,2,1,0,2,0,6,0,0,0,0,1,0,0,0,0,0,0,0,0,3.8635,0
18,11,0,0,1,0,0,2,0,4,0,0,0,0,0,0,0,0,0,0,0,0,0,3.7947,1
34,27,0,0,2,0,0,2,0,5,0,0,0,0,0,0,0,0,0,0,0,0,0,3.6543,0
18,11,0,0,2,0,0,2,0,5,0,0,0,0,0,0,0,0,0,0,0,0,0,3.4613,0
18,11,0,0,2,0,0,2,0,5,0,0,0,0,0,0,0,0,0,0,0,0,0,3.4613,0
29,22,0,0,2,0,0,2,0,5,0,0,0,0,0,0,0,0,0,0,0,0,0,3.9783,1
24,17,0,0,1,0,0,2,0,4,0,0,0,0,0,0,0,0,0,0,0,0,0,3.9702,1
23,16,0,0,1,0,0,2,0,4,0,0,0,0,0,0,0,0,0,0,0,0,0,3.8492,1
16,9,0,0,1,0,0,2,0,4,0,0,0,0,0,0,0,0,0,0,0,0,0,3.625,1
27,20,0,0,2,0,0,2,0,5,0,0,0,0,0,0,0,0,0,0,0,0,0,3.838,0
26,19,0,0,4,0,0,2,0,7,2,0,0,0,0,0,0,0,0,0,0,0,0,3.6235,0
28,21,0,0,2,0,0,2,0,5,0,0,0,0,0,0,0,0,0,0,0,0,0,4.1375,0
30,23,0,0,2,0,0,2,0,5,0,0,0,0,0,0,0,0,0,0,0,0,0,4.0151,0
30,23,0,0,1,0,0,2,0,4,0,0,0,0,0,0,0,0,0,0,0,0,0,4.0566,1
28,21,0,0,2,0,0,2,0,5,0,0,0,0,0,0,0,0,0,0,0,0,0,3.655,0
24,17,0,0,2,0,0,2,0,5,0,0,0,0,0,0,0,0,0,0,0,0,0,3.6573,0
21,14,0,0,1,0,0,2,0,4,0,0,0,0,0,0,0,0,0,0,0,0,0,3.6538,1
27,20,0,0,1,0,0,2,0,4,0,0,0,0,0,0,0,0,0,0,0,0,0,4.0043,1
37,30,0,0,3,0,0,2,0,6,2,0,0,0,0,0,0,0,0,0,0,0,0,4.1212,0
31,24,0,0,2,0,0,2,0,5,0,0,0,0,0,0,0,0,0,0,0,0,0,3.7199,1
23,16,0,0,2,0,0,2,0,5,0,0,0,0,0,0,0,0,0,0,0,0,0,3.7623,0
22,15,0,0,2,0,0,2,0,5,0,0,0,0,0,0,0,0,0,0,0,0,0,3.7544,0
29,22,0,0,2,0,0,2,0,5,1,0,0,0,0,0,0,0,0,0,0,0,0,4.0304,1
31,24,0,0,1,0,0,2,0,4,0,0,0,0,0,0,0,0,0,0,0,0,0,3.9779,1
23,16,0,0,2,0,0,2,0,5,1,0,0,0,0,0,0,0,0,0,0,0,0,3.741,0
24,17,0,0,2,1,0,2,4,6,1,0,0,0,1,0,0,0,0,0,0,0,0,3.9183,1
29,22,0,0,2,2,0,2,0,7,1,0,0,0,1,0,0,0,0,0,0,0,0,3.8833,1
22,15,0,0,2,0,0,2,0,5,0,0,0,0,0,0,0,0,0,0,0,0,0,3.7888,0
23,16,0,0,2,0,0,2,0,5,0,0,0,0,0,0,0,0,0,0,0,0,0,3.5555,0
24,17,0,0,2,0,0,2,0,5,0,0,0,0,0,0,0,0,0,0,0,0,0,3.6887,0
24,17,0,0,2,1,0,2,0,6,0,0,0,0,1,0,0,0,0,0,0,0,0,3.9702,1
25,18,0,0,1,0,0,2,0,4,0,0,0,0,0,0,0,0,0,0,0,0,0,3.7533,1
13,6,0,0,1,0,0,2,0,4,0,0,0,0,0,0,1,0,0,0,0,0,0,3.0851,1
27,20,0,0,1,0,0,2,0,4,0,0,0,0,0,0,0,0,0,0,0,0,0,3.8101,0
34,27,0,0,2,2,0,2,2,7,1,0,0,0,1,0,0,1,0,0,0,0,0,4.3594,1
26,19,0,0,2,0,0,2,0,5,0,0,0,0,0,0,0,0,0,0,0,0,0,3.7483,0
23,16,0,0,2,0,0,2,0,5,1,0,0,0,0,0,0,0,0,0,0,0,0,3.9149,1
24,17,0,0,2,0,0,2,0,5,0,0,0,0,0,0,0,0,0,0,0,0,0,3.6887,0
30,23,0,0,2,0,0,2,0,5,0,0,0,0,0,0,0,0,0,0,0,0,0,4.1232,0
28,21,0,0,2,0,0,2,0,5,0,0,0,0,0,0,0,0,0,0,0,0,0,3.9408,1
28,21,0,0,1,0,0,2,0,4,0,0,0,0,0,0,0,0,0,0,0,0,0,3.7979,1
24,17,0,0,2,0,0,2,0,5,0,0,0,0,0,0,0,0,0,0,0,0,0,3.6887,0
20,13,0,0,1,0,0,2,0,4,0,0,0,0,0,0,0,0,0,0,0,0,0,3.4842,0
23,16,0,0,3,0,0,2,0,6,1,0,0,0,0,0,0,0,0,0,0,0,0,3.6753,0
26,19,0,0,2,0,0,2,0,5,0,0,0,0,0,0,0,0,0,0,0,0,0,3.9791,0
45,38,0,0,2,1,0,2,3,6,1,0,0,0,1,0,0,3,1,0,0,0,0,4.3726,1
30,23,0,0,1,1,0,2,0,5,0,0,0,0,1,0,0,0,0,0,0,0,0,4.2817,1
15,8,0,0,1,0,0,2,1,4,0,0,0,0,0,0,0,0,0,0,0,0,0,3.5069,1
34,27,0,0,1,2,0,2,0,6,0,0,0,0,1,0,0,0,0,0,0,0,0,4.1019,1
34,27,0,0,2,0,0,2,0,5,1,0,0,0,0,0,0,0,0,0,0,0,0,3.7412,1
24,17,0,0,2,0,0,2,0,5,0,0,0,0,0,0,0,0,0,0,0,0,0,3.8554,0
28,21,0,0,3,0,0,2,0,6,1,0,0,0,0,0,0,0,0,0,0,0,0,3.7979,1
26,19,0,0,1,1,0,2,0,5,0,0,0,0,1,0,0,0,0,0,0,0,0,3.9022,1
17,10,0,0,2,0,0,2,0,5,1,0,0,0,0,0,0,0,0,0,0,0,0,3.3372,1
24,17,0,0,2,0,0,2,0,5,0,0,0,0,0,0,0,0,0,0,0,0,0,4.0535,0
25,18,0,0,3,0,0,2,0,6,1,0,0,0,0,0,0,0,0,0,0,0,0,3.7533,0
33,26,0,0,1,0,0,2,0,4,0,0,0,0,0,0,0,0,0,0,0,0,0,4.0377,1
25,18,0,0,3,0,0,2,0,6,1,0,0,0,0,0,0,0,0,0,0,0,0,3.7533,0
24,17,0,0,2,1,0,2,0,6,0,0,0,0,1,0,0,0,0,0,0,0,0,3.9702,1
23,16,0,0,2,0,0,2,0,5,0,0,0,0,0,0,0,0,0,0,0,0,0,3.8492,0
25,18,0,0,2,0,0,2,0,5,1,0,0,0,0,0,0,0,0,0,0,0,0,3.7835,0
26,19,0,0,2,0,0,2,0,5,0,0,0,0,0,0,0,0,0,0,0,0,0,3.8731,0
25,18,0,0,2,0,0,2,0,5,0,0,0,0,0,0,0,0,0,0,0,0,0,4.0537,0
17,10,0,0,1,0,0,2,0,4,0,0,0,0,0,0,0,0,0,0,0,0,0,3.6169,1
25,18,0,0,2,0,0,2,0,5,0,0,0,0,0,0,0,0,0,0,0,0,0,3.7533,0
22,15,0,0,2,0,0,2,0,5,0,0,0,0,0,0,0,0,0,0,0,0,0,3.6635,0
31,24,0,0,2,0,0,2,0,5,0,0,0,0,0,0,0,0,0,0,0,0,0,4.0424,0
18,11,0,0,2,0,0,2,0,5,0,0,0,0,0,0,0,0,0,0,0,0,0,3.4613,0
18,11,0,0,1,0,0,2,0,4,0,0,0,0,0,0,0,0,0,0,0,0,0,3.6144,0
19,12,0,0,2,0,0,2,0,5,1,0,0,0,0,0,0,0,0,0,0,0,0,3.5766,1
33,26,0,0,2,0,0,2,4,5,1,0,0,0,0,0,0,0,0,0,0,0,0,4.4532,1
28,21,0,0,2,0,0,2,0,5,0,0,0,0,0,0,0,0,0,0,0,0,0,4.1106,1
33,26,0,0,2,0,0,2,0,5,0,0,0,0,0,0,0,0,0,0,0,0,0,3.7636,0
24,17,0,0,2,0,0,2,0,5,1,0,0,0,0,0,0,0,0,0,0,0,0,4.1683,1
18,11,0,0,2,0,0,2,0,5,0,0,0,0,0,0,0,0,0,0,0,0,0,3.4613,0
23,16,0,0,2,0,0,2,0,5,1,0,0,0,0,0,0,0,0,0,0,0,0,3.741,0
26,19,0,0,2,0,0,2,1,5,0,0,0,0,0,0,0,0,0,0,0,0,0,3.921,1
24,17,0,0,1,0,0,2,0,4,0,0,0,0,0,0,0,0,0,0,0,0,0,3.9387,1
21,14,0,0,3,0,0,2,11,6,2,1,0,0,0,0,0,0,0,0,0,0,0,2.9871,1
25,18,0,0,2,0,0,2,0,5,0,0,0,0,0,0,0,0,0,0,0,0,0,3.9435,0
18,11,0,0,1,0,0,2,0,4,0,0,0,0,0,0,0,0,0,0,0,0,0,3.6835,1
27,20,0,0,2,0,0,2,0,5,0,0,0,0,0,0,0,0,0,0,0,0,0,3.9121,0
22,15,0,0,2,0,0,2,0,5,1,0,0,0,0,0,0,0,0,0,0,0,0,4.0049,0
28,21,0,0,2,1,0,2,4,6,1,0,0,0,1,0,0,0,0,0,0,0,0,4.0122,1
20,13,0,0,1,0,0,2,3,4,0,0,0,0,0,0,0,0,0,0,0,0,0,3.8219,1
37,30,0,0,2,0,0,2,0,5,1,0,0,0,0,0,0,0,0,0,0,0,0,3.8588,0
27,20,0,0,2,0,0,2,0,5,1,0,0,0,0,0,0,0,0,0,0,0,0,3.9303,1
24,17,0,0,2,0,0,2,0,5,0,0,0,0,0,0,0,0,0,0,0,0,0,3.6887,0
18,11,0,0,1,0,0,2,0,4,0,0,0,0,0,0,0,0,0,0,0,0,0,3.7255,1
34,27,0,0,3,0,0,2,0,6,1,0,0,0,0,0,0,0,0,0,0,0,0,4.0353,0
95,88,0,0,12,1,2,2,5,18,10,0,0,0,1,0,0,0,0,0,0,0,0,4.5633,1
18,11,0,0,2,0,0,2,0,5,0,0,0,0,0,0,0,0,0,0,0,0,0,3.3921,0
18,11,0,0,1,0,0,2,0,4,0,0,0,0,0,0,0,0,0,0,0,0,0,3.9477,0
19,12,0,0,1,0,0,2,0,4,0,0,0,0,0,0,0,0,0,0,0,0,0,3.7216,1
29,22,0,0,1,0,0,2,0,4,0,0,0,0,0,0,0,0,0,0,0,0,0,3.8664,1
24,17,0,0,1,0,0,2,0,4,0,0,0,0,0,0,0,0,0,0,0,0,0,3.6258,1
28,21,0,0,2,1,0,2,4,6,1,0,0,0,1,0,0,0,0,0,0,0,0,4.0836,1
18,11,0,0,2,0,0,2,0,5,0,0,0,0,0,0,0,0,0,0,0,0,0,3.4613,0
24,17,0,0,2,0,0,2,0,5,0,0,0,0,0,0,0,0,0,0,0,0,0,3.5698,0
31,24,0,0,1,0,0,2,0,4,0,0,0,0,0,0,0,0,0,0,0,0,0,4.0911,1
26,19,0,0,2,0,0,2,0,5,1,0,0,0,0,0,0,0,0,0,0,0,0,3.5176,1
27,20,0,0,2,0,0,2,3,5,0,0,0,0,0,0,0,0,0,0,0,0,0,3.9303,1
13,6,0,0,1,0,0,2,0,4,0,0,0,0,0,0,1,0,0,0,0,0,0,3.1808,1
34,27,0,0,2,0,0,2,0,5,0,0,0,0,0,0,0,0,0,0,0,0,0,4.1385,1
32,25,0,0,1,0,0,2,0,4,0,0,0,0,0,0,0,0,0,0,0,0,0,3.8042,1
47,40,0,0,2,0,0,2,0,5,0,0,0,0,0,0,0,0,0,0,0,0,0,4.176,1
25,18,0,0,2,0,0,2,0,5,0,0,0,0,0,0,0,0,0,0,0,0,0,3.7337,1
25,18,0,0,2,0,0,2,0,5,0,0,0,0,0,0,0,0,0,0,0,0,0,3.7533,0
22,15,0,0,1,0,0,2,0,4,0,0,0,0,0,0,0,0,0,0,0,0,0,3.7544,1
14,7,0,0,1,0,0,2,0,4,0,0,0,0,0,0,0,0,0,0,0,0,0,3.5216,1
24,17,0,0,2,0,0,2,0,5,0,0,0,0,0,0,0,0,0,0,0,0,0,3.6573,1
33,26,0,0,2,0,0,2,0,5,0,0,0,0,0,0,0,0,0,0,0,0,0,4.1273,1
25,18,0,0,2,0,0,2,0,5,1,0,0,0,0,0,0,0,0,0,0,0,0,3.4937,1
28,21,0,0,1,0,0,2,0,4,0,0,0,0,0,0,0,0,0,0,0,0,0,4.0086,1
22,15,0,0,2,0,0,2,0,5,0,0,0,0,0,0,0,0,0,0,0,0,0,3.6978,0
36,29,0,0,2,2,0,2,0,7,0,0,0,0,1,0,0,0,0,0,0,0,0,3.9749,0
31,24,0,0,1,0,0,2,0,4,0,0,0,0,0,0,0,0,0,0,0,0,0,3.8615,1
31,24,0,0,2,2,0,2,0,7,1,0,0,0,1,0,0,0,0,0,0,0,0,3.8331,1
12,5,0,0,1,0,0,2,0,4,0,0,0,0,0,0,1,0,0,0,0,0,0,3.2516,1
32,25,0,0,1,0,0,2,0,4,0,0,0,0,0,0,0,0,0,0,0,0,0,4.0275,1
24,17,0,0,3,0,0,2,0,6,1,0,0,0,0,0,0,0,0,0,0,0,0,3.7721,0
27,20,0,0,2,0,0,2,0,5,1,0,0,0,0,0,0,0,0,0,0,0,0,3.9401,1
28,21,0,0,3,0,0,2,0,6,2,0,0,0,0,0,0,0,0,0,0,0,0,3.9947,1
28,21,0,0,2,0,0,2,0,5,0,0,0,0,0,0,0,0,0,0,0,0,0,3.9408,0
20,13,0,0,1,0,0,2,0,4,0,0,0,0,0,0,0,0,0,0,0,0,0,3.6842,1
18,11,0,0,2,0,0,2,0,5,0,0,0,0,0,0,0,0,0,0,0,0,0,3.4613,0
24,17,0,0,1,0,0,2,0,4,0,0,0,0,0,0,0,0,0,0,0,0,0,4.0535,1
29,22,0,0,2,2,0,2,0,7,1,0,0,0,1,0,0,0,0,0,0,0,0,3.9783,1
27,20,0,0,2,1,0,2,6,6,1,0,0,0,1,0,0,0,0,0,0,0,0,4.0603,1
28,21,0,0,2,0,0,2,0,5,0,0,0,0,0,0,0,0,0,0,0,0,0,4.0391,0
24,17,0,0,2,0,0,2,0,5,0,0,0,0,0,0,0,0,0,0,0,0,0,3.8868,0
24,17,0,0,2,0,0,2,0,5,0,0,0,0,0,0,0,0,0,0,0,0,0,3.7721,0
28,21,0,0,1,0,0,2,0,4,0,0,0,0,0,0,0,0,0,0,0,0,0,3.7709,1
28,21,0,0,2,0,0,2,0,5,0,0,0,0,0,0,0,0,0,0,0,0,0,4.1375,0
25,18,0,0,2,0,0,2,0,5,0,0,0,0,0,0,0,0,0,0,0,0,0,4.1337,0
17,10,0,0,1,0,0,2,0,4,0,0,0,0,0,0,0,0,0,0,0,0,0,3.4992,1
27,20,0,0,2,0,0,2,0,5,1,0,0,0,0,0,0,0,0,0,0,0,0,3.9862,1
18,11,0,0,2,0,0,2,0,5,0,0,0,0,0,0,0,0,0,0,0,0,0,3.4613,0
25,18,0,0,1,0,0,2,0,4,0,0,0,0,0,0,0,0,0,0,0,0,0,3.4635,1
18,11,0,0,2,0,0,2,0,5,0,0,0,0,0,0,0,0,0,0,0,0,0,3.4613,0
20,13,0,0,1,0,0,2,0,4,0,0,0,0,0,0,0,0,0,0,0,0,0,3.7842,0
27,20,0,0,2,0,0,2,0,5,0,0,0,0,0,0,0,0,0,0,0,0,0,3.736,0
30,23,0,0,1,1,0,2,0,5,0,0,0,0,1,0,0,0,0,0,0,0,0,3.9614,1
30,23,0,0,2,0,0,2,0,5,1,0,0,0,0,0,0,0,0,0,0,0,0,3.8566,0
18,11,0,0,2,0,0,2,0,5,0,0,0,0,0,0,0,0,0,0,0,0,0,3.4613,0
34,27,0,0,1,0,0,2,0,4,0,0,0,0,0,0,0,0,0,0,0,0,0,4.1385,1
19,12,0,0,1,0,0,2,0,4,0,0,0,0,0,0,0,0,0,0,0,0,0,3.7216,1
18,11,0,0,2,0,0,2,0,5,0,0,0,0,0,0,0,0,0,0,0,0,0,3.4613,0
18,11,0,0,2,0,0,2,0,5,1,0,0,0,0,0,0,0,0,0,0,0,0,3.5033,0
26,19,0,0,2,1,0,2,0,6,1,0,0,0,1,0,0,0,0,0,0,0,0,4.2389,1
26,19,0,0,2,0,0,2,0,5,0,0,0,0,0,0,0,0,0,0,0,0,0,3.7004,1
25,18,0,0,2,0,0,2,1,5,1,0,0,0,0,0,0,0,0,0,0,0,0,3.6537,1
23,16,0,0,2,0,0,2,0,5,0,0,0,0,0,0,0,0,0,0,0,0,0,3.6753,0
25,18,0,0,2,1,0,2,0,6,1,0,0,0,1,0,0,0,0,0,0,0,0,3.9435,1
37,30,0,0,3,0,0,2,0,6,2,0,0,0,0,0,0,0,0,0,0,0,0,4.1212,0
19,12,0,0,1,0,0,2,0,4,0,0,0,0,0,0,0,0,0,0,0,0,0,3.5766,1
30,23,0,0,2,0,0,2,0,5,0,0,0,0,0,0,0,0,0,0,0,0,0,3.9647,0
18,11,0,0,2,0,0,2,0,5,0,0,0,0,0,0,0,0,0,0,0,0,0,3.4613,0
21,14,0,0,2,0,0,2,0,5,0,0,0,0,0,0,0,0,0,0,0,0,0,3.5945,0
27,20,0,0,2,0,0,2,0,5,0,0,0,0,0,0,0,0,0,0,0,0,0,4.1343,0
30,23,0,0,2,1,0,2,0,6,1,0,0,0,1,0,0,0,0,0,0,0,0,4.0566,1
36,29,0,0,2,0,0,2,0,5,0,0,0,0,0,0,0,0,0,0,0,0,0,3.9058,0
38,31,0,0,2,0,0,2,4,5,1,0,0,0,0,0,0,0,0,0,0,0,0,4.0735,1
63,56,0,0,2,2,0,2,0,7,1,0,0,0,1,0,0,1,0,0,0,0,0,4.2424,1
27,20,0,0,2,0,0,2,0,5,0,0,0,0,0,0,0,0,0,0,0,0,0,3.3801,1
13,6,0,0,1,0,0,2,0,4,0,0,0,0,0,0,1,0,0,0,0,0,0,3.1808,1
32,25,0,0,1,0,0,2,0,4,0,0,0,0,0,0,0,0,0,0,0,0,0,3.9681,1
32,25,0,0,2,2,0,2,5,7,1,0,0,0,1,0,0,0,0,0,0,0,0,4.0778,1
33,26,0,0,2,1,0,2,6,6,1,0,0,0,1,0,0,0,0,0,0,0,0,4.1243,1
27,20,0,0,2,0,0,2,0,5,1,0,0,0,0,0,0,0,0,0,0,0,0,3.838,0
27,20,0,0,3,0,0,2,0,6,1,0,0,0,0,0,0,0,0,0,0,0,0,3.9303,0
29,22,0,0,1,0,0,2,0,4,0,0,0,0,0,0,0,0,0,0,0,0,0,4.1163,1
24,17,0,0,3,0,0,2,0,6,1,0,0,0,0,0,0,0,0,0,0,0,0,3.8554,1
25,18,0,0,1,0,0,2,0,4,0,0,0,0,0,0,0,0,0,0,0,0,0,3.8937,1
25,18,0,0,1,0,0,2,0,4,0,0,0,0,0,0,0,0,0,0,0,0,0,3.8635,1
22,15,0,0,2,0,0,2,0,5,1,0,0,0,0,0,0,0,0,0,0,0,0,4.0049,1
27,20,0,0,2,0,0,2,0,5,1,0,0,0,0,0,0,0,0,0,0,0,0,3.9401,1
28,21,0,0,3,1,0,2,0,7,1,0,0,0,1,0,0,0,0,0,0,0,0,3.9233,0
26,19,0,0,2,0,0,2,0,5,1,0,0,0,0,0,0,0,0,0,0,0,0,3.6424,1
23,16,0,0,3,0,0,2,0,6,1,0,0,0,0,0,0,0,0,0,0,0,0,3.6753,0
35,28,0,0,2,0,0,2,0,5,1,0,0,0,0,0,0,0,0,0,0,0,0,3.9217,0
16,9,0,0,1,0,0,2,0,4,0,0,0,0,0,0,0,0,0,0,0,0,0,3.5778,1
21,14,0,0,2,0,0,2,0,5,0,0,0,0,0,0,0,0,0,0,0,0,0,3.6897,1
23,16,0,0,1,0,0,2,0,4,0,0,0,0,0,0,0,0,0,0,0,0,0,3.5555,1
23,16,0,0,1,0,0,2,0,4,0,0,0,0,0,0,0,0,0,0,0,0,0,3.7951,0
20,13,0,0,1,0,0,2,0,4,0,0,0,0,0,0,0,0,0,0,0,0,0,3.9219,1
18,11,0,0,2,0,0,2,0,5,1,0,0,0,0,0,0,0,0,0,0,0,0,3.7255,0
19,12,0,0,1,0,0,2,0,4,0,0,0,0,0,0,0,0,0,0,0,0,0,3.4714,1
25,18,0,0,2,0,0,2,0,5,0,0,0,0,0,0,0,0,0,0,0,0,0,4.0039,0
39,32,0,0,2,1,0,2,3,6,1,0,0,0,1,0,0,0,0,0,0,0,0,4.0259,1
18,11,0,0,2,0,0,2,0,5,0,0,0,0,0,0,0,0,0,0,0,0,0,3.4613,0
43,36,0,0,1,0,0,2,0,4,0,0,0,0,0,0,0,0,0,0,0,0,0,3.9431,1
31,24,0,0,2,1,0,2,5,6,1,0,0,0,1,0,0,1,0,0,0,0,0,3.9134,1
26,19,0,0,1,0,0,2,0,4,0,0,0,0,0,0,0,0,0,0,0,0,0,4.056,1
28,21,0,0,3,1,0,2,0,7,1,0,0,0,1,0,0,0,0,0,0,0,0,3.9233,0
18,11,0,0,2,0,0,2,0,5,0,0,0,0,0,0,0,0,0,0,0,0,0,3.4613,0
32,25,0,0,2,2,0,2,5,7,1,0,0,0,1,0,0,0,0,0,0,0,0,4.0778,1
18,11,0,0,2,0,0,2,0,5,0,0,0,0,0,0,0,0,0,0,0,0,0,3.4613,0
18,11,0,0,2,0,0,2,0,5,0,0,0,0,0,0,0,0,0,0,0,0,0,3.4613,0
18,11,0,0,2,0,0,2,0,5,0,0,0,0,0,0,0,0,0,0,0,0,0,3.4613,0
26,19,0,0,3,0,0,2,0,6,1,0,0,0,0,0,0,0,0,0,0,0,0,3.9501,1
25,18,0,0,2,0,0,2,0,5,1,0,0,0,0,0,0,0,0,0,0,0,0,3.7835,0
46,39,0,0,2,0,0,2,0,5,1,0,0,0,0,0,0,0,0,0,0,0,0,4.2654,1
30,23,0,0,1,0,0,2,0,4,0,0,0,0,0,0,0,0,0,0,0,0,0,3.8477,1
15,8,0,0,1,0,0,2,0,4,0,0,0,0,0,0,0,0,0,0,0,0,0,3.1899,1
19,12,0,0,2,0,0,2,0,5,0,0,0,0,0,0,0,0,0,0,0,0,0,3.3661,0
17,10,0,0,1,0,0,2,0,4,0,0,0,0,0,0,0,0,0,0,0,0,0,3.6169,1
18,11,0,0,2,0,0,2,0,5,0,0,0,0,0,0,0,0,0,0,0,0,0,3.4613,0
23,16,0,0,1,0,0,2,0,4,0,0,0,0,0,0,0,0,0,0,0,0,0,3.7081,1
32,25,0,0,2,0,0,2,3,5,1,0,0,0,0,0,0,0,0,0,0,0,0,4.2653,1
28,21,0,0,2,1,0,2,0,6,0,0,0,0,1,0,0,0,0,0,0,0,0,3.6245,0
22,15,0,0,1,1,0,2,0,5,0,0,0,0,1,0,0,0,0,0,0,0,0,3.8797,1
75,68,0,0,5,1,0,2,17,9,4,0,0,0,1,0,0,0,0,0,0,0,0,4.6946,1
26,19,0,0,2,0,0,2,0,5,0,0,0,0,0,0,1,0,0,0,0,0,0,3.8441,0
27,20,0,0,2,0,0,2,0,5,0,0,0,0,0,0,0,0,0,0,0,0,0,4.1064,0
27,20,0,0,1,0,0,2,0,4,0,0,0,0,0,0,0,0,0,0,0,0,0,4.0603,1
26,19,0,0,1,1,0,2,0,5,0,0,0,0,1,0,1,0,0,0,0,0,0,3.6714,1
26,19,0,0,2,0,0,2,0,5,0,0,0,0,0,0,0,0,0,0,0,0,0,3.7672,0
25,18,0,0,2,0,0,2,0,5,1,0,0,0,0,0,0,0,0,0,0,0,0,3.7035,0
25,18,0,0,1,0,0,2,0,4,0,0,0,0,0,0,1,0,0,0,0,0,0,3.9133,1
31,24,0,0,2,1,0,2,0,6,0,0,0,0,1,0,0,0,0,0,0,0,0,4.0023,0
27,20,0,0,1,0,0,2,0,4,0,0,0,0,0,0,0,0,0,0,0,0,0,3.764,1
19,12,0,0,2,0,0,2,0,5,0,0,0,0,0,0,0,0,0,0,0,0,0,3.5369,0
28,21,0,0,1,0,0,2,0,4,0,0,0,0,0,0,0,0,0,0,0,0,0,4.0661,1
32,25,0,0,2,0,0,2,0,5,0,0,0,0,0,0,0,0,0,0,0,0,0,3.75,0
27,20,0,0,2,0,0,2,0,5,0,0,0,0,0,0,0,0,0,0,0,0,0,3.9582,0
13,6,0,0,1,0,0,2,0,4,0,0,0,0,0,0,1,0,0,0,0,0,0,3.1808,1
24,17,0,0,2,0,0,2,0,5,0,0,0,0,0,0,0,0,0,0,0,0,0,4.0535,0
19,12,0,0,2,0,0,2,0,5,0,0,0,0,0,0,0,0,0,0,0,0,0,3.4714,0
18,11,0,0,2,0,0,2,0,5,0,0,0,0,0,0,0,0,0,0,0,0,0,3.4613,0
24,17,0,0,2,0,0,2,0,5,1,0,0,0,0,0,0,0,0,0,0,0,0,4.0016,0
16,9,0,0,1,0,0,2,0,4,0,0,0,0,0,0,0,0,0,0,0,0,0,3.0244,1
18,11,0,0,2,0,0,2,0,5,0,0,0,0,0,0,0,0,0,0,0,0,0,3.4613,0
31,24,0,0,2,0,0,2,0,5,0,0,0,0,0,0,0,0,0,0,0,0,0,4.0023,0
46,39,0,0,2,0,0,2,0,5,0,0,0,0,0,0,0,0,0,0,0,0,0,4.1456,1
19,12,0,0,1,0,0,2,0,4,0,0,0,0,0,0,0,0,0,0,0,0,0,3.7216,1
25,18,0,0,2,0,0,2,0,5,0,0,0,0,0,0,1,0,0,0,0,0,0,3.8137,0
21,14,0,0,2,0,0,2,0,5,0,0,0,0,0,0,0,0,0,0,0,0,0,3.4633,1
24,17,0,0,1,0,0,2,0,4,0,0,0,0,0,0,0,0,0,0,0,0,0,4.0535,1
26,19,0,0,2,0,0,2,0,5,1,0,0,0,0,0,0,0,0,0,0,0,0,4.0851,1
33,26,0,0,2,0,0,2,0,5,0,0,0,0,0,0,0,0,0,0,0,0,0,4.0289,0
20,13,0,0,2,0,0,2,0,5,0,0,0,0,0,0,0,0,0,0,0,0,0,3.6842,1
31,24,0,0,2,0,0,2,2,5,1,0,0,0,0,0,0,0,0,0,0,0,0,4.2847,1
27,20,0,0,2,0,0,2,0,5,0,0,0,0,0,0,0,0,0,0,0,0,0,3.7821,0
27,20,0,0,2,0,0,2,0,5,1,0,0,0,0,0,0,0,0,0,0,0,0,3.9862,1
22,15,0,0,2,0,0,2,0,5,0,0,0,0,0,0,0,0,0,0,0,0,0,3.7888,0
28,21,0,0,3,0,0,2,0,6,1,0,0,0,0,0,0,0,0,0,0,0,0,4.182,0
24,17,0,0,2,0,0,2,0,5,0,0,0,0,0,0,0,0,0,0,0,0,0,4.0535,0
23,16,0,0,3,0,0,2,0,6,1,0,0,0,0,0,0,0,0,0,0,0,0,3.6753,0
35,28,0,0,2,0,0,2,0,5,0,0,0,0,0,0,0,0,0,0,0,0,0,4.0931,0
27,20,0,0,1,0,0,2,0,4,0,0,0,0,0,0,0,0,0,0,0,0,0,4.0043,1
23,16,0,0,2,0,0,2,0,5,0,0,0,0,0,0,0,0,0,0,0,0,0,3.6212,1
21,14,0,0,1,0,0,2,0,4,0,0,0,0,0,0,0,0,0,0,0,0,0,3.6897,1
19,12,0,0,1,0,0,2,0,4,0,0,0,0,0,0,0,0,0,0,0,0,0,3.5766,1
27,20,0,0,1,0,0,2,2,4,0,0,0,0,0,0,0,0,0,0,0,0,0,3.8842,1
27,20,0,0,2,0,0,2,0,5,0,0,0,0,0,0,0,0,0,0,0,0,0,3.9303,1
26,19,0,0,2,1,0,2,4,6,1,0,0,0,1,0,0,0,0,0,0,0,0,3.8731,1
18,11,0,0,1,0,0,2,0,4,0,0,0,0,0,0,0,0,0,0,0,0,0,3.5724,1
18,11,0,0,2,0,0,2,0,5,1,0,0,0,0,0,0,0,0,0,0,0,0,3.5033,0
18,11,0,0,2,0,0,2,0,5,1,0,0,0,0,0,0,0,0,0,0,0,0,3.7255,0
22,15,0,0,1,0,0,2,0,4,0,0,0,0,0,0,0,0,0,0,0,0,0,3.9706,1
18,11,0,0,1,0,0,2,0,4,0,0,0,0,0,0,0,0,0,0,0,0,0,3.9477,0
20,13,0,0,1,0,0,2,0,4,0,0,0,0,0,0,0,0,0,0,0,0,0,3.8219,1
27,20,0,0,2,0,0,2,0,5,0,0,0,0,0,0,0,0,0,0,0,0,0,4.0784,1
17,10,0,0,2,0,0,2,0,5,1,0,0,0,0,0,0,0,0,0,0,0,0,3.2195,1
20,13,0,0,3,0,0,2,0,6,1,0,0,0,0,0,0,0,0,0,0,0,0,3.4464,0
31,24,0,0,1,0,0,2,0,4,0,0,0,0,0,0,0,0,0,0,0,0,0,3.9134,1
37,30,0,0,1,0,0,2,0,4,0,0,0,0,0,0,0,0,0,0,0,0,0,3.7507,1
23,16,0,0,2,0,0,2,0,5,0,0,0,0,0,0,1,0,0,0,0,0,0,3.5555,1
31,24,0,0,2,0,0,2,0,5,1,0,0,0,0,0,0,0,0,0,0,0,0,3.8087,1
22,15,0,0,2,0,0,2,0,5,0,0,0,0,0,0,0,0,0,0,0,0,0,3.8797,0
29,22,0,0,2,0,0,2,0,5,0,0,0,0,0,0,0,0,0,0,0,0,0,3.8235,0
29,22,0,0,2,1,0,2,0,6,0,0,0,0,1,0,0,0,0,0,0,0,0,4.0473,0
31,24,0,0,1,0,0,2,0,4,0,0,0,0,0,0,0,0,0,0,0,0,0,4.0181,1
20,13,0,0,1,1,0,2,0,5,0,0,0,0,1,0,0,0,0,0,0,0,0,3.5842,1
24,17,0,0,2,0,0,2,0,5,0,0,0,0,0,0,0,0,0,0,0,0,0,3.6573,0
22,15,0,0,3,0,0,2,0,6,1,0,0,0,0,0,0,0,0,0,0,0,0,3.7544,1
26,19,0,0,2,0,0,2,0,5,0,0,0,0,0,0,0,0,0,0,0,0,0,3.9312,0
40,33,0,0,2,0,0,2,4,5,1,0,0,0,0,0,0,0,0,0,0,0,0,4.2153,1
22,15,0,0,2,0,0,2,3,5,1,0,0,0,0,0,0,0,0,0,0,0,0,3.7888,1
24,17,0,0,2,0,0,2,0,5,1,0,0,0,0,0,0,0,0,0,0,0,0,3.4031,0
23,16,0,0,2,0,0,2,0,5,1,0,0,0,0,0,0,0,0,0,0,0,0,3.7623,0
23,16,0,0,2,0,0,2,0,5,1,0,0,0,0,0,0,0,0,0,0,0,0,3.9149,0
28,21,0,0,2,1,0,2,0,6,0,0,0,0,1,0,0,0,0,0,0,0,0,4.1106,0
24,17,0,0,2,0,0,2,0,5,0,0,0,0,0,0,0,0,0,0,0,0,0,3.6887,0
18,11,0,0,2,0,0,2,0,5,0,0,0,0,0,0,0,0,0,0,0,0,0,3.4613,0
18,11,0,0,2,0,0,2,0,5,0,0,0,0,0,0,0,0,0,0,0,0,0,3.4613,0
27,20,0,0,2,0,0,2,0,5,0,0,0,0,0,0,0,0,0,0,0,0,0,3.6899,1
17,10,0,0,2,0,0,2,0,5,1,0,0,0,0,0,0,0,0,0,0,0,0,3.4548,1
19,12,0,0,1,0,0,2,0,4,0,0,0,0,0,0,0,0,0,0,0,0,0,3.6421,1
21,14,0,0,2,0,0,2,0,5,0,0,0,0,0,0,0,0,0,0,0,0,0,3.7849,0
37,30,0,0,1,0,0,2,0,4,0,0,0,0,0,0,0,0,0,0,0,0,0,3.7507,1
24,17,0,0,2,0,0,2,0,5,0,0,0,0,0,0,0,0,0,0,0,0,0,3.6887,0
32,25,0,0,3,0,0,2,0,6,1,0,0,0,0,0,0,0,0,0,0,0,0,4.0931,1
22,15,0,0,2,0,0,2,0,5,1,0,0,0,0,0,0,0,0,0,0,0,0,4.0049,1
30,23,0,0,2,0,0,2,0,5,0,0,0,0,0,0,0,0,0,0,0,0,0,4.0314,0
29,22,0,0,2,1,0,2,4,6,1,0,0,0,1,0,0,0,0,0,0,0,0,4.1592,1
18,11,0,0,2,0,0,2,0,5,0,0,0,0,0,0,0,0,0,0,0,0,0,3.4613,0
21,14,0,0,1,0,0,2,0,4,0,0,0,0,0,0,0,0,0,0,0,0,0,3.8802,1
22,15,0,0,2,0,0,2,0,5,1,0,0,0,0,0,0,0,0,0,0,0,0,3.6635,1
26,19,0,0,2,0,0,2,0,5,0,0,0,0,0,0,0,0,0,0,0,0,0,3.9501,0
28,21,0,0,2,1,0,2,0,6,1,0,0,0,1,0,0,0,0,0,0,0,0,3.5226,1
26,19,0,0,1,0,0,2,0,4,0,0,0,0,0,0,0,0,0,0,0,0,0,3.7962,1
23,16,0,0,2,0,0,2,3,5,1,0,0,0,0,0,0,0,0,0,0,0,0,4.0018,0
26,19,0,0,1,0,0,2,0,4,0,0,0,0,0,0,0,0,0,0,0,0,0,3.7962,1
24,17,0,0,1,0,0,2,0,4,0,0,0,0,0,0,0,0,0,0,0,0,0,3.9702,1
22,15,0,0,2,0,0,2,0,5,0,0,0,0,0,0,0,0,0,0,0,0,0,3.8797,0
18,11,0,0,1,0,0,2,0,4,0,0,0,0,0,0,0,0,0,0,0,0,0,3.8366,1
33,26,0,0,2,0,0,2,0,5,0,0,0,0,0,0,0,0,0,0,0,0,0,3.9226,0
26,19,0,0,2,1,0,2,0,6,0,0,0,0,1,0,0,0,0,0,0,0,0,4.027,0
27,20,0,0,1,0,0,2,0,4,0,0,0,0,0,0,0,0,0,0,0,0,0,3.708,1
23,16,0,0,2,1,0,2,0,6,1,0,0,0,1,0,0,0,0,0,0,0,0,4.0888,1
30,23,0,0,2,1,0,2,0,6,0,0,0,0,1,0,0,0,0,0,0,0,0,4.0981,0
17,10,0,0,2,0,0,2,2,5,1,0,0,0,0,0,0,0,0,0,0,0,0,3.7345,1
16,9,0,0,2,0,0,2,3,5,1,0,0,0,0,0,0,0,0,0,0,0,0,3.25,1
19,12,0,0,1,0,0,2,0,4,0,0,0,0,0,0,0,0,0,0,0,0,0,3.4714,1
23,16,0,0,2,0,0,2,0,5,0,0,0,0,0,0,0,0,0,0,0,0,0,3.7623,0
18,11,0,0,1,0,0,2,0,4,0,0,0,0,0,0,0,0,0,0,0,0,0,3.7255,1
31,24,0,0,3,0,0,2,0,6,1,0,0,0,0,0,0,0,0,0,0,0,0,4.0023,0
21,14,0,0,2,0,0,2,0,5,0,0,0,0,0,0,0,0,0,0,0,0,0,3.5585,0
37,30,0,0,2,0,0,2,0,5,0,0,0,0,0,0,0,0,0,0,0,0,0,4.1416,0
27,20,0,0,2,0,0,2,0,5,0,0,0,0,0,0,1,0,0,0,0,0,0,3.8562,0
36,29,0,0,2,0,0,2,0,5,0,0,0,0,0,0,0,0,0,0,0,0,0,4.2317,0
30,23,0,0,1,0,0,2,0,4,0,0,0,0,0,0,0,0,0,0,0,0,0,3.4566,1
34,27,0,0,1,0,0,2,0,4,0,0,0,0,0,0,0,0,0,0,0,0,0,3.8559,1
20,13,0,0,2,0,0,2,0,5,0,0,0,0,0,0,0,0,0,0,0,0,0,3.3842,0
25,18,0,0,1,0,0,2,0,4,0,0,0,0,0,0,1,0,0,0,0,0,0,3.9133,1
19,12,0,0,2,0,0,2,0,5,0,0,0,0,0,0,0,0,0,0,0,0,0,3.5766,0
28,21,0,0,3,0,0,2,0,6,1,0,0,0,0,0,0,0,0,0,0,0,0,4.182,0
20,13,0,0,2,0,0,2,0,5,0,0,0,0,0,0,0,0,0,0,0,0,0,3.5464,1
22,15,0,0,1,1,0,2,0,5,0,0,0,0,1,0,0,0,0,0,0,0,0,3.8797,1
23,16,0,0,2,0,0,2,0,5,0,0,0,0,0,0,0,0,0,0,0,0,0,3.969,0
34,27,0,0,2,0,0,2,0,5,0,0,0,0,0,0,0,0,0,0,0,0,0,4.0209,0
32,25,0,0,2,2,0,2,5,7,1,0,0,0,1,0,0,0,0,0,0,0,0,4.0778,1
26,19,0,0,1,0,0,2,0,4,0,0,0,0,0,0,0,0,0,0,0,0,0,4.0851,1
37,30,0,0,2,2,0,2,0,7,1,0,0,0,1,0,0,1,0,0,0,0,1,4.1008,1
24,17,0,0,2,0,0,2,0,5,0,0,0,0,0,0,0,0,0,0,0,0,0,3.7721,0
24,17,0,0,2,0,0,2,0,5,0,0,0,0,0,0,0,0,0,0,0,0,0,3.6887,0
26,19,0,0,1,0,0,2,0,4,0,0,0,0,0,0,0,0,0,0,0,0,0,3.9022,1
39,32,0,0,2,2,0,2,4,7,1,0,0,0,1,0,0,1,0,0,0,0,0,4.3849,1
39,32,0,0,2,0,0,2,0,5,0,0,0,0,0,0,0,0,0,0,0,0,0,4.0798,1
23,16,0,0,1,0,0,2,0,4,0,0,0,0,0,0,0,0,0,0,0,0,0,3.969,1
28,21,0,0,1,1,0,2,0,5,0,0,0,0,1,0,0,0,0,0,0,0,0,3.9947,1
28,21,0,0,3,1,0,2,0,7,1,0,0,0,1,0,0,0,0,0,0,0,0,3.9233,0
34,27,0,0,2,0,0,2,0,5,0,0,0,0,0,0,0,0,0,0,0,0,0,4.0209,0
21,14,0,0,2,0,0,2,0,5,0,0,0,0,0,0,0,0,0,0,0,0,0,3.7849,0
19,12,0,0,2,0,0,2,0,5,1,0,0,0,0,0,0,0,0,0,0,0,0,3.7216,0
29,22,0,0,2,1,0,2,4,6,1,0,0,0,1,0,0,0,0,0,0,0,0,4.1592,1
30,23,0,0,2,0,0,2,0,5,0,0,0,0,0,0,0,0,0,0,0,0,0,4.0151,0
24,17,0,0,2,0,0,2,0,5,0,0,0,0,0,0,0,0,0,0,0,0,0,3.8554,0
21,14,0,0,2,0,0,2,0,5,1,0,0,0,0,0,0,0,0,0,0,0,0,3.8802,1
27,20,0,0,2,0,0,2,0,5,1,0,0,0,0,0,0,0,0,0,0,0,0,3.7179,0
30,23,0,0,2,0,0,2,0,5,0,0,0,0,0,0,0,0,0,0,0,0,0,3.8314,1
30,23,0,0,2,0,0,2,0,5,0,0,0,0,0,0,0,0,0,0,0,0,0,3.9484,0
25,18,0,0,2,1,0,2,0,6,0,0,0,0,1,0,0,0,0,0,0,0,0,3.8937,0
30,23,0,0,2,0,0,2,0,5,1,0,0,0,0,0,0,0,0,0,0,0,0,3.9899,1
29,22,0,0,1,0,0,2,0,4,0,0,0,0,0,0,0,0,0,0,0,0,0,3.6504,1
27,20,0,0,2,0,0,2,5,5,1,0,0,0,0,0,0,0,0,0,0,0,0,3.9582,0
29,22,0,0,2,1,0,2,0,6,0,0,0,0,1,0,0,0,0,0,0,0,0,3.9523,0
25,18,0,0,2,0,0,2,0,5,0,0,0,0,0,0,0,0,0,0,0,0,0,3.7835,0
20,13,0,0,2,0,0,2,0,5,0,0,0,0,0,0,0,0,0,0,0,0,0,3.5464,0
13,6,0,0,1,0,0,2,0,4,0,0,0,0,0,0,1,0,0,0,0,0,0,3.1808,1
18,11,0,0,2,0,0,2,0,5,0,0,0,0,0,0,0,0,0,0,0,0,0,3.4613,0
18,11,0,0,1,0,0,2,0,4,0,0,0,0,0,0,0,0,0,0,0,0,0,3.7947,1
28,21,0,0,3,0,0,2,0,6,1,0,0,0,0,0,0,0,0,0,0,0,0,3.9408,1
21,14,0,0,1,0,0,2,0,4,0,0,0,0,0,0,0,0,0,0,0,0,0,3.6897,1
36,29,0,0,2,1,0,2,0,6,0,0,0,0,1,0,0,0,0,0,0,0,0,3.9613,1
30,23,0,0,1,0,0,2,0,4,0,0,0,0,0,0,0,0,0,0,0,0,0,4.0817,1
27,20,0,0,2,0,0,2,3,5,1,0,0,0,0,0,0,0,0,0,0,0,0,4.2084,1
31,24,0,0,1,0,0,2,0,4,0,0,0,0,0,0,0,0,0,0,0,0,0,3.9503,1
17,10,0,0,1,0,0,2,0,4,0,0,0,0,0,0,0,0,0,0,0,0,0,3.7345,1
18,11,0,0,1,0,0,2,0,4,0,0,0,0,0,0,1,0,0,0,0,0,0,3.7947,1
23,16,0,0,2,0,0,2,0,5,0,0,0,0,0,0,0,0,0,0,0,0,0,3.7623,0
18,11,0,0,2,0,0,2,0,5,0,0,0,0,0,0,0,0,0,0,0,0,0,3.4613,0
26,19,0,0,2,0,0,2,0,5,1,0,0,0,0,0,0,0,0,0,0,0,0,3.5805,0
28,21,0,0,3,0,0,2,0,6,1,0,0,0,0,0,0,0,0,0,0,0,0,3.9677,0
23,16,0,0,1,0,0,2,0,4,0,0,0,0,0,0,0,0,0,0,0,0,0,3.7623,1
40,33,0,0,3,1,0,2,10,7,2,0,0,0,1,0,0,0,0,0,0,0,0,4.3964,1
24,17,0,0,1,0,0,2,0,4,0,0,0,0,0,0,0,0,0,0,0,0,0,4.0535,1
30,23,0,0,2,0,0,2,0,5,0,0,0,0,0,0,0,0,0,0,0,0,0,3.7736,0
28,21,0,0,3,0,0,2,0,6,1,0,0,0,0,0,0,0,0,0,0,0,0,4.0391,0
28,21,0,0,2,0,0,2,7,5,1,0,0,0,0,0,0,0,0,0,0,0,0,3.7534,1
26,19,0,0,1,0,0,2,0,4,0,0,0,0,0,0,0,0,0,0,0,0,0,4.056,1
24,17,0,0,2,0,0,2,0,5,0,0,0,0,0,0,0,0,0,0,0,0,0,3.6887,0
29,22,0,0,1,0,0,2,0,4,0,0,0,0,0,0,1,0,0,0,0,0,0,3.8539,1
18,11,0,0,2,0,0,2,0,5,1,0,0,0,0,0,0,0,0,0,0,0,0,3.5033,0
18,11,0,0,2,0,0,2,0,5,0,0,0,0,0,0,0,0,0,0,0,0,0,3.4613,0
26,19,0,0,2,0,0,2,0,5,0,0,0,0,0,0,0,0,0,0,0,0,0,3.9501,0
22,15,0,0,1,0,0,2,0,4,0,0,0,0,0,0,0,0,0,0,0,0,0,3.7888,0
19,12,0,0,1,0,0,2,0,4,0,0,0,0,0,0,0,0,0,0,0,0,0,3.6421,1
13,6,0,0,1,0,0,2,0,4,0,0,0,0,0,0,1,0,0,0,0,0,0,3.1808,1
25,18,0,0,2,0,0,2,4,5,1,0,0,0,0,0,0,1,0,0,0,0,0,3.8439,1
31,24,0,0,2,0,0,2,0,5,0,0,0,0,0,0,0,0,0,0,0,0,0,3.7199,1
28,21,0,0,1,0,0,2,0,4,0,0,0,0,0,0,0,0,0,0,0,0,0,4.0661,1
34,27,0,0,3,0,0,2,0,6,1,0,0,0,0,0,0,0,0,0,0,0,0,3.8337,1
23,16,0,0,2,0,0,2,0,5,1,0,0,0,0,0,0,0,0,0,0,0,0,3.882,0
21,14,0,0,1,0,0,2,0,4,0,0,0,0,0,0,0,1,0,0,0,0,1,3.8209,1
23,16,0,0,1,2,0,2,0,6,0,0,0,0,1,0,0,0,0,0,0,0,0,4.0888,1
30,23,0,0,2,0,0,2,0,5,0,0,0,0,0,0,0,0,0,0,0,0,0,4.0314,0
24,17,0,0,1,0,0,2,0,4,0,0,0,0,0,0,0,0,0,0,0,0,0,3.8554,1
31,24,0,0,2,0,0,2,0,5,1,0,0,0,0,0,0,0,0,0,0,0,0,3.9219,0
25,18,0,0,1,0,0,2,0,4,0,0,0,0,0,0,0,0,0,0,0,0,0,3.8635,1
30,23,0,0,1,2,0,2,0,6,0,0,0,0,1,0,0,1,0,0,0,0,0,3.9899,1
19,12,0,0,1,0,0,2,0,4,0,0,0,0,0,0,0,0,0,0,0,0,0,3.8269,1
28,21,0,0,3,1,0,2,0,7,1,0,0,0,1,0,0,0,0,0,0,0,0,3.9233,0
21,14,0,0,3,0,0,2,4,6,2,0,0,0,0,0,0,0,0,0,0,0,0,3.5585,0
36,29,0,0,2,3,0,2,2,8,1,0,0,0,1,0,0,0,0,0,0,0,0,4.2737,1
24,17,0,0,2,0,0,2,0,5,1,0,0,0,0,0,0,0,0,0,0,0,0,4.0016,0
38,31,0,0,1,2,0,2,0,6,0,0,0,0,1,0,0,1,0,0,0,0,1,4.1685,1
30,23,0,0,2,1,0,2,0,6,1,0,0,0,1,0,0,0,0,0,0,0,0,4.0566,1
23,16,0,0,2,0,0,2,0,5,0,0,0,0,0,0,1,0,0,0,0,0,0,3.7081,0
23,16,0,0,2,0,0,2,0,5,0,0,0,0,0,0,0,0,0,0,0,0,0,3.7623,0
23,16,0,0,2,0,0,2,0,5,1,0,0,0,0,0,0,0,0,0,0,0,0,4.0018,1
45,38,0,0,3,4,0,2,12,10,2,0,0,0,1,0,0,1,0,0,0,0,1,4.2611,1
27,20,0,0,2,0,0,2,0,5,0,0,0,0,0,0,0,0,0,0,0,0,0,3.9862,0
21,14,0,0,3,0,0,2,11,6,2,1,0,0,0,0,0,0,0,0,0,0,0,2.9871,1
31,24,0,0,3,0,0,2,0,6,2,0,0,0,0,0,0,0,0,0,0,0,0,3.9134,1
18,11,0,0,2,0,0,2,3,5,1,0,0,0,0,0,0,0,0,0,0,0,0,3.6144,1
26,19,0,0,1,0,0,2,0,4,0,0,0,0,0,0,0,0,0,0,0,0,0,3.9312,0
38,31,0,0,3,2,0,2,0,8,1,0,0,0,1,0,0,0,0,0,0,0,0,3.9656,0
28,21,0,0,2,1,0,2,4,6,1,0,0,0,1,0,0,0,0,0,0,0,0,3.9138,1
27,20,0,0,2,0,0,2,0,5,0,0,0,0,0,0,0,0,0,0,0,0,0,3.8562,0
34,27,0,0,3,0,0,2,0,6,1,0,0,0,0,0,1,0,0,0,0,0,0,3.9987,0
22,15,0,0,1,0,0,2,0,4,0,0,0,0,0,0,0,0,0,0,0,0,0,3.7322,1
25,18,0,0,1,0,0,2,0,4,0,0,0,0,0,0,0,0,0,0,0,0,0,3.7639,1
18,11,0,0,2,0,0,2,0,5,1,0,0,0,0,0,0,0,0,0,0,0,0,3.7255,1
20,13,0,0,1,0,0,2,0,4,0,0,0,0,0,0,0,0,0,0,0,0,0,3.8842,1
18,11,0,0,2,0,0,2,0,5,0,0,0,0,0,0,0,0,0,0,0,0,0,3.4613,0
31,24,0,0,2,0,0,2,0,5,1,0,0,0,0,0,0,0,0,0,0,0,0,3.8489,1
33,26,0,0,2,1,0,2,4,6,1,0,0,0,1,0,0,0,0,0,0,0,0,4.162,1
23,16,0,0,2,0,0,2,1,5,1,0,0,0,0,0,0,0,0,0,0,0,0,4.1757,0
24,17,0,0,2,0,0,2,0,5,0,0,0,0,0,0,0,0,0,0,0,0,0,3.6887,0
37,30,0,0,2,4,0,2,2,9,1,0,0,0,1,0,0,0,0,0,0,0,0,4.0672,1
25,18,0,0,2,0,0,2,0,5,0,0,0,0,0,0,0,0,0,0,0,0,0,3.7533,0
44,37,0,0,2,0,0,2,20,5,1,0,0,0,0,0,0,0,0,0,0,0,0,4.3171,1
18,11,0,0,2,0,0,2,0,5,1,0,0,0,0,0,0,0,0,0,0,0,0,3.4613,0
17,10,0,0,1,0,0,2,0,4,0,0,0,0,0,0,0,0,0,0,0,0,0,3.5725,1
30,23,0,0,2,0,0,2,0,5,0,0,0,0,0,0,0,0,0,0,0,0,0,4.0151,0
26,19,0,0,2,0,0,2,0,5,0,0,0,0,0,0,0,0,0,0,0,0,0,4.056,0
24,17,0,0,2,0,0,2,0,5,0,0,0,0,0,0,0,0,0,0,0,0,0,3.8868,0
23,16,0,0,2,0,0,2,0,5,1,0,0,0,0,0,0,0,0,0,0,0,0,3.882,0
27,20,0,0,2,0,0,2,0,5,1,0,0,0,0,0,0,0,0,0,0,0,0,4.0323,1
22,15,0,0,1,1,0,2,0,5,0,0,0,0,1,0,0,0,0,0,0,0,0,3.7888,1
24,17,0,0,3,0,0,2,0,6,1,0,0,0,0,0,0,0,0,0,0,0,0,3.8554,1
29,22,0,0,2,0,0,2,0,5,0,0,0,0,0,0,0,0,0,0,0,0,0,3.7714,0
23,16,0,0,3,0,0,2,0,6,1,0,0,0,0,0,0,0,0,0,0,0,0,3.6753,0
23,16,0,0,1,0,0,2,0,4,0,0,0,0,0,0,0,0,0,0,0,0,0,3.8279,1
23,16,0,0,2,1,0,2,0,6,0,0,0,0,1,0,0,0,0,0,0,0,0,3.7081,1
14,7,0,0,1,0,0,2,0,4,0,0,0,0,0,0,0,0,0,0,0,0,0,3.3788,1
32,25,0,0,2,1,0,2,0,6,1,0,0,0,1,0,0,0,0,0,0,0,0,3.84,1
28,21,0,0,1,0,0,2,6,4,0,0,0,0,0,0,0,0,0,0,0,0,0,4.5216,1
42,35,0,0,3,3,0,2,0,9,1,0,0,0,1,0,0,0,0,0,0,0,0,4.1596,0
18,11,0,0,2,0,0,2,0,5,0,0,0,0,0,0,0,0,0,0,0,0,0,3.4613,0
24,17,0,0,2,0,0,2,0,5,0,0,0,0,0,0,0,0,0,0,0,0,0,3.6887,0
25,18,0,0,2,0,0,2,0,5,0,0,0,0,0,0,0,0,0,0,0,0,0,4.0537,0
32,25,0,0,1,0,0,2,0,4,0,0,0,0,0,0,0,0,0,0,0,0,0,3.6647,1
25,18,0,0,2,0,0,2,0,5,0,0,0,0,0,0,0,0,0,0,0,0,0,3.9435,0
18,11,0,0,2,0,0,2,0,5,0,0,0,0,0,0,0,0,0,0,0,0,0,3.3921,0
21,14,0,0,2,0,0,2,0,5,0,0,0,0,0,0,0,0,0,0,0,0,0,3.5945,0
18,11,0,0,2,0,0,2,0,5,0,0,0,0,0,0,0,0,0,0,0,0,0,3.4613,0
24,17,0,0,2,1,0,2,0,6,0,0,0,0,1,0,0,0,0,0,0,0,0,3.8868,0
33,26,0,0,2,0,0,2,0,5,0,0,0,0,0,0,1,0,0,0,0,0,0,3.8818,1
26,19,0,0,3,0,0,2,0,6,1,0,0,0,0,0,0,0,0,0,0,0,0,3.7381,0
25,18,0,0,2,0,0,2,0,5,0,0,0,0,0,0,0,0,0,0,0,0,0,3.8635,0
18,11,0,0,2,0,0,2,0,5,1,0,0,0,0,0,0,0,0,0,0,0,0,3.7255,1
25,18,0,0,2,0,0,2,0,5,0,0,0,0,0,0,0,0,0,0,0,0,0,3.9737,0
18,11,0,0,2,0,0,2,0,5,1,0,0,0,0,0,0,0,0,0,0,0,0,3.7255,0
30,23,0,0,2,0,0,2,0,5,1,0,0,0,0,0,0,0,0,0,0,0,0,3.7199,0
20,13,0,0,1,0,0,2,0,4,0,0,0,0,0,0,0,0,0,0,0,0,0,3.5842,1
16,9,0,0,1,0,0,2,0,4,0,0,0,0,0,0,0,0,0,0,0,0,0,3.5778,1
34,27,0,0,2,0,0,2,0,5,1,0,0,0,0,0,0,0,0,0,0,0,0,4.1607,1
21,14,0,0,2,0,0,2,0,5,0,0,0,0,0,0,0,0,0,0,0,0,0,3.8802,0
30,23,0,0,2,0,0,2,0,5,1,0,0,0,0,0,0,0,0,0,0,0,0,3.9484,0
18,11,0,0,2,0,0,2,0,5,0,0,0,0,0,0,0,0,0,0,0,0,0,3.4613,0
32,25,0,0,2,0,0,2,0,5,0,0,0,0,0,0,0,0,0,0,0,0,0,3.8042,0
28,21,0,0,2,1,0,2,4,6,1,0,0,0,1,0,0,1,0,0,0,0,0,3.9642,1
32,25,0,0,2,0,0,2,3,5,1,0,0,0,0,0,0,0,0,0,0,0,0,4.0306,1
20,13,0,0,1,0,0,2,0,4,0,0,0,0,0,0,0,0,0,0,0,0,0,3.4842,0
24,17,0,0,2,0,0,2,0,5,0,0,0,0,0,0,0,0,0,0,0,0,0,3.6887,0
22,15,0,0,3,0,0,2,0,6,2,0,0,0,0,0,0,0,0,0,0,0,0,3.7888,1
22,15,0,0,1,0,0,2,0,4,0,0,0,0,0,0,0,0,0,0,0,0,0,3.6635,1
26,19,0,0,2,0,0,2,0,5,1,0,0,0,0,0,0,0,0,0,0,0,0,4.0851,1
26,19,0,0,2,0,0,2,0,5,0,0,0,0,0,0,0,0,0,0,0,0,0,3.9022,0
23,16,0,0,2,0,0,2,0,5,1,0,0,0,0,0,0,0,0,0,0,0,0,3.8492,0
22,15,0,0,2,0,0,2,0,5,0,0,0,0,0,0,0,0,0,0,0,0,0,3.6635,0
17,10,0,0,1,0,0,2,0,4,0,0,0,0,0,0,0,0,0,0,0,0,0,3.7345,1
21,14,0,0,3,0,0,2,0,6,1,0,0,0,0,0,0,0,0,0,0,0,0,3.5585,1
21,14,0,0,1,0,0,2,0,4,0,0,0,0,0,0,0,0,0,0,0,0,0,3.7257,1
24,17,0,0,2,0,0,2,0,5,0,0,0,0,0,0,0,0,0,0,0,0,0,3.6887,0
24,17,0,0,1,0,0,2,0,4,0,0,0,0,0,0,0,0,0,0,0,0,0,3.9702,1
33,26,0,0,1,0,0,2,0,4,0,0,0,0,0,0,0,0,0,0,0,0,0,3.9424,1
20,13,0,0,1,0,0,2,0,4,0,0,0,0,0,0,0,0,0,0,0,0,0,3.3037,1
26,19,0,0,2,0,0,2,0,5,1,0,0,0,0,0,0,1,0,0,0,0,0,3.9022,0
26,19,0,0,1,0,0,2,0,4,0,0,0,0,0,0,0,0,0,0,0,0,0,3.7193,1
27,20,0,0,2,2,0,2,2,7,1,0,0,0,1,0,0,1,0,0,0,0,0,4.0141,1
27,20,0,0,2,0,0,2,7,5,1,0,0,0,0,0,0,0,0,0,0,0,0,3.634,1
34,27,0,0,2,1,0,2,3,6,1,0,0,0,1,0,0,0,0,0,0,0,0,3.9735,1
27,20,0,0,2,0,0,2,5,5,1,0,0,0,0,0,0,0,0,0,0,0,0,4.0882,1
24,17,0,0,1,0,0,2,0,4,0,0,0,0,0,0,0,0,0,0,0,0,0,4.2202,1
33,26,0,0,2,2,0,2,4,7,1,0,0,0,1,0,0,0,0,0,0,0,0,4.2942,1
17,10,0,0,2,0,0,2,2,5,1,0,0,0,0,0,0,0,0,0,0,0,0,3.6169,1
18,11,0,0,2,0,0,2,0,5,0,0,0,0,0,0,0,0,0,0,0,0,0,3.4613,0
22,15,0,0,2,0,0,2,0,5,0,0,0,0,0,0,0,0,0,0,0,0,0,3.6635,0
27,20,0,0,2,1,0,2,0,6,1,0,0,0,1,0,0,0,0,0,0,0,0,3.7542,1
34,27,0,0,1,0,0,2,0,4,0,0,0,0,0,0,0,0,0,0,0,0,0,4.1751,1
35,28,0,0,2,1,0,2,0,6,0,0,0,0,1,0,0,0,0,0,0,0,0,3.8617,0
38,31,0,0,5,0,0,2,0,8,3,0,0,0,0,0,0,0,0,0,0,0,0,4.0804,0
21,14,0,0,3,0,0,2,11,6,2,1,0,0,0,0,0,0,0,0,0,0,0,2.9871,1
25,18,0,0,2,0,0,2,0,5,0,0,0,0,0,0,0,0,0,0,0,0,0,3.7835,0
35,28,0,0,2,0,0,2,0,5,0,0,0,0,0,0,0,0,0,0,0,0,0,3.797,0
43,36,0,0,3,1,0,2,7,7,2,0,0,0,1,0,0,0,0,0,0,0,0,4.4899,1
18,11,0,0,2,0,0,2,0,5,0,0,0,0,0,0,0,0,0,0,0,0,0,3.4613,0
18,11,0,0,2,0,0,2,0,5,0,0,0,0,0,0,0,0,0,0,0,0,0,3.3921,0
32,25,0,0,2,2,0,2,0,7,1,0,0,0,1,0,0,0,0,0,0,0,0,3.9764,1
24,17,0,0,2,0,0,2,0,5,0,0,0,0,0,0,0,0,0,0,0,0,0,3.6887,0
28,21,0,0,3,0,0,2,0,6,1,0,0,0,0,0,0,0,0,0,0,0,0,3.7709,0
31,24,0,0,1,1,0,2,0,5,0,0,0,0,1,0,0,0,0,0,0,0,0,4.1926,1
19,12,0,0,1,0,0,2,1,4,0,0,0,0,0,0,0,0,0,0,0,0,0,3.8269,0
26,19,0,0,4,0,0,2,2,7,2,0,0,0,0,0,0,0,0,0,0,0,0,3.6133,1
24,17,0,0,2,0,0,2,0,5,0,0,0,0,0,0,0,0,0,0,0,0,0,3.6887,0
23,16,0,0,2,0,0,2,0,5,0,0,0,0,0,0,0,0,0,0,0,0,0,3.969,0
22,15,0,0,1,0,0,2,0,4,0,0,0,0,0,0,0,0,0,0,0,0,0,3.9706,1
22,15,0,0,1,0,0,2,0,4,0,0,0,0,0,0,0,0,0,0,0,0,0,3.7888,1
26,19,0,0,3,0,0,2,0,6,1,0,0,0,0,0,0,0,0,0,0,0,0,4.027,0
25,18,0,0,2,0,0,2,0,5,0,0,0,0,0,0,0,0,0,0,0,0,0,3.9435,0
20,13,0,0,2,0,0,2,0,5,0,0,0,0,0,0,0,0,0,0,0,0,0,3.4464,1
12,5,0,0,1,0,0,2,0,4,0,0,0,0,0,0,0,0,0,0,0,0,0,3.0221,1
20,13,0,0,2,0,0,2,0,5,1,0,0,0,0,0,0,0,0,0,0,0,0,3.9219,0
31,24,0,0,2,2,0,2,0,7,1,0,0,0,1,0,0,1,0,0,1,0,0,3.8489,1
29,22,0,0,2,2,0,2,0,7,1,0,0,0,1,0,0,0,0,0,0,0,0,3.8664,1
37,30,0,0,2,0,0,2,1,5,1,0,0,0,0,0,0,0,0,0,0,0,0,3.9927,0
18,11,0,0,2,0,0,2,0,5,1,0,0,0,0,0,0,0,0,0,0,0,0,3.7255,0
25,18,0,0,2,0,0,2,0,5,0,0,0,0,0,0,0,0,0,0,0,0,0,3.9435,0
22,15,0,0,2,0,0,2,0,5,1,0,0,0,0,0,0,0,0,0,0,0,0,3.6635,1
29,22,0,0,2,0,0,2,0,5,0,0,0,0,0,0,0,0,0,0,0,0,0,3.9263,0
14,7,0,0,1,0,0,2,1,4,0,0,0,0,0,0,0,0,0,0,0,0,0,3.5216,1
30,23,0,0,2,1,0,2,6,6,1,0,0,0,1,0,0,0,0,0,0,0,0,4.2314,1
21,14,0,0,2,0,0,2,0,5,0,0,0,0,0,0,0,0,0,0,0,0,0,3.5945,1
29,22,0,0,2,3,0,2,10,8,1,0,0,0,1,0,0,0,0,0,0,0,0,3.8833,1
25,18,0,0,1,0,0,2,0,4,0,0,0,0,0,0,0,0,0,0,0,0,0,4.0039,1
22,15,0,0,2,0,0,2,0,5,1,0,0,0,0,0,0,0,0,0,0,0,0,3.7888,1
24,17,0,0,2,1,0,2,0,6,1,0,0,0,1,0,0,0,0,0,0,0,0,3.4702,1
23,16,0,0,1,0,0,2,0,4,0,0,0,0,0,0,0,0,0,0,0,0,0,4.0018,1
24,17,0,0,1,0,0,2,0,4,0,0,0,0,0,0,0,0,0,0,0,0,0,3.9702,1
22,15,0,0,2,0,0,2,0,5,0,0,0,0,0,0,0,0,0,0,0,0,0,3.9706,0
17,10,0,0,1,0,0,2,0,4,0,0,0,0,0,0,0,0,0,0,0,0,0,3.7345,1
32,25,0,0,2,2,0,2,5,7,1,0,0,0,1,0,0,0,0,0,0,0,0,4.0778,1
23,16,0,0,2,0,0,2,0,5,0,0,0,0,0,0,1,0,0,0,0,0,0,3.5555,1
22,15,0,0,1,0,0,2,0,4,0,0,0,0,0,0,0,0,0,0,0,0,0,3.5383,1
18,11,0,0,2,0,0,2,0,5,1,0,0,0,0,0,0,0,0,0,0,0,0,3.7255,0
23,16,0,0,2,0,0,2,0,5,0,0,0,0,0,0,0,0,0,0,0,0,0,3.882,0
20,13,0,0,2,0,0,2,0,5,1,0,0,0,0,0,0,0,0,0,0,0,0,3.5842,1
32,25,0,0,2,0,0,2,0,5,1,0,0,0,0,0,0,0,0,0,0,0,0,3.9056,0
22,15,0,0,1,0,0,2,0,4,0,0,0,0,0,0,0,0,0,0,0,0,0,3.8797,0
38,31,0,0,3,0,0,2,2,6,1,0,0,0,0,0,0,0,0,0,0,0,0,3.9708,1
18,11,0,0,2,0,0,2,0,5,0,0,0,0,0,0,0,0,0,0,0,0,0,3.4613,0
20,13,0,0,2,0,0,2,0,5,0,0,0,0,0,0,0,0,0,0,0,0,0,3.7842,1
29,22,0,0,2,1,0,2,5,6,1,0,0,0,1,0,0,0,0,0,0,0,0,4.0902,1
40,33,0,0,2,2,0,2,0,7,1,0,0,0,1,0,0,0,0,0,0,0,0,4.0628,1
26,19,0,0,2,0,0,2,0,5,1,0,0,0,0,0,0,0,0,0,0,0,0,4.0851,1
31,24,0,0,3,0,0,2,0,6,1,0,0,0,0,0,0,0,0,0,0,0,0,3.8087,0
17,10,0,0,1,0,0,2,0,4,0,0,0,0,0,0,0,0,0,0,0,0,0,3.4548,1
59,52,0,0,6,0,0,2,1,9,5,0,0,0,0,0,0,1,0,0,0,0,1,3.9415,1
25,18,0,0,2,0,0,2,0,5,0,0,0,0,0,0,0,0,0,0,0,0,0,4.1337,0
30,23,0,0,2,0,0,2,0,5,0,0,0,0,0,0,0,0,0,0,0,0,0,3.8314,1
18,11,0,0,2,0,0,2,0,5,0,0,0,0,0,0,0,0,0,0,0,0,0,3.3921,0
35,28,0,0,2,0,0,2,3,5,1,0,0,0,0,0,0,0,0,0,0,0,0,3.9329,1
60,53,0,0,6,1,0,2,1,10,5,0,0,0,1,0,0,0,0,0,0,0,0,4.2855,1
22,15,0,0,2,0,0,2,0,5,0,0,0,0,0,0,1,0,0,0,0,0,0,3.516,0
21,14,0,0,2,0,0,2,4,5,0,0,0,0,0,0,0,0,0,0,0,0,0,3.6538,0
22,15,0,0,3,0,0,2,0,6,1,0,0,0,0,0,0,0,0,0,0,0,0,3.7544,0
27,20,0,0,1,1,0,2,0,5,0,0,0,0,1,0,0,0,0,0,0,0,0,4.0043,1
20,13,0,0,2,0,0,2,0,5,1,0,0,0,0,0,0,0,0,0,0,0,0,3.9219,0
29,22,0,0,3,1,0,2,1,7,2,0,0,0,1,0,0,0,0,0,0,0,0,3.9094,0
22,15,0,0,1,1,0,2,0,5,0,0,0,0,1,0,0,0,0,0,0,0,0,3.8454,1
23,16,0,0,2,1,0,2,0,6,1,0,0,0,1,0,0,0,0,0,0,0,0,3.6212,0
28,21,0,0,2,0,0,2,0,5,0,0,0,0,0,0,0,0,0,0,0,0,0,3.8693,0
24,17,0,0,2,0,0,2,0,5,0,0,0,0,0,0,0,0,0,0,0,0,0,3.6573,0
18,11,0,0,2,0,0,2,0,5,0,0,0,0,0,0,0,0,0,0,0,0,0,3.4613,0
21,14,0,0,2,0,0,2,0,5,1,0,0,0,0,0,0,0,0,0,0,0,0,3.5945,1
22,15,0,0,1,0,0,2,1,4,0,0,0,0,0,0,0,0,0,0,0,0,0,3.8797,1
21,14,0,0,1,0,0,2,0,4,0,0,0,0,0,0,0,0,0,0,0,0,0,4.0114,1
47,40,0,0,2,0,0,2,0,5,0,0,0,0,0,0,0,0,0,0,0,0,0,4.176,1
18,11,0,0,2,0,0,2,0,5,0,0,0,0,0,0,0,0,0,0,0,0,0,3.4613,0
22,15,0,0,2,0,0,2,0,5,1,0,0,0,0,0,0,0,0,0,0,0,0,3.8231,0
25,18,0,0,2,0,0,2,0,5,0,0,0,0,0,0,0,0,0,0,0,0,0,4.0537,0
22,15,0,0,2,0,0,2,0,5,1,0,0,0,0,0,0,0,0,0,0,0,0,3.8797,0
24,17,0,0,2,0,0,2,0,5,1,0,0,0,0,0,0,0,0,0,0,0,0,3.7516,1
18,11,0,0,1,0,0,2,0,4,0,0,0,0,0,0,0,0,0,0,0,0,0,3.9477,0
18,11,0,0,2,0,0,2,0,5,0,0,0,0,0,0,0,0,0,0,0,0,0,3.3921,0
18,11,0,0,1,0,0,2,0,4,0,0,0,0,0,0,0,0,0,0,0,0,0,3.4613,1
29,22,0,0,1,0,0,2,0,4,0,0,0,0,0,0,0,0,0,0,0,0,0,4.0473,1
36,29,0,0,3,0,0,2,0,6,1,0,0,0,0,0,0,0,0,0,0,0,0,4.0515,0
33,26,0,0,3,2,0,2,0,8,1,0,0,0,1,0,0,0,0,0,0,0,0,4.0438,0
23,16,0,0,1,0,0,2,0,4,0,0,0,0,0,0,0,0,0,0,0,0,0,3.7623,1
18,11,0,0,2,0,0,2,0,5,1,0,0,0,0,0,0,0,0,0,0,0,0,3.7255,0
30,23,0,0,2,0,0,2,0,5,0,0,0,0,0,0,0,0,0,0,0,0,0,3.7144,0
28,21,0,0,1,0,0,2,0,4,0,0,0,0,0,0,0,0,0,0,0,0,0,3.8658,1
21,14,0,0,1,0,0,2,0,4,0,0,0,0,0,0,0,0,0,0,0,0,0,3.8802,1
18,11,0,0,2,0,0,2,0,5,0,0,0,0,0,0,0,0,0,0,0,0,0,3.4613,0
24,17,0,0,2,0,0,2,0,5,0,0,0,0,0,0,0,0,0,0,0,0,0,4.0535,0
24,17,0,0,2,0,0,2,0,5,0,0,0,0,0,0,0,0,0,0,0,0,0,3.8554,0
25,18,0,0,3,0,0,2,0,6,1,0,0,0,0,0,0,0,0,0,0,0,0,3.8635,1
23,16,0,0,2,0,0,2,0,5,0,0,0,0,0,0,0,0,0,0,0,0,0,3.7623,0
19,12,0,0,1,0,0,2,1,4,0,0,0,0,0,0,0,0,0,0,0,0,0,3.8269,1
21,14,0,0,1,0,0,2,0,4,0,0,0,0,0,0,0,0,0,0,0,0,0,3.8209,1
18,11,0,0,2,0,0,2,0,5,0,0,0,0,0,0,0,0,0,0,0,0,0,3.4613,0
27,20,0,0,2,0,0,2,0,5,1,0,0,0,0,0,0,0,0,0,0,0,0,3.9303,1
26,19,0,0,1,0,0,2,0,4,0,0,0,0,0,0,0,0,0,0,0,0,0,3.7962,1
24,17,0,0,2,0,0,2,0,5,0,0,0,0,0,0,0,0,0,0,0,0,0,3.6887,0
32,25,0,0,2,2,0,2,0,7,1,0,0,0,1,0,0,0,0,0,0,0,0,3.9764,1
25,18,0,0,2,0,0,2,0,5,0,0,0,0,0,0,0,0,0,0,0,0,0,4.0537,0
22,15,0,0,2,0,0,2,0,5,0,0,0,0,0,0,0,0,0,0,0,0,0,3.6069,0
36,29,0,0,2,2,0,2,0,7,1,0,0,0,1,0,0,0,0,0,0,0,0,4.128,1
28,21,0,0,1,0,0,2,0,4,0,0,0,0,0,0,0,0,0,0,0,0,0,3.9947,1
22,15,0,0,2,0,0,2,0,5,1,0,0,0,0,0,1,0,0,0,0,0,0,3.7888,1
27,20,0,0,2,0,0,2,0,5,0,0,0,0,0,0,0,0,0,0,0,0,0,3.9582,0
28,21,0,0,2,0,0,2,0,5,0,0,0,0,0,0,0,0,0,0,0,0,0,3.8249,0
35,28,0,0,3,0,0,2,0,6,1,0,0,0,0,0,0,0,0,0,0,0,0,3.9789,1
18,11,0,0,2,0,0,2,0,5,0,0,0,0,0,0,0,0,0,0,0,0,0,3.4613,0
36,29,0,0,4,0,0,2,4,7,3,0,0,0,0,0,0,0,0,0,0,0,0,4.1206,0
28,21,0,0,2,1,0,2,0,6,1,0,0,0,1,0,0,0,0,0,0,0,0,3.8788,1
28,21,0,0,3,1,0,2,0,7,1,0,0,0,1,0,0,0,0,0,0,0,0,3.9233,0
26,19,0,0,1,0,0,2,0,4,0,0,0,0,0,0,0,0,0,0,0,0,0,4.027,1
18,11,0,0,2,0,0,2,0,5,0,0,0,0,0,0,0,0,0,0,0,0,0,3.4613,0
22,15,0,0,2,0,0,2,3,5,0,0,0,0,0,0,0,0,0,0,0,0,0,3.6635,0
26,19,0,0,2,0,0,2,0,5,0,0,0,0,0,0,0,0,0,0,0,0,0,3.8731,0
29,22,0,0,2,0,0,2,0,5,1,0,0,0,0,0,0,0,0,0,0,0,0,3.7159,0
28,21,0,0,3,0,0,2,0,6,1,0,0,0,0,0,0,0,0,0,0,0,0,4.182,0
25,18,0,0,2,0,0,2,0,5,0,0,0,0,0,0,1,0,0,0,0,0,0,3.7337,0
21,14,0,0,2,0,0,2,0,5,1,0,0,0,0,0,0,0,0,0,0,0,0,3.5945,0
30,23,0,0,2,1,0,2,0,6,1,0,0,0,1,0,0,0,0,0,0,0,0,4.1484,1
20,13,0,0,3,0,0,2,10,6,2,1,0,0,0,0,0,0,0,0,0,0,0,3.4464,1
32,25,0,0,2,2,0,2,0,7,1,0,0,0,1,0,0,0,0,0,0,0,0,3.9764,1
27,20,0,0,3,0,0,2,0,6,1,0,0,0,0,0,0,0,0,0,0,0,0,4.0323,0
24,17,0,0,1,0,0,2,0,4,0,0,0,0,0,0,0,0,0,0,0,0,0,4.2202,1
23,16,0,0,3,0,0,2,0,6,1,0,0,0,0,0,0,0,0,0,0,0,0,3.6753,0
28,21,0,0,2,1,0,2,4,6,1,0,0,0,1,0,0,0,0,0,0,0,0,4.0836,1
29,22,0,0,1,0,0,2,0,4,0,0,0,0,0,0,0,0,0,0,0,0,0,3.7545,1
25,18,0,0,1,1,0,2,0,5,0,0,0,0,1,0,1,0,0,0,0,0,0,4.0537,1
23,16,0,0,2,0,0,2,0,5,1,0,0,0,0,0,0,0,0,0,0,0,0,3.882,0
23,16,0,0,2,0,0,2,0,5,0,0,0,0,0,0,0,0,0,0,0,0,0,3.7623,0
21,14,0,0,1,0,0,2,0,4,0,0,0,0,0,0,0,0,0,0,0,0,0,3.8209,1
32,25,0,0,2,0,1,2,0,6,1,0,0,0,0,0,0,0,0,0,0,0,0,4.0153,0
33,26,0,0,2,0,0,2,0,5,0,0,0,0,0,0,0,0,0,0,0,0,0,4.0667,0
18,11,0,0,2,0,0,2,0,5,0,0,0,0,0,0,0,0,0,0,0,0,0,3.4613,0
29,22,0,0,2,1,0,2,5,6,1,0,0,0,1,0,0,0,0,0,0,0,0,4.1592,1
18,11,0,0,2,0,0,2,0,5,0,0,0,0,0,0,0,0,0,0,0,0,0,3.4613,0
18,11,0,0,2,0,0,2,0,5,0,0,0,0,0,0,0,0,0,0,0,0,0,3.4613,0
20,13,0,0,1,0,0,2,0,4,0,0,0,0,0,0,0,0,0,0,0,0,0,3.5464,1
29,22,0,0,2,0,0,2,0,5,0,0,0,0,0,0,0,0,0,0,0,0,0,3.9354,0
25,18,0,0,2,0,0,2,0,5,0,0,0,0,0,0,1,0,0,0,0,0,0,3.8333,0
26,19,0,0,2,0,0,2,0,5,1,0,0,0,0,0,0,0,0,0,0,0,0,3.8543,1
28,21,0,0,1,0,0,2,0,4,0,0,0,0,0,0,1,0,0,0,0,0,0,3.5976,1
29,22,0,0,2,1,0,2,5,6,1,0,0,0,1,0,0,0,0,0,0,0,0,4.1592,1
25,18,0,0,2,0,0,2,0,5,0,0,0,0,0,0,0,0,0,0,0,0,0,4.0537,0
26,19,0,0,1,0,0,2,0,4,0,0,0,0,0,0,0,0,0,0,0,0,0,4.1329,1
30,23,0,0,2,0,0,2,0,5,0,0,0,0,0,0,0,0,0,0,0,0,0,3.9144,0
29,22,0,0,2,0,0,2,0,5,0,0,0,0,0,0,0,0,0,0,0,0,0,4.1163,0
18,11,0,0,2,0,0,2,0,5,0,0,0,0,0,0,0,0,0,0,0,0,0,3.4613,0
18,11,0,0,1,0,0,2,0,4,0,0,0,0,0,0,0,0,0,0,0,0,0,3.4194,1
24,17,0,0,2,0,0,2,0,5,0,0,0,0,0,0,0,0,0,0,0,0,0,3.6887,0
23,16,0,0,2,0,0,2,0,5,0,0,0,0,0,0,0,0,0,0,0,0,0,3.882,0
28,21,0,0,2,0,0,2,2,5,1,0,0,0,0,0,0,0,0,0,0,0,0,4.0391,0
39,32,0,0,2,0,0,2,0,5,1,0,0,0,0,0,0,0,0,0,0,0,0,4.0898,1
22,15,0,0,2,0,0,2,0,5,0,0,0,0,0,0,0,0,0,0,0,0,0,3.6412,1
32,25,0,0,2,0,0,2,0,5,0,0,0,0,0,0,0,0,0,0,0,0,0,3.9764,0
33,26,0,0,2,0,0,2,0,5,0,0,0,0,0,0,0,0,0,0,0,0,0,4.0289,1
18,11,0,0,2,0,0,2,0,5,0,0,0,0,0,0,0,0,0,0,0,0,0,3.4613,0
18,11,0,0,1,0,0,2,0,4,0,0,0,0,0,0,1,0,0,0,0,0,0,3.7947,1
40,33,0,0,2,0,0,2,0,5,0,0,0,0,0,0,0,0,0,0,0,0,0,3.9751,0
31,24,0,0,1,0,0,2,0,4,0,0,0,0,0,0,0,0,0,0,0,0,0,4.0911,1
49,42,0,0,2,0,0,2,0,5,1,0,0,0,0,0,1,0,0,0,0,0,0,3.6994,1
18,11,0,0,2,0,0,2,0,5,0,0,0,0,0,0,0,0,0,0,0,0,0,3.4613,0
30,23,0,0,2,0,0,2,0,5,0,0,0,0,0,0,0,0,0,0,0,0,0,3.7396,1
27,20,0,0,1,0,0,2,0,4,0,0,0,0,0,0,0,0,0,0,0,0,0,3.5562,0
24,17,0,0,2,0,0,2,0,5,0,0,0,0,0,0,0,0,0,0,0,0,0,3.7406,0
23,16,0,0,2,0,0,2,0,5,0,0,0,0,0,0,0,0,0,0,0,0,0,3.5884,1
32,25,0,0,2,0,0,2,0,5,1,0,0,0,0,0,0,0,0,0,0,0,0,4.1792,1
30,23,0,0,1,0,0,2,0,4,0,0,0,0,0,0,0,0,0,0,0,0,0,3.7614,1
21,14,0,0,2,0,0,2,0,5,0,0,0,0,0,0,0,0,0,0,0,0,0,3.4633,0
22,15,0,0,2,0,0,2,0,5,1,0,0,0,0,0,0,0,0,0,0,0,0,3.6635,0
28,21,0,0,2,1,0,2,4,6,1,0,0,0,1,0,0,0,0,0,0,0,0,4.0122,1
38,31,0,0,2,1,0,2,3,6,1,0,0,0,1,0,0,2,1,0,0,0,0,4.3764,1
18,11,0,0,1,0,0,2,0,4,0,0,0,0,0,0,1,0,0,0,0,0,0,3.7947,1
23,16,0,0,2,0,0,2,0,5,1,0,0,0,0,0,0,0,0,0,0,0,0,3.882,0
25,18,0,0,2,1,0,2,0,6,0,0,0,0,1,0,0,0,0,0,0,0,0,3.7835,0
17,10,0,0,1,1,0,2,0,5,0,0,0,0,1,0,0,0,0,0,0,0,0,3.4992,1
18,11,0,0,2,0,0,2,0,5,0,0,0,0,0,0,0,0,0,0,0,0,0,3.4613,0
19,12,0,0,2,0,0,2,0,5,1,0,0,0,0,0,0,0,0,0,0,0,0,3.6163,0
28,21,0,0,2,1,0,2,0,6,1,0,0,0,1,0,0,0,0,0,0,0,0,3.709,1
32,25,0,0,2,2,0,2,0,7,1,0,0,0,1,0,0,0,0,0,0,0,0,3.9764,1
36,29,0,0,2,2,0,2,0,7,0,0,0,0,1,0,0,0,0,0,0,0,0,4.1699,0
33,26,0,0,4,0,0,2,0,7,3,0,0,0,0,0,0,0,0,0,0,0,0,3.9077,1
24,17,0,0,2,0,0,2,0,5,0,0,0,0,0,0,0,0,0,0,0,0,0,3.6887,0
33,26,0,0,2,0,0,2,3,5,1,0,0,0,0,0,0,0,0,0,0,0,0,4.0289,1
24,17,0,0,2,0,0,2,0,5,0,0,0,0,0,0,0,0,0,0,0,0,0,4.0535,0
21,14,0,0,2,0,0,2,0,5,0,0,0,0,0,0,0,0,0,0,0,0,0,3.6897,1
20,13,0,0,1,0,0,2,0,4,0,0,0,0,0,0,0,0,0,0,0,0,0,3.7219,0
33,26,0,0,2,0,0,2,0,5,0,0,0,0,0,0,0,0,0,0,0,0,0,4.1502,0
27,20,0,0,1,0,0,2,0,4,0,0,0,0,0,0,0,0,0,0,0,0,0,4.0603,1
28,21,0,0,3,0,0,2,0,6,1,0,0,0,0,0,0,0,0,0,0,0,0,3.7979,1
28,21,0,0,2,1,0,2,4,6,1,0,0,0,1,0,0,0,0,0,0,0,0,4.0836,1
18,11,0,0,2,0,0,2,0,5,0,0,0,0,0,0,0,0,0,0,0,0,0,3.4613,0
26,19,0,0,2,1,0,2,0,6,1,0,0,0,1,0,0,0,0,0,0,0,0,4.056,0
21,14,0,0,1,0,0,2,0,4,0,0,0,0,0,0,0,0,0,0,0,0,0,3.7849,1
27,20,0,0,1,0,0,2,2,4,0,0,0,0,0,0,0,0,0,0,0,0,0,3.8842,1
47,40,0,0,2,4,0,2,4,9,1,0,0,0,1,0,0,2,0,0,0,0,0,4.3818,1
37,30,0,0,1,2,0,2,0,6,0,0,0,0,1,0,0,1,0,0,0,0,0,4.108,1
18,11,0,0,1,0,0,2,0,4,0,0,0,0,0,0,0,0,0,0,0,0,0,3.9477,0
33,26,0,0,2,1,0,2,3,6,1,0,0,0,1,0,0,0,0,0,0,0,0,4.003,1
31,24,0,0,2,0,0,2,0,5,0,0,0,0,0,0,0,0,0,0,0,0,0,4.0424,1
24,17,0,0,2,0,0,2,0,5,0,0,0,0,0,0,0,0,0,0,0,0,0,3.4073,0
46,39,0,0,2,2,0,2,0,7,1,0,0,0,1,0,0,0,0,0,0,0,0,3.9118,1
18,11,0,0,2,0,0,2,0,5,0,0,0,0,0,0,0,0,0,0,0,0,0,3.4613,0
17,10,0,0,1,0,0,2,0,4,0,0,0,0,0,0,0,0,0,0,0,0,0,3.5725,1
21,14,0,0,2,0,0,2,0,5,1,0,0,0,0,0,0,0,0,0,0,0,0,3.8209,1
18,11,0,0,2,0,0,2,0,5,0,0,0,0,0,0,0,0,0,0,0,0,0,3.4613,0
22,15,0,0,2,0,0,2,0,5,0,0,0,0,0,0,0,0,0,0,0,0,0,3.8797,0
24,17,0,0,2,0,0,2,0,5,0,0,0,0,0,0,0,0,0,0,0,0,0,3.6573,0
27,20,0,0,2,0,0,2,0,5,0,0,0,0,0,0,0,0,0,0,0,0,0,3.9582,0
24,17,0,0,2,0,0,2,0,5,0,0,0,0,0,0,1,0,0,0,0,0,0,3.9387,0
22,15,0,0,3,0,0,2,12,6,2,1,0,0,0,0,0,0,0,0,0,0,0,3.3908,1
29,22,0,0,3,0,0,2,0,6,1,0,0,0,0,0,0,0,0,0,0,0,0,3.7589,0
16,9,0,0,1,0,0,2,0,4,0,0,0,0,0,0,0,0,0,0,0,0,0,3.3278,1
23,16,0,0,1,0,0,2,0,4,0,0,0,0,0,0,0,0,0,0,0,0,0,3.741,0
25,18,0,0,1,0,0,2,0,4,0,0,0,0,0,0,0,0,0,0,0,0,0,3.7493,1
24,17,0,0,2,0,0,2,1,5,0,0,0,0,0,0,0,0,0,0,0,0,0,3.7202,1
44,37,0,0,4,0,0,2,0,7,3,0,0,0,0,0,0,0,0,0,0,0,0,4.2067,1
27,20,0,0,3,0,0,2,0,6,1,0,0,0,0,0,0,0,0,0,0,0,0,3.8101,1
13,6,0,0,1,0,0,2,0,4,0,0,0,0,0,0,1,0,0,0,0,0,0,3.0851,1
25,18,0,0,2,0,0,2,0,5,0,0,0,0,0,0,0,0,0,0,0,0,0,4.0235,0
37,30,0,0,2,2,0,2,6,7,1,0,0,0,1,0,0,0,0,0,0,0,0,4.3915,1
18,11,0,0,2,0,0,2,0,5,0,0,0,0,0,0,0,0,0,0,0,0,0,3.4613,0
28,21,0,0,2,0,0,2,0,5,0,0,0,0,0,0,0,0,0,0,0,0,0,3.8518,0
24,17,0,0,2,0,0,2,0,5,0,0,0,0,0,0,0,0,0,0,0,0,0,3.6887,0
18,11,0,0,2,0,0,2,0,5,0,0,0,0,0,0,0,0,0,0,0,0,0,3.4613,0
28,21,0,0,2,0,0,2,0,5,0,0,0,0,0,0,0,0,0,0,0,0,0,3.9677,0
25,18,0,0,3,0,0,2,0,6,1,0,0,0,0,0,0,0,0,0,0,0,0,3.7533,0
32,25,0,0,2,2,0,2,0,7,1,0,0,0,1,0,0,0,0,0,0,0,0,3.9764,1
18,11,0,0,2,0,0,2,0,5,0,0,0,0,0,0,0,0,0,0,0,0,0,3.4613,0
24,17,0,0,2,0,0,2,0,5,0,0,0,0,0,0,0,0,0,0,0,0,0,4.0535,0
33,26,0,0,2,0,0,2,0,5,0,0,0,0,0,0,0,0,0,0,0,0,0,3.9802,0
30,23,0,0,2,0,0,2,0,5,0,0,0,0,0,0,0,0,0,0,0,0,0,4.0981,0
29,22,0,0,3,0,0,2,0,6,1,0,0,0,0,0,0,0,0,0,0,0,0,3.8573,0
19,12,0,0,1,0,0,2,0,4,0,0,0,0,0,0,0,0,0,0,0,0,0,3.7216,1
22,15,0,0,2,0,0,2,0,5,0,0,0,0,0,0,0,0,0,0,0,0,0,3.9706,0
26,19,0,0,2,1,0,2,0,6,0,0,0,0,1,0,0,0,0,0,0,0,0,3.9022,0
25,18,0,0,1,1,0,2,0,5,0,0,0,0,1,0,0,0,0,0,0,0,0,3.8635,0
24,17,0,0,2,1,0,2,4,6,1,0,0,0,1,0,0,0,0,0,0,0,0,3.9183,1
18,11,0,0,1,1,0,2,0,5,0,0,0,0,1,0,0,0,0,0,0,0,0,3.6835,1
23,16,0,0,2,0,0,2,0,5,0,0,0,0,0,0,0,0,0,0,0,0,0,3.882,0
18,11,0,0,2,0,0,2,0,5,0,0,0,0,0,0,0,0,0,0,0,0,0,3.4613,0
18,11,0,0,1,0,0,2,0,4,0,0,0,0,0,0,1,0,0,0,0,0,0,3.7947,1
24,17,0,0,2,0,0,2,0,5,0,0,0,0,0,0,0,0,0,0,0,0,0,3.6887,0
22,15,0,0,2,0,0,2,0,5,0,0,0,0,0,0,0,0,0,0,0,0,0,3.6069,0
22,15,0,0,2,0,0,2,0,5,0,0,0,0,0,0,0,0,0,0,0,0,0,3.516,0
23,16,0,0,2,0,0,2,0,5,0,0,0,0,0,0,0,0,0,0,0,0,0,3.6425,1
37,30,0,0,3,1,0,2,6,7,2,0,0,0,1,0,0,0,0,0,0,0,0,4.2912,1
26,19,0,0,2,0,0,2,2,5,1,0,0,0,0,0,0,0,0,0,0,0,0,3.7483,0
24,17,0,0,2,0,0,2,0,5,0,0,0,0,0,0,0,0,0,0,0,0,0,3.6887,0
35,28,0,0,2,0,0,2,0,5,0,0,0,0,0,0,0,0,0,0,0,0,0,4.1259,0
39,32,0,0,2,0,0,2,0,5,0,0,0,0,0,0,0,0,0,0,0,0,0,3.9998,0
27,20,0,0,2,0,0,2,0,5,0,0,0,0,0,0,0,0,0,0,0,0,0,3.8282,0
25,18,0,0,2,0,0,2,0,5,0,0,0,0,0,0,1,0,0,0,0,0,0,3.7835,0
39,32,0,0,2,0,0,2,0,5,1,0,0,0,0,0,0,0,0,0,0,0,0,4.0672,0
24,17,0,0,2,0,0,2,0,5,0,0,0,0,0,0,0,0,0,0,0,0,0,3.6887,0
18,11,0,0,2,0,0,2,0,5,0,0,0,0,0,0,0,0,0,0,0,0,0,3.4613,0
19,12,0,0,1,0,0,2,0,4,0,0,0,0,0,0,0,0,0,0,0,0,0,3.4714,0
30,23,0,0,2,0,0,2,0,5,0,0,0,0,0,0,0,0,0,0,0,0,0,3.9144,0
37,30,0,0,3,0,0,2,0,6,2,0,0,0,0,0,0,0,0,0,0,0,0,4.1212,0
28,21,0,0,3,0,0,2,0,6,1,0,0,0,0,0,0,0,0,0,0,0,0,4.182,0
27,20,0,0,1,2,0,2,0,6,0,0,0,0,1,0,0,0,0,0,0,0,0,3.9401,1
35,28,0,0,1,0,0,2,0,4,0,0,0,0,0,0,0,0,0,0,0,0,0,3.99,1
25,18,0,0,2,0,0,2,0,5,1,0,0,0,0,0,0,0,0,0,0,0,0,3.7835,0
24,17,0,0,2,0,0,2,0,5,0,0,0,0,0,0,0,0,0,0,0,0,0,3.7406,0
33,26,0,0,2,0,0,2,3,5,1,0,0,0,0,0,0,0,0,0,0,0,0,4.1959,1
24,17,0,0,1,0,0,2,0,4,0,0,0,0,0,0,0,0,0,0,0,0,0,3.9702,1
22,15,0,0,2,0,0,2,0,5,0,0,0,0,0,0,0,0,0,0,0,0,0,3.7544,1
24,17,0,0,2,0,0,2,0,5,0,0,0,0,0,0,0,0,0,0,0,0,0,3.8868,0
26,19,0,0,2,0,0,2,0,5,0,0,0,0,0,0,1,0,0,0,0,0,0,3.7193,0
24,17,0,0,2,0,0,2,0,5,0,0,0,0,0,0,0,0,0,0,0,0,0,3.6368,0
23,16,0,0,1,0,0,2,0,4,0,0,0,0,0,0,0,0,0,0,0,0,0,4.0018,1
24,17,0,0,2,0,0,2,0,5,0,0,0,0,0,0,0,0,0,0,0,0,0,3.6887,0
22,15,0,0,1,0,0,2,0,4,0,0,0,0,0,0,0,0,0,0,0,0,0,3.5726,1
30,23,0,0,2,0,0,2,0,5,0,0,0,0,0,0,0,0,0,0,0,0,0,3.8062,0
19,12,0,0,1,0,0,2,1,4,0,0,0,0,0,0,0,0,0,0,0,0,0,3.8269,1
22,15,0,0,1,0,0,2,0,4,0,0,0,0,0,0,0,0,0,0,0,0,0,3.7888,0
25,18,0,0,2,0,0,2,0,5,0,0,0,0,0,0,0,0,0,0,0,0,0,3.4937,0
22,15,0,0,2,0,0,2,0,5,0,0,0,0,0,0,1,0,0,0,0,0,0,3.6635,1
17,10,0,0,1,0,0,2,0,4,0,0,0,0,0,0,0,0,0,0,0,0,0,3.7345,1
24,17,0,0,2,0,0,2,0,5,0,0,0,0,0,0,0,0,0,0,0,0,0,4.0535,0
23,16,0,0,2,0,0,2,0,5,0,0,0,0,0,0,1,0,0,0,0,0,0,3.5555,1
24,17,0,0,2,0,0,2,0,5,0,0,0,0,0,0,0,0,0,0,0,0,0,3.7202,0
18,11,0,0,1,0,0,2,0,4,0,0,0,0,0,0,0,0,0,0,0,0,0,3.7947,1
24,17,0,0,2,1,0,2,0,6,1,0,0,0,1,0,0,0,0,0,0,0,0,3.7202,1
18,11,0,0,2,0,0,2,0,5,0,0,0,0,0,0,0,0,0,0,0,0,0,3.4613,0
22,15,0,0,2,0,0,2,0,5,1,0,0,0,0,0,0,0,0,0,0,0,0,3.914,0
30,23,0,0,2,0,0,2,0,5,1,0,0,0,0,0,0,0,0,0,0,0,0,3.9899,1
18,11,0,0,2,0,0,2,0,5,0,0,0,0,0,0,0,0,0,0,0,0,0,3.4613,0
25,18,0,0,2,0,0,2,0,5,1,0,0,0,0,0,0,0,0,0,0,0,0,3.7835,0
22,15,0,0,1,1,0,2,0,5,0,0,0,0,1,0,0,0,0,0,0,0,0,3.8797,1
24,17,0,0,1,0,0,2,0,4,0,0,0,0,0,0,0,0,0,0,0,0,0,4.0016,1
17,10,0,0,1,0,0,2,0,4,0,0,0,0,0,0,0,0,0,0,0,0,0,3.7345,1
24,17,0,0,1,0,0,2,0,4,0,0,0,0,0,0,0,0,0,0,0,0,0,4.0535,1
11,4,0,0,1,0,0,2,0,4,0,0,0,0,0,0,0,0,0,0,0,0,0,2.914,1
20,13,0,0,1,0,0,2,0,4,0,0,0,0,0,0,0,0,0,0,0,0,0,3.5464,1
24,17,0,0,2,0,0,2,0,5,0,0,0,0,0,0,0,0,0,0,0,0,0,3.6887,0
26,19,0,0,2,0,0,2,0,5,0,0,0,0,0,0,0,0,0,0,0,0,0,3.9022,0
22,15,0,0,2,0,0,2,0,5,0,0,0,0,0,0,0,0,0,0,0,0,0,3.5726,0
20,13,0,0,1,0,0,2,0,4,0,0,0,0,0,0,0,0,0,0,0,0,0,3.7842,1
28,21,0,0,2,0,0,2,0,5,0,0,0,0,0,0,0,0,0,0,0,0,0,3.9408,0
22,15,0,0,1,1,0,2,0,5,0,0,0,0,1,0,0,0,0,0,0,0,0,4.0049,1
22,15,0,0,3,0,0,2,0,6,1,0,0,0,0,0,0,0,0,0,0,0,0,3.7544,1
18,11,0,0,2,0,0,2,0,5,0,0,0,0,0,0,0,0,0,0,0,0,0,3.4613,0
17,10,0,0,1,0,0,2,0,4,0,0,0,0,0,0,0,0,0,0,0,0,0,3.7345,1
26,19,0,0,2,0,0,2,0,5,0,0,0,0,0,0,1,0,0,0,0,0,0,3.8731,1
27,20,0,0,1,0,0,2,0,4,0,0,0,0,0,0,0,0,0,0,0,0,0,3.9303,1
33,26,0,0,2,0,0,2,0,5,1,0,0,0,0,0,0,0,0,0,0,0,0,3.8132,1
18,11,0,0,2,0,0,2,0,5,0,0,0,0,0,0,0,0,0,0,0,0,0,3.4613,0
46,39,0,0,2,0,0,2,0,5,1,0,0,0,0,0,1,0,0,0,0,0,0,3.4883,1
27,20,0,0,2,0,0,2,0,5,0,0,0,0,0,0,0,0,0,0,0,0,0,4.0784,1
18,11,0,0,2,0,0,2,0,5,0,0,0,0,0,0,0,0,0,0,0,0,0,3.3921,0
31,24,0,0,2,0,0,2,0,5,0,0,0,0,0,0,0,0,0,0,0,0,0,4.0424,0
38,31,0,0,2,1,0,2,3,6,1,0,0,0,1,0,0,2,1,0,0,0,0,4.3764,1
16,9,0,0,1,0,0,2,0,4,0,0,0,0,0,0,0,0,0,0,0,0,0,3.4528,1
32,25,0,0,2,0,0,2,0,5,0,0,0,0,0,0,0,0,0,0,0,0,0,3.9056,1
28,21,0,0,2,0,0,2,0,5,1,0,0,0,0,0,0,0,0,0,0,0,0,4.0216,1
33,26,0,0,2,2,0,2,0,7,0,0,0,0,1,0,0,0,0,0,0,0,0,4.0289,0
20,13,0,0,1,0,0,2,0,4,0,0,0,0,0,0,0,0,0,0,0,0,0,3.7219,1
25,18,0,0,2,0,0,2,0,5,0,0,0,0,0,0,0,0,0,0,0,0,0,3.8635,0
29,22,0,0,2,2,0,2,0,7,1,0,0,0,1,0,0,0,0,0,0,0,0,3.9783,1
18,11,0,0,2,0,0,2,0,5,0,0,0,0,0,0,0,0,0,0,0,0,0,3.4613,0
28,21,0,0,3,0,0,2,0,6,2,0,0,0,0,0,0,0,0,0,0,0,0,3.7709,1
26,19,0,0,1,0,0,2,0,4,0,0,0,0,0,0,0,0,0,0,0,0,0,3.9501,1
22,15,0,0,1,0,0,2,0,4,0,0,0,0,0,0,0,0,0,0,0,0,0,3.7888,1
22,15,0,0,1,0,0,2,0,4,0,0,0,0,0,0,0,0,0,0,0,0,0,3.7888,0
28,21,0,0,1,0,0,2,0,4,0,0,0,0,0,0,0,0,0,0,0,0,0,3.9677,1
24,17,0,0,1,0,0,2,0,4,0,0,0,0,0,0,0,1,0,1,0,0,0,3.7721,1
18,11,0,0,2,0,0,2,0,5,0,0,0,0,0,0,0,0,0,0,0,0,0,3.4613,0
30,23,0,0,2,0,0,2,0,5,0,0,0,0,0,0,0,0,0,0,0,0,0,4.0314,0
24,17,0,0,2,0,0,2,0,5,1,0,0,0,0,0,0,0,0,0,0,0,0,3.3554,0
18,11,0,0,2,0,0,2,0,5,0,0,0,0,0,0,0,0,0,0,0,0,0,3.4613,0
18,11,0,0,1,0,0,2,0,4,0,0,0,0,0,0,0,0,0,0,0,0,0,3.6144,1
22,15,0,0,2,0,0,2,0,5,0,0,0,0,0,0,0,0,0,0,0,0,0,3.6635,0
24,17,0,0,2,0,0,2,0,5,0,0,0,0,0,0,0,0,0,0,0,0,0,3.7721,0
13,6,0,0,1,0,0,2,0,4,0,0,0,0,0,0,1,0,0,0,0,0,0,3.1808,1
27,20,0,0,2,1,0,2,0,6,1,0,0,0,1,0,0,0,0,0,0,0,0,3.6619,1
27,20,0,0,1,0,0,2,0,4,0,0,0,0,0,0,0,0,0,0,0,0,0,4.0603,1
28,21,0,0,2,0,0,2,0,5,0,0,0,0,0,0,0,0,0,0,0,0,0,4.0391,0
24,17,0,0,2,0,0,2,0,5,0,0,0,0,0,0,0,0,0,0,0,0,0,3.9702,0
23,16,0,0,1,0,0,2,0,4,0,0,0,0,0,0,0,0,0,0,0,0,0,4.0018,1
28,21,0,0,3,0,0,2,0,6,2,0,0,0,0,0,0,0,0,0,0,0,0,3.7709,1
18,11,0,0,1,0,0,2,0,4,0,0,0,0,0,0,1,0,0,0,0,0,0,3.7947,1
26,19,0,0,2,1,0,2,4,6,1,0,0,0,1,0,0,0,0,0,0,0,0,3.8731,1
26,19,0,0,1,1,0,2,0,5,0,0,0,0,1,0,0,0,0,0,0,0,0,4.0081,1
27,20,0,0,2,0,0,2,0,5,0,0,0,0,0,0,0,0,0,0,0,0,0,4.0603,1
18,11,0,0,2,0,0,2,0,5,1,0,0,0,0,0,0,0,0,0,0,0,0,3.5033,0
16,9,0,0,1,0,0,2,0,4,0,0,0,0,0,0,0,0,0,0,0,0,0,3.5,1
20,13,0,0,2,0,0,2,0,5,1,0,0,0,0,0,0,0,0,0,0,0,0,3.5842,1
22,15,0,0,2,0,0,2,0,5,1,0,0,0,0,0,0,0,0,0,0,0,0,3.914,1
24,17,0,0,2,1,0,2,4,6,1,0,0,0,1,0,0,0,0,0,0,0,0,3.835,1
28,21,0,0,3,1,0,2,0,7,1,0,0,0,1,0,0,0,0,0,0,0,0,3.9233,0
30,23,0,0,2,0,2,2,0,7,1,0,0,0,0,0,0,0,0,0,0,0,0,3.9484,0
29,22,0,0,2,0,0,2,0,5,1,0,0,0,0,0,0,0,0,0,0,0,0,3.7883,0
18,11,0,0,2,0,0,2,0,5,0,0,0,0,0,0,0,0,0,0,0,0,0,3.4613,0
27,20,0,0,2,0,0,2,0,5,0,0,0,0,0,0,0,0,0,0,0,0,0,3.9121,1
24,17,0,0,2,0,0,2,0,5,0,0,0,0,0,0,0,0,0,0,0,0,0,3.7721,0
21,14,0,0,1,0,0,2,0,4,0,0,0,0,0,0,0,0,0,0,0,0,0,3.6897,1
36,29,0,0,2,1,0,2,10,6,1,0,0,0,1,0,0,1,0,0,0,0,0,4.2737,1
20,13,0,0,2,0,0,2,0,5,0,0,0,0,0,0,1,0,0,0,0,0,0,3.6464,0
33,26,0,0,2,1,0,2,2,6,1,0,0,0,1,0,0,0,0,0,0,0,0,4.0259,1
21,14,0,0,3,0,0,2,11,6,2,1,0,0,0,0,0,0,0,0,0,0,0,3.4273,1
18,11,0,0,2,0,0,2,0,5,0,0,0,0,0,0,0,0,0,0,0,0,0,3.4613,0
33,26,0,0,2,0,0,2,0,5,0,0,0,0,0,0,0,0,0,0,0,0,0,4.0518,1
24,17,0,0,1,0,0,2,0,4,0,0,0,0,0,0,0,0,0,0,0,0,0,4.0535,1
26,19,0,0,2,0,0,2,4,5,1,0,0,0,0,0,0,0,0,0,0,0,0,3.9312,1
18,11,0,0,2,0,0,2,0,5,0,0,0,0,0,0,0,0,0,0,0,0,0,3.4613,0
26,19,0,0,2,0,0,2,0,5,0,0,0,0,0,0,0,0,0,0,0,0,0,4.027,0
23,16,0,0,2,0,0,2,0,5,0,0,0,0,0,0,1,0,0,0,0,0,0,3.5555,1
23,16,0,0,2,0,0,2,0,5,0,0,0,0,0,0,0,0,0,0,0,0,0,3.7951,0
20,13,0,0,2,0,0,2,0,5,1,0,0,0,0,0,0,0,0,0,0,0,0,3.9219,0
23,16,0,0,2,0,0,2,0,5,0,0,0,0,0,0,0,0,0,0,0,0,0,3.7951,0
25,18,0,0,2,0,0,2,0,5,0,0,0,0,0,0,0,0,0,0,0,0,0,3.6537,0
18,11,0,0,2,0,0,2,0,5,0,0,0,0,0,0,0,0,0,0,0,0,0,3.4613,0
24,17,0,0,2,0,0,2,0,5,0,0,0,0,0,0,0,0,0,0,0,0,0,3.7721,0
15,8,0,0,1,0,0,2,0,4,0,0,0,0,0,0,0,0,0,0,0,0,0,3.3736,1
23,16,0,0,2,0,0,2,0,5,0,0,0,0,0,0,0,0,0,0,0,0,0,3.6753,1
29,22,0,0,2,0,0,2,0,5,0,0,0,0,0,0,0,0,0,0,0,0,0,3.8664,1
19,12,0,0,1,0,0,2,0,4,0,0,0,0,0,0,0,0,0,0,0,0,0,3.8269,1
18,11,0,0,2,0,0,2,0,5,0,0,0,0,0,0,0,0,0,0,0,0,0,3.4613,0
18,11,0,0,2,0,0,2,0,5,0,0,0,0,0,0,0,0,0,0,0,0,0,3.4613,0
25,18,0,0,2,0,0,2,0,5,0,0,0,0,0,0,0,0,0,0,0,0,0,3.8137,0
34,27,0,0,2,0,0,2,0,5,0,0,0,0,0,0,0,0,0,0,0,0,0,3.962,0
32,25,0,0,2,1,0,2,9,6,1,0,0,0,1,0,0,0,0,0,0,0,0,4.0306,1
30,23,0,0,2,0,0,2,0,5,0,0,0,0,0,0,0,0,0,0,0,0,0,4.0817,0
17,10,0,0,1,1,0,2,0,5,0,0,0,0,1,0,0,0,0,0,0,0,0,3.8522,1
23,16,0,0,2,0,0,2,0,5,0,0,0,0,0,0,1,0,0,0,0,0,0,3.5555,1
31,24,0,0,2,0,0,2,0,5,1,0,0,0,0,0,0,0,0,0,0,0,0,3.8574,0
28,21,0,0,1,0,0,2,0,4,0,0,0,0,0,0,0,0,0,0,0,0,0,4.1106,1
25,18,0,0,2,1,0,2,0,6,1,0,0,0,1,0,0,0,0,0,0,0,0,3.9737,1
18,11,0,0,1,0,0,2,0,4,0,0,0,0,0,0,1,0,0,0,0,0,0,3.7947,1
20,13,0,0,1,0,0,2,0,4,0,0,0,0,0,0,0,0,0,0,0,0,0,3.5219,1
23,16,0,0,2,0,0,2,0,5,0,0,0,0,0,0,1,0,0,0,0,0,0,3.5555,1
19,12,0,0,1,0,0,2,0,4,0,0,0,0,0,0,0,0,0,0,0,0,0,3.6819,1
21,14,0,0,2,0,0,2,0,5,0,0,0,0,0,0,0,0,0,0,0,0,0,3.5585,0
31,24,0,0,2,0,0,2,0,5,1,0,0,0,0,0,0,0,0,0,0,0,0,4.0023,1
22,15,0,0,1,0,0,2,0,4,0,0,0,0,0,0,0,0,0,0,0,0,0,3.6412,1
18,11,0,0,2,0,0,2,0,5,1,0,0,0,0,0,0,0,0,0,0,0,0,3.4613,1
27,20,0,0,2,1,0,2,6,6,1,0,0,0,1,0,0,0,0,0,0,0,0,4.0603,1
18,11,0,0,2,0,0,2,0,5,0,0,0,0,0,0,0,0,0,0,0,0,0,3.4613,0
23,16,0,0,2,0,0,2,0,5,0,0,0,0,0,0,0,0,0,0,0,0,0,3.6212,0
21,14,0,0,2,0,0,2,0,5,1,0,0,0,0,0,0,0,0,0,0,0,0,3.5585,0
24,17,0,0,1,0,0,2,0,4,0,0,0,0,0,0,0,0,0,0,0,0,0,3.9702,1
22,15,0,0,2,0,0,2,0,5,0,0,0,0,0,0,1,0,0,0,0,0,0,3.6635,0
18,11,0,0,2,0,0,2,0,5,0,0,0,0,0,0,0,0,0,0,0,0,0,3.4613,0
27,20,0,0,2,1,0,2,0,6,1,0,0,0,1,0,0,1,0,0,0,0,0,3.9545,1
29,22,0,0,2,0,0,2,0,5,0,0,0,0,0,0,0,0,0,0,0,0,0,3.8664,0
39,32,0,0,2,0,0,2,6,5,1,0,0,0,0,0,0,0,0,0,0,0,0,4.3362,1
20,13,0,0,2,0,0,2,0,5,0,0,0,0,0,0,0,0,0,0,0,0,0,3.4842,1
48,41,0,0,2,0,0,2,4,5,1,0,0,0,0,0,0,0,0,0,0,0,0,4.4605,1
18,11,0,0,2,0,0,2,0,5,0,0,0,0,0,0,0,0,0,0,0,0,0,3.1972,0
13,6,0,0,1,0,0,2,0,4,0,0,0,0,0,0,1,0,0,0,0,0,0,3.1808,1
18,11,0,0,2,0,0,2,0,5,0,0,0,0,0,0,0,0,0,0,0,0,0,3.4613,0
28,21,0,0,3,0,0,2,0,6,1,0,0,0,0,0,0,0,0,0,0,0,0,4.182,0
27,20,0,0,2,0,0,2,0,5,0,0,0,0,0,0,0,0,0,0,0,0,0,4.0603,1
18,11,0,0,2,0,0,2,0,5,1,0,0,0,0,0,0,0,0,0,0,0,0,3.7255,0
13,6,0,0,1,0,0,2,0,4,0,0,0,0,0,0,1,0,0,0,0,0,0,3.1808,1
26,19,0,0,4,0,0,2,0,7,2,0,0,0,0,0,0,0,0,0,0,0,0,3.4557,0
21,14,0,0,1,0,0,2,0,4,0,0,0,0,0,0,0,0,0,0,0,0,0,3.6897,1
21,14,0,0,1,0,0,2,0,4,0,0,0,0,0,0,0,0,0,0,0,0,0,3.6538,1
21,14,0,0,1,1,0,2,0,5,0,0,0,0,1,0,0,0,0,0,0,0,0,4.0114,1
21,14,0,0,3,0,0,2,0,6,1,0,0,0,0,0,0,0,0,0,0,0,0,3.4273,1
25,18,0,0,2,0,0,2,0,5,0,0,0,0,0,0,0,0,0,0,0,0,0,3.6733,0
24,17,0,0,2,1,0,2,0,6,0,0,0,0,1,0,0,0,0,0,0,0,0,3.9702,1
24,17,0,0,2,0,0,2,0,5,0,0,0,0,0,0,0,0,0,0,0,0,0,3.835,0
34,27,0,0,2,2,0,2,1,7,1,0,0,0,1,0,0,0,0,0,0,0,0,4.0653,1
23,16,0,0,1,0,0,2,0,4,0,0,0,0,0,0,1,0,0,0,0,0,0,3.567,1
30,23,0,0,2,0,0,2,0,5,0,0,0,0,0,0,0,0,0,0,0,0,0,3.9232,0
29,22,0,0,1,0,0,2,0,4,0,0,0,0,0,0,0,0,0,0,0,0,0,4.1852,1
26,19,0,0,2,1,0,2,0,6,1,0,0,0,1,0,0,0,0,0,0,0,0,4.1039,1
25,18,0,0,3,0,0,2,0,6,1,0,0,0,0,0,0,0,0,0,0,0,0,3.7231,0
18,11,0,0,2,0,0,2,0,5,0,0,0,0,0,0,0,0,0,0,0,0,0,3.4613,0
43,36,0,0,2,0,0,2,0,5,1,0,0,0,0,0,1,0,0,0,0,0,0,3.8653,1
32,25,0,0,2,0,0,2,0,5,0,0,0,0,0,0,0,0,0,0,0,0,0,4.0778,1
24,17,0,0,3,0,0,2,0,6,1,0,0,0,0,0,0,1,1,0,0,0,0,3.8554,0
24,17,0,0,2,0,0,2,0,5,0,0,0,0,0,0,0,0,0,0,0,0,0,3.6887,0
20,13,0,0,1,1,0,2,0,5,0,0,0,0,1,0,0,0,0,0,0,0,0,3.7842,1
37,30,0,0,3,0,0,2,0,6,2,0,0,0,0,0,0,0,0,0,0,0,0,4.1212,0
24,17,0,0,1,0,0,2,0,4,0,0,0,0,0,0,0,0,0,0,0,0,0,4.0535,1
27,20,0,0,2,0,0,2,0,5,0,0,0,0,0,0,0,0,0,0,0,0,0,3.8842,0
30,23,0,0,2,0,0,2,0,5,1,0,0,0,0,0,0,0,0,0,0,0,0,3.7736,0
31,24,0,0,1,1,0,2,0,5,0,0,0,0,1,0,0,0,0,0,0,0,0,4.0266,1
39,32,0,0,2,0,0,2,0,5,1,0,0,0,0,0,0,0,0,0,0,0,0,4.0672,0
27,20,0,0,1,0,0,2,0,4,0,0,0,0,0,0,0,0,0,0,0,0,0,3.7323,1
23,16,0,0,3,0,0,2,0,6,1,0,0,0,0,0,0,0,0,0,0,0,0,3.6425,0
26,19,0,0,2,1,0,2,5,6,1,0,0,0,1,0,0,0,0,0,0,0,0,4.3158,1
60,53,0,0,6,1,0,2,1,10,5,0,0,0,1,0,0,0,0,0,0,0,0,4.2855,1
28,21,0,0,3,1,0,2,0,7,1,0,0,0,1,0,0,0,0,0,0,0,0,3.9233,0
23,16,0,0,2,0,0,2,0,5,1,0,0,0,0,0,0,0,0,0,0,0,0,3.741,0
28,21,0,0,3,1,0,2,0,7,1,0,0,0,1,0,0,0,0,0,0,0,0,3.9233,0
23,16,0,0,2,0,0,2,0,5,0,0,0,0,0,0,0,0,0,0,0,0,0,3.3603,0
26,19,0,0,2,0,0,2,0,5,0,0,0,0,0,0,0,0,0,0,0,0,0,4.1329,0
24,17,0,0,2,0,0,2,0,5,0,0,0,0,0,0,0,0,0,0,0,0,0,3.7721,0
21,14,0,0,1,1,0,2,0,5,0,0,0,0,1,0,0,0,0,0,0,0,0,3.6538,1
23,16,0,0,3,0,0,2,0,6,1,0,0,0,0,0,0,0,0,0,0,0,0,3.6753,0
18,11,0,0,2,0,0,2,0,5,1,0,0,0,0,0,0,0,0,0,0,0,0,3.7255,0
